dt
0.001
sigma
1.0
epsilon
0.2
pos
0.0 0.0 0.0
0.0 0.0 2.0
0.0 0.0 4.0
0.0 0.0 6.0
0.0 0.0 8.0
0.0 0.0 10.0
0.0 0.0 12.0
0.0 0.0 14.0
0.0 0.0 16.0
0.0 0.0 18.0
0.0 0.0 20.0
0.0 0.0 22.0
0.0 0.0 24.0
0.0 0.0 26.0
0.0 0.0 28.0
0.0 0.0 30.0
0.0 0.0 32.0
0.0 0.0 34.0
0.0 0.0 36.0
0.0 0.0 38.0
0.0 2.0 0.0
0.0 2.0 2.0
0.0 2.0 4.0
0.0 2.0 6.0
0.0 2.0 8.0
0.0 2.0 10.0
0.0 2.0 12.0
0.0 2.0 14.0
0.0 2.0 16.0
0.0 2.0 18.0
0.0 2.0 20.0
0.0 2.0 22.0
0.0 2.0 24.0
0.0 2.0 26.0
0.0 2.0 28.0
0.0 2.0 30.0
0.0 2.0 32.0
0.0 2.0 34.0
0.0 2.0 36.0
0.0 2.0 38.0
0.0 4.0 0.0
0.0 4.0 2.0
0.0 4.0 4.0
0.0 4.0 6.0
0.0 4.0 8.0
0.0 4.0 10.0
0.0 4.0 12.0
0.0 4.0 14.0
0.0 4.0 16.0
0.0 4.0 18.0
0.0 4.0 20.0
0.0 4.0 22.0
0.0 4.0 24.0
0.0 4.0 26.0
0.0 4.0 28.0
0.0 4.0 30.0
0.0 4.0 32.0
0.0 4.0 34.0
0.0 4.0 36.0
0.0 4.0 38.0
0.0 6.0 0.0
0.0 6.0 2.0
0.0 6.0 4.0
0.0 6.0 6.0
0.0 6.0 8.0
0.0 6.0 10.0
0.0 6.0 12.0
0.0 6.0 14.0
0.0 6.0 16.0
0.0 6.0 18.0
0.0 6.0 20.0
0.0 6.0 22.0
0.0 6.0 24.0
0.0 6.0 26.0
0.0 6.0 28.0
0.0 6.0 30.0
0.0 6.0 32.0
0.0 6.0 34.0
0.0 6.0 36.0
0.0 6.0 38.0
0.0 8.0 0.0
0.0 8.0 2.0
0.0 8.0 4.0
0.0 8.0 6.0
0.0 8.0 8.0
0.0 8.0 10.0
0.0 8.0 12.0
0.0 8.0 14.0
0.0 8.0 16.0
0.0 8.0 18.0
0.0 8.0 20.0
0.0 8.0 22.0
0.0 8.0 24.0
0.0 8.0 26.0
0.0 8.0 28.0
0.0 8.0 30.0
0.0 8.0 32.0
0.0 8.0 34.0
0.0 8.0 36.0
0.0 8.0 38.0
0.0 10.0 0.0
0.0 10.0 2.0
0.0 10.0 4.0
0.0 10.0 6.0
0.0 10.0 8.0
0.0 10.0 10.0
0.0 10.0 12.0
0.0 10.0 14.0
0.0 10.0 16.0
0.0 10.0 18.0
0.0 10.0 20.0
0.0 10.0 22.0
0.0 10.0 24.0
0.0 10.0 26.0
0.0 10.0 28.0
0.0 10.0 30.0
0.0 10.0 32.0
0.0 10.0 34.0
0.0 10.0 36.0
0.0 10.0 38.0
0.0 12.0 0.0
0.0 12.0 2.0
0.0 12.0 4.0
0.0 12.0 6.0
0.0 12.0 8.0
0.0 12.0 10.0
0.0 12.0 12.0
0.0 12.0 14.0
0.0 12.0 16.0
0.0 12.0 18.0
0.0 12.0 20.0
0.0 12.0 22.0
0.0 12.0 24.0
0.0 12.0 26.0
0.0 12.0 28.0
0.0 12.0 30.0
0.0 12.0 32.0
0.0 12.0 34.0
0.0 12.0 36.0
0.0 12.0 38.0
0.0 14.0 0.0
0.0 14.0 2.0
0.0 14.0 4.0
0.0 14.0 6.0
0.0 14.0 8.0
0.0 14.0 10.0
0.0 14.0 12.0
0.0 14.0 14.0
0.0 14.0 16.0
0.0 14.0 18.0
0.0 14.0 20.0
0.0 14.0 22.0
0.0 14.0 24.0
0.0 14.0 26.0
0.0 14.0 28.0
0.0 14.0 30.0
0.0 14.0 32.0
0.0 14.0 34.0
0.0 14.0 36.0
0.0 14.0 38.0
0.0 16.0 0.0
0.0 16.0 2.0
0.0 16.0 4.0
0.0 16.0 6.0
0.0 16.0 8.0
0.0 16.0 10.0
0.0 16.0 12.0
0.0 16.0 14.0
0.0 16.0 16.0
0.0 16.0 18.0
0.0 16.0 20.0
0.0 16.0 22.0
0.0 16.0 24.0
0.0 16.0 26.0
0.0 16.0 28.0
0.0 16.0 30.0
0.0 16.0 32.0
0.0 16.0 34.0
0.0 16.0 36.0
0.0 16.0 38.0
0.0 18.0 0.0
0.0 18.0 2.0
0.0 18.0 4.0
0.0 18.0 6.0
0.0 18.0 8.0
0.0 18.0 10.0
0.0 18.0 12.0
0.0 18.0 14.0
0.0 18.0 16.0
0.0 18.0 18.0
0.0 18.0 20.0
0.0 18.0 22.0
0.0 18.0 24.0
0.0 18.0 26.0
0.0 18.0 28.0
0.0 18.0 30.0
0.0 18.0 32.0
0.0 18.0 34.0
0.0 18.0 36.0
0.0 18.0 38.0
0.0 20.0 0.0
0.0 20.0 2.0
0.0 20.0 4.0
0.0 20.0 6.0
0.0 20.0 8.0
0.0 20.0 10.0
0.0 20.0 12.0
0.0 20.0 14.0
0.0 20.0 16.0
0.0 20.0 18.0
0.0 20.0 20.0
0.0 20.0 22.0
0.0 20.0 24.0
0.0 20.0 26.0
0.0 20.0 28.0
0.0 20.0 30.0
0.0 20.0 32.0
0.0 20.0 34.0
0.0 20.0 36.0
0.0 20.0 38.0
0.0 22.0 0.0
0.0 22.0 2.0
0.0 22.0 4.0
0.0 22.0 6.0
0.0 22.0 8.0
0.0 22.0 10.0
0.0 22.0 12.0
0.0 22.0 14.0
0.0 22.0 16.0
0.0 22.0 18.0
0.0 22.0 20.0
0.0 22.0 22.0
0.0 22.0 24.0
0.0 22.0 26.0
0.0 22.0 28.0
0.0 22.0 30.0
0.0 22.0 32.0
0.0 22.0 34.0
0.0 22.0 36.0
0.0 22.0 38.0
0.0 24.0 0.0
0.0 24.0 2.0
0.0 24.0 4.0
0.0 24.0 6.0
0.0 24.0 8.0
0.0 24.0 10.0
0.0 24.0 12.0
0.0 24.0 14.0
0.0 24.0 16.0
0.0 24.0 18.0
0.0 24.0 20.0
0.0 24.0 22.0
0.0 24.0 24.0
0.0 24.0 26.0
0.0 24.0 28.0
0.0 24.0 30.0
0.0 24.0 32.0
0.0 24.0 34.0
0.0 24.0 36.0
0.0 24.0 38.0
0.0 26.0 0.0
0.0 26.0 2.0
0.0 26.0 4.0
0.0 26.0 6.0
0.0 26.0 8.0
0.0 26.0 10.0
0.0 26.0 12.0
0.0 26.0 14.0
0.0 26.0 16.0
0.0 26.0 18.0
0.0 26.0 20.0
0.0 26.0 22.0
0.0 26.0 24.0
0.0 26.0 26.0
0.0 26.0 28.0
0.0 26.0 30.0
0.0 26.0 32.0
0.0 26.0 34.0
0.0 26.0 36.0
0.0 26.0 38.0
0.0 28.0 0.0
0.0 28.0 2.0
0.0 28.0 4.0
0.0 28.0 6.0
0.0 28.0 8.0
0.0 28.0 10.0
0.0 28.0 12.0
0.0 28.0 14.0
0.0 28.0 16.0
0.0 28.0 18.0
0.0 28.0 20.0
0.0 28.0 22.0
0.0 28.0 24.0
0.0 28.0 26.0
0.0 28.0 28.0
0.0 28.0 30.0
0.0 28.0 32.0
0.0 28.0 34.0
0.0 28.0 36.0
0.0 28.0 38.0
0.0 30.0 0.0
0.0 30.0 2.0
0.0 30.0 4.0
0.0 30.0 6.0
0.0 30.0 8.0
0.0 30.0 10.0
0.0 30.0 12.0
0.0 30.0 14.0
0.0 30.0 16.0
0.0 30.0 18.0
0.0 30.0 20.0
0.0 30.0 22.0
0.0 30.0 24.0
0.0 30.0 26.0
0.0 30.0 28.0
0.0 30.0 30.0
0.0 30.0 32.0
0.0 30.0 34.0
0.0 30.0 36.0
0.0 30.0 38.0
0.0 32.0 0.0
0.0 32.0 2.0
0.0 32.0 4.0
0.0 32.0 6.0
0.0 32.0 8.0
0.0 32.0 10.0
0.0 32.0 12.0
0.0 32.0 14.0
0.0 32.0 16.0
0.0 32.0 18.0
0.0 32.0 20.0
0.0 32.0 22.0
0.0 32.0 24.0
0.0 32.0 26.0
0.0 32.0 28.0
0.0 32.0 30.0
0.0 32.0 32.0
0.0 32.0 34.0
0.0 32.0 36.0
0.0 32.0 38.0
0.0 34.0 0.0
0.0 34.0 2.0
0.0 34.0 4.0
0.0 34.0 6.0
0.0 34.0 8.0
0.0 34.0 10.0
0.0 34.0 12.0
0.0 34.0 14.0
0.0 34.0 16.0
0.0 34.0 18.0
0.0 34.0 20.0
0.0 34.0 22.0
0.0 34.0 24.0
0.0 34.0 26.0
0.0 34.0 28.0
0.0 34.0 30.0
0.0 34.0 32.0
0.0 34.0 34.0
0.0 34.0 36.0
0.0 34.0 38.0
0.0 36.0 0.0
0.0 36.0 2.0
0.0 36.0 4.0
0.0 36.0 6.0
0.0 36.0 8.0
0.0 36.0 10.0
0.0 36.0 12.0
0.0 36.0 14.0
0.0 36.0 16.0
0.0 36.0 18.0
0.0 36.0 20.0
0.0 36.0 22.0
0.0 36.0 24.0
0.0 36.0 26.0
0.0 36.0 28.0
0.0 36.0 30.0
0.0 36.0 32.0
0.0 36.0 34.0
0.0 36.0 36.0
0.0 36.0 38.0
0.0 38.0 0.0
0.0 38.0 2.0
0.0 38.0 4.0
0.0 38.0 6.0
0.0 38.0 8.0
0.0 38.0 10.0
0.0 38.0 12.0
0.0 38.0 14.0
0.0 38.0 16.0
0.0 38.0 18.0
0.0 38.0 20.0
0.0 38.0 22.0
0.0 38.0 24.0
0.0 38.0 26.0
0.0 38.0 28.0
0.0 38.0 30.0
0.0 38.0 32.0
0.0 38.0 34.0
0.0 38.0 36.0
0.0 38.0 38.0
2.0 0.0 0.0
2.0 0.0 2.0
2.0 0.0 4.0
2.0 0.0 6.0
2.0 0.0 8.0
2.0 0.0 10.0
2.0 0.0 12.0
2.0 0.0 14.0
2.0 0.0 16.0
2.0 0.0 18.0
2.0 0.0 20.0
2.0 0.0 22.0
2.0 0.0 24.0
2.0 0.0 26.0
2.0 0.0 28.0
2.0 0.0 30.0
2.0 0.0 32.0
2.0 0.0 34.0
2.0 0.0 36.0
2.0 0.0 38.0
2.0 2.0 0.0
2.0 2.0 2.0
2.0 2.0 4.0
2.0 2.0 6.0
2.0 2.0 8.0
2.0 2.0 10.0
2.0 2.0 12.0
2.0 2.0 14.0
2.0 2.0 16.0
2.0 2.0 18.0
2.0 2.0 20.0
2.0 2.0 22.0
2.0 2.0 24.0
2.0 2.0 26.0
2.0 2.0 28.0
2.0 2.0 30.0
2.0 2.0 32.0
2.0 2.0 34.0
2.0 2.0 36.0
2.0 2.0 38.0
2.0 4.0 0.0
2.0 4.0 2.0
2.0 4.0 4.0
2.0 4.0 6.0
2.0 4.0 8.0
2.0 4.0 10.0
2.0 4.0 12.0
2.0 4.0 14.0
2.0 4.0 16.0
2.0 4.0 18.0
2.0 4.0 20.0
2.0 4.0 22.0
2.0 4.0 24.0
2.0 4.0 26.0
2.0 4.0 28.0
2.0 4.0 30.0
2.0 4.0 32.0
2.0 4.0 34.0
2.0 4.0 36.0
2.0 4.0 38.0
2.0 6.0 0.0
2.0 6.0 2.0
2.0 6.0 4.0
2.0 6.0 6.0
2.0 6.0 8.0
2.0 6.0 10.0
2.0 6.0 12.0
2.0 6.0 14.0
2.0 6.0 16.0
2.0 6.0 18.0
2.0 6.0 20.0
2.0 6.0 22.0
2.0 6.0 24.0
2.0 6.0 26.0
2.0 6.0 28.0
2.0 6.0 30.0
2.0 6.0 32.0
2.0 6.0 34.0
2.0 6.0 36.0
2.0 6.0 38.0
2.0 8.0 0.0
2.0 8.0 2.0
2.0 8.0 4.0
2.0 8.0 6.0
2.0 8.0 8.0
2.0 8.0 10.0
2.0 8.0 12.0
2.0 8.0 14.0
2.0 8.0 16.0
2.0 8.0 18.0
2.0 8.0 20.0
2.0 8.0 22.0
2.0 8.0 24.0
2.0 8.0 26.0
2.0 8.0 28.0
2.0 8.0 30.0
2.0 8.0 32.0
2.0 8.0 34.0
2.0 8.0 36.0
2.0 8.0 38.0
2.0 10.0 0.0
2.0 10.0 2.0
2.0 10.0 4.0
2.0 10.0 6.0
2.0 10.0 8.0
2.0 10.0 10.0
2.0 10.0 12.0
2.0 10.0 14.0
2.0 10.0 16.0
2.0 10.0 18.0
2.0 10.0 20.0
2.0 10.0 22.0
2.0 10.0 24.0
2.0 10.0 26.0
2.0 10.0 28.0
2.0 10.0 30.0
2.0 10.0 32.0
2.0 10.0 34.0
2.0 10.0 36.0
2.0 10.0 38.0
2.0 12.0 0.0
2.0 12.0 2.0
2.0 12.0 4.0
2.0 12.0 6.0
2.0 12.0 8.0
2.0 12.0 10.0
2.0 12.0 12.0
2.0 12.0 14.0
2.0 12.0 16.0
2.0 12.0 18.0
2.0 12.0 20.0
2.0 12.0 22.0
2.0 12.0 24.0
2.0 12.0 26.0
2.0 12.0 28.0
2.0 12.0 30.0
2.0 12.0 32.0
2.0 12.0 34.0
2.0 12.0 36.0
2.0 12.0 38.0
2.0 14.0 0.0
2.0 14.0 2.0
2.0 14.0 4.0
2.0 14.0 6.0
2.0 14.0 8.0
2.0 14.0 10.0
2.0 14.0 12.0
2.0 14.0 14.0
2.0 14.0 16.0
2.0 14.0 18.0
2.0 14.0 20.0
2.0 14.0 22.0
2.0 14.0 24.0
2.0 14.0 26.0
2.0 14.0 28.0
2.0 14.0 30.0
2.0 14.0 32.0
2.0 14.0 34.0
2.0 14.0 36.0
2.0 14.0 38.0
2.0 16.0 0.0
2.0 16.0 2.0
2.0 16.0 4.0
2.0 16.0 6.0
2.0 16.0 8.0
2.0 16.0 10.0
2.0 16.0 12.0
2.0 16.0 14.0
2.0 16.0 16.0
2.0 16.0 18.0
2.0 16.0 20.0
2.0 16.0 22.0
2.0 16.0 24.0
2.0 16.0 26.0
2.0 16.0 28.0
2.0 16.0 30.0
2.0 16.0 32.0
2.0 16.0 34.0
2.0 16.0 36.0
2.0 16.0 38.0
2.0 18.0 0.0
2.0 18.0 2.0
2.0 18.0 4.0
2.0 18.0 6.0
2.0 18.0 8.0
2.0 18.0 10.0
2.0 18.0 12.0
2.0 18.0 14.0
2.0 18.0 16.0
2.0 18.0 18.0
2.0 18.0 20.0
2.0 18.0 22.0
2.0 18.0 24.0
2.0 18.0 26.0
2.0 18.0 28.0
2.0 18.0 30.0
2.0 18.0 32.0
2.0 18.0 34.0
2.0 18.0 36.0
2.0 18.0 38.0
2.0 20.0 0.0
2.0 20.0 2.0
2.0 20.0 4.0
2.0 20.0 6.0
2.0 20.0 8.0
2.0 20.0 10.0
2.0 20.0 12.0
2.0 20.0 14.0
2.0 20.0 16.0
2.0 20.0 18.0
2.0 20.0 20.0
2.0 20.0 22.0
2.0 20.0 24.0
2.0 20.0 26.0
2.0 20.0 28.0
2.0 20.0 30.0
2.0 20.0 32.0
2.0 20.0 34.0
2.0 20.0 36.0
2.0 20.0 38.0
2.0 22.0 0.0
2.0 22.0 2.0
2.0 22.0 4.0
2.0 22.0 6.0
2.0 22.0 8.0
2.0 22.0 10.0
2.0 22.0 12.0
2.0 22.0 14.0
2.0 22.0 16.0
2.0 22.0 18.0
2.0 22.0 20.0
2.0 22.0 22.0
2.0 22.0 24.0
2.0 22.0 26.0
2.0 22.0 28.0
2.0 22.0 30.0
2.0 22.0 32.0
2.0 22.0 34.0
2.0 22.0 36.0
2.0 22.0 38.0
2.0 24.0 0.0
2.0 24.0 2.0
2.0 24.0 4.0
2.0 24.0 6.0
2.0 24.0 8.0
2.0 24.0 10.0
2.0 24.0 12.0
2.0 24.0 14.0
2.0 24.0 16.0
2.0 24.0 18.0
2.0 24.0 20.0
2.0 24.0 22.0
2.0 24.0 24.0
2.0 24.0 26.0
2.0 24.0 28.0
2.0 24.0 30.0
2.0 24.0 32.0
2.0 24.0 34.0
2.0 24.0 36.0
2.0 24.0 38.0
2.0 26.0 0.0
2.0 26.0 2.0
2.0 26.0 4.0
2.0 26.0 6.0
2.0 26.0 8.0
2.0 26.0 10.0
2.0 26.0 12.0
2.0 26.0 14.0
2.0 26.0 16.0
2.0 26.0 18.0
2.0 26.0 20.0
2.0 26.0 22.0
2.0 26.0 24.0
2.0 26.0 26.0
2.0 26.0 28.0
2.0 26.0 30.0
2.0 26.0 32.0
2.0 26.0 34.0
2.0 26.0 36.0
2.0 26.0 38.0
2.0 28.0 0.0
2.0 28.0 2.0
2.0 28.0 4.0
2.0 28.0 6.0
2.0 28.0 8.0
2.0 28.0 10.0
2.0 28.0 12.0
2.0 28.0 14.0
2.0 28.0 16.0
2.0 28.0 18.0
2.0 28.0 20.0
2.0 28.0 22.0
2.0 28.0 24.0
2.0 28.0 26.0
2.0 28.0 28.0
2.0 28.0 30.0
2.0 28.0 32.0
2.0 28.0 34.0
2.0 28.0 36.0
2.0 28.0 38.0
2.0 30.0 0.0
2.0 30.0 2.0
2.0 30.0 4.0
2.0 30.0 6.0
2.0 30.0 8.0
2.0 30.0 10.0
2.0 30.0 12.0
2.0 30.0 14.0
2.0 30.0 16.0
2.0 30.0 18.0
2.0 30.0 20.0
2.0 30.0 22.0
2.0 30.0 24.0
2.0 30.0 26.0
2.0 30.0 28.0
2.0 30.0 30.0
2.0 30.0 32.0
2.0 30.0 34.0
2.0 30.0 36.0
2.0 30.0 38.0
2.0 32.0 0.0
2.0 32.0 2.0
2.0 32.0 4.0
2.0 32.0 6.0
2.0 32.0 8.0
2.0 32.0 10.0
2.0 32.0 12.0
2.0 32.0 14.0
2.0 32.0 16.0
2.0 32.0 18.0
2.0 32.0 20.0
2.0 32.0 22.0
2.0 32.0 24.0
2.0 32.0 26.0
2.0 32.0 28.0
2.0 32.0 30.0
2.0 32.0 32.0
2.0 32.0 34.0
2.0 32.0 36.0
2.0 32.0 38.0
2.0 34.0 0.0
2.0 34.0 2.0
2.0 34.0 4.0
2.0 34.0 6.0
2.0 34.0 8.0
2.0 34.0 10.0
2.0 34.0 12.0
2.0 34.0 14.0
2.0 34.0 16.0
2.0 34.0 18.0
2.0 34.0 20.0
2.0 34.0 22.0
2.0 34.0 24.0
2.0 34.0 26.0
2.0 34.0 28.0
2.0 34.0 30.0
2.0 34.0 32.0
2.0 34.0 34.0
2.0 34.0 36.0
2.0 34.0 38.0
2.0 36.0 0.0
2.0 36.0 2.0
2.0 36.0 4.0
2.0 36.0 6.0
2.0 36.0 8.0
2.0 36.0 10.0
2.0 36.0 12.0
2.0 36.0 14.0
2.0 36.0 16.0
2.0 36.0 18.0
2.0 36.0 20.0
2.0 36.0 22.0
2.0 36.0 24.0
2.0 36.0 26.0
2.0 36.0 28.0
2.0 36.0 30.0
2.0 36.0 32.0
2.0 36.0 34.0
2.0 36.0 36.0
2.0 36.0 38.0
2.0 38.0 0.0
2.0 38.0 2.0
2.0 38.0 4.0
2.0 38.0 6.0
2.0 38.0 8.0
2.0 38.0 10.0
2.0 38.0 12.0
2.0 38.0 14.0
2.0 38.0 16.0
2.0 38.0 18.0
2.0 38.0 20.0
2.0 38.0 22.0
2.0 38.0 24.0
2.0 38.0 26.0
2.0 38.0 28.0
2.0 38.0 30.0
2.0 38.0 32.0
2.0 38.0 34.0
2.0 38.0 36.0
2.0 38.0 38.0
4.0 0.0 0.0
4.0 0.0 2.0
4.0 0.0 4.0
4.0 0.0 6.0
4.0 0.0 8.0
4.0 0.0 10.0
4.0 0.0 12.0
4.0 0.0 14.0
4.0 0.0 16.0
4.0 0.0 18.0
4.0 0.0 20.0
4.0 0.0 22.0
4.0 0.0 24.0
4.0 0.0 26.0
4.0 0.0 28.0
4.0 0.0 30.0
4.0 0.0 32.0
4.0 0.0 34.0
4.0 0.0 36.0
4.0 0.0 38.0
4.0 2.0 0.0
4.0 2.0 2.0
4.0 2.0 4.0
4.0 2.0 6.0
4.0 2.0 8.0
4.0 2.0 10.0
4.0 2.0 12.0
4.0 2.0 14.0
4.0 2.0 16.0
4.0 2.0 18.0
4.0 2.0 20.0
4.0 2.0 22.0
4.0 2.0 24.0
4.0 2.0 26.0
4.0 2.0 28.0
4.0 2.0 30.0
4.0 2.0 32.0
4.0 2.0 34.0
4.0 2.0 36.0
4.0 2.0 38.0
4.0 4.0 0.0
4.0 4.0 2.0
4.0 4.0 4.0
4.0 4.0 6.0
4.0 4.0 8.0
4.0 4.0 10.0
4.0 4.0 12.0
4.0 4.0 14.0
4.0 4.0 16.0
4.0 4.0 18.0
4.0 4.0 20.0
4.0 4.0 22.0
4.0 4.0 24.0
4.0 4.0 26.0
4.0 4.0 28.0
4.0 4.0 30.0
4.0 4.0 32.0
4.0 4.0 34.0
4.0 4.0 36.0
4.0 4.0 38.0
4.0 6.0 0.0
4.0 6.0 2.0
4.0 6.0 4.0
4.0 6.0 6.0
4.0 6.0 8.0
4.0 6.0 10.0
4.0 6.0 12.0
4.0 6.0 14.0
4.0 6.0 16.0
4.0 6.0 18.0
4.0 6.0 20.0
4.0 6.0 22.0
4.0 6.0 24.0
4.0 6.0 26.0
4.0 6.0 28.0
4.0 6.0 30.0
4.0 6.0 32.0
4.0 6.0 34.0
4.0 6.0 36.0
4.0 6.0 38.0
4.0 8.0 0.0
4.0 8.0 2.0
4.0 8.0 4.0
4.0 8.0 6.0
4.0 8.0 8.0
4.0 8.0 10.0
4.0 8.0 12.0
4.0 8.0 14.0
4.0 8.0 16.0
4.0 8.0 18.0
4.0 8.0 20.0
4.0 8.0 22.0
4.0 8.0 24.0
4.0 8.0 26.0
4.0 8.0 28.0
4.0 8.0 30.0
4.0 8.0 32.0
4.0 8.0 34.0
4.0 8.0 36.0
4.0 8.0 38.0
4.0 10.0 0.0
4.0 10.0 2.0
4.0 10.0 4.0
4.0 10.0 6.0
4.0 10.0 8.0
4.0 10.0 10.0
4.0 10.0 12.0
4.0 10.0 14.0
4.0 10.0 16.0
4.0 10.0 18.0
4.0 10.0 20.0
4.0 10.0 22.0
4.0 10.0 24.0
4.0 10.0 26.0
4.0 10.0 28.0
4.0 10.0 30.0
4.0 10.0 32.0
4.0 10.0 34.0
4.0 10.0 36.0
4.0 10.0 38.0
4.0 12.0 0.0
4.0 12.0 2.0
4.0 12.0 4.0
4.0 12.0 6.0
4.0 12.0 8.0
4.0 12.0 10.0
4.0 12.0 12.0
4.0 12.0 14.0
4.0 12.0 16.0
4.0 12.0 18.0
4.0 12.0 20.0
4.0 12.0 22.0
4.0 12.0 24.0
4.0 12.0 26.0
4.0 12.0 28.0
4.0 12.0 30.0
4.0 12.0 32.0
4.0 12.0 34.0
4.0 12.0 36.0
4.0 12.0 38.0
4.0 14.0 0.0
4.0 14.0 2.0
4.0 14.0 4.0
4.0 14.0 6.0
4.0 14.0 8.0
4.0 14.0 10.0
4.0 14.0 12.0
4.0 14.0 14.0
4.0 14.0 16.0
4.0 14.0 18.0
4.0 14.0 20.0
4.0 14.0 22.0
4.0 14.0 24.0
4.0 14.0 26.0
4.0 14.0 28.0
4.0 14.0 30.0
4.0 14.0 32.0
4.0 14.0 34.0
4.0 14.0 36.0
4.0 14.0 38.0
4.0 16.0 0.0
4.0 16.0 2.0
4.0 16.0 4.0
4.0 16.0 6.0
4.0 16.0 8.0
4.0 16.0 10.0
4.0 16.0 12.0
4.0 16.0 14.0
4.0 16.0 16.0
4.0 16.0 18.0
4.0 16.0 20.0
4.0 16.0 22.0
4.0 16.0 24.0
4.0 16.0 26.0
4.0 16.0 28.0
4.0 16.0 30.0
4.0 16.0 32.0
4.0 16.0 34.0
4.0 16.0 36.0
4.0 16.0 38.0
4.0 18.0 0.0
4.0 18.0 2.0
4.0 18.0 4.0
4.0 18.0 6.0
4.0 18.0 8.0
4.0 18.0 10.0
4.0 18.0 12.0
4.0 18.0 14.0
4.0 18.0 16.0
4.0 18.0 18.0
4.0 18.0 20.0
4.0 18.0 22.0
4.0 18.0 24.0
4.0 18.0 26.0
4.0 18.0 28.0
4.0 18.0 30.0
4.0 18.0 32.0
4.0 18.0 34.0
4.0 18.0 36.0
4.0 18.0 38.0
4.0 20.0 0.0
4.0 20.0 2.0
4.0 20.0 4.0
4.0 20.0 6.0
4.0 20.0 8.0
4.0 20.0 10.0
4.0 20.0 12.0
4.0 20.0 14.0
4.0 20.0 16.0
4.0 20.0 18.0
4.0 20.0 20.0
4.0 20.0 22.0
4.0 20.0 24.0
4.0 20.0 26.0
4.0 20.0 28.0
4.0 20.0 30.0
4.0 20.0 32.0
4.0 20.0 34.0
4.0 20.0 36.0
4.0 20.0 38.0
4.0 22.0 0.0
4.0 22.0 2.0
4.0 22.0 4.0
4.0 22.0 6.0
4.0 22.0 8.0
4.0 22.0 10.0
4.0 22.0 12.0
4.0 22.0 14.0
4.0 22.0 16.0
4.0 22.0 18.0
4.0 22.0 20.0
4.0 22.0 22.0
4.0 22.0 24.0
4.0 22.0 26.0
4.0 22.0 28.0
4.0 22.0 30.0
4.0 22.0 32.0
4.0 22.0 34.0
4.0 22.0 36.0
4.0 22.0 38.0
4.0 24.0 0.0
4.0 24.0 2.0
4.0 24.0 4.0
4.0 24.0 6.0
4.0 24.0 8.0
4.0 24.0 10.0
4.0 24.0 12.0
4.0 24.0 14.0
4.0 24.0 16.0
4.0 24.0 18.0
4.0 24.0 20.0
4.0 24.0 22.0
4.0 24.0 24.0
4.0 24.0 26.0
4.0 24.0 28.0
4.0 24.0 30.0
4.0 24.0 32.0
4.0 24.0 34.0
4.0 24.0 36.0
4.0 24.0 38.0
4.0 26.0 0.0
4.0 26.0 2.0
4.0 26.0 4.0
4.0 26.0 6.0
4.0 26.0 8.0
4.0 26.0 10.0
4.0 26.0 12.0
4.0 26.0 14.0
4.0 26.0 16.0
4.0 26.0 18.0
4.0 26.0 20.0
4.0 26.0 22.0
4.0 26.0 24.0
4.0 26.0 26.0
4.0 26.0 28.0
4.0 26.0 30.0
4.0 26.0 32.0
4.0 26.0 34.0
4.0 26.0 36.0
4.0 26.0 38.0
4.0 28.0 0.0
4.0 28.0 2.0
4.0 28.0 4.0
4.0 28.0 6.0
4.0 28.0 8.0
4.0 28.0 10.0
4.0 28.0 12.0
4.0 28.0 14.0
4.0 28.0 16.0
4.0 28.0 18.0
4.0 28.0 20.0
4.0 28.0 22.0
4.0 28.0 24.0
4.0 28.0 26.0
4.0 28.0 28.0
4.0 28.0 30.0
4.0 28.0 32.0
4.0 28.0 34.0
4.0 28.0 36.0
4.0 28.0 38.0
4.0 30.0 0.0
4.0 30.0 2.0
4.0 30.0 4.0
4.0 30.0 6.0
4.0 30.0 8.0
4.0 30.0 10.0
4.0 30.0 12.0
4.0 30.0 14.0
4.0 30.0 16.0
4.0 30.0 18.0
4.0 30.0 20.0
4.0 30.0 22.0
4.0 30.0 24.0
4.0 30.0 26.0
4.0 30.0 28.0
4.0 30.0 30.0
4.0 30.0 32.0
4.0 30.0 34.0
4.0 30.0 36.0
4.0 30.0 38.0
4.0 32.0 0.0
4.0 32.0 2.0
4.0 32.0 4.0
4.0 32.0 6.0
4.0 32.0 8.0
4.0 32.0 10.0
4.0 32.0 12.0
4.0 32.0 14.0
4.0 32.0 16.0
4.0 32.0 18.0
4.0 32.0 20.0
4.0 32.0 22.0
4.0 32.0 24.0
4.0 32.0 26.0
4.0 32.0 28.0
4.0 32.0 30.0
4.0 32.0 32.0
4.0 32.0 34.0
4.0 32.0 36.0
4.0 32.0 38.0
4.0 34.0 0.0
4.0 34.0 2.0
4.0 34.0 4.0
4.0 34.0 6.0
4.0 34.0 8.0
4.0 34.0 10.0
4.0 34.0 12.0
4.0 34.0 14.0
4.0 34.0 16.0
4.0 34.0 18.0
4.0 34.0 20.0
4.0 34.0 22.0
4.0 34.0 24.0
4.0 34.0 26.0
4.0 34.0 28.0
4.0 34.0 30.0
4.0 34.0 32.0
4.0 34.0 34.0
4.0 34.0 36.0
4.0 34.0 38.0
4.0 36.0 0.0
4.0 36.0 2.0
4.0 36.0 4.0
4.0 36.0 6.0
4.0 36.0 8.0
4.0 36.0 10.0
4.0 36.0 12.0
4.0 36.0 14.0
4.0 36.0 16.0
4.0 36.0 18.0
4.0 36.0 20.0
4.0 36.0 22.0
4.0 36.0 24.0
4.0 36.0 26.0
4.0 36.0 28.0
4.0 36.0 30.0
4.0 36.0 32.0
4.0 36.0 34.0
4.0 36.0 36.0
4.0 36.0 38.0
4.0 38.0 0.0
4.0 38.0 2.0
4.0 38.0 4.0
4.0 38.0 6.0
4.0 38.0 8.0
4.0 38.0 10.0
4.0 38.0 12.0
4.0 38.0 14.0
4.0 38.0 16.0
4.0 38.0 18.0
4.0 38.0 20.0
4.0 38.0 22.0
4.0 38.0 24.0
4.0 38.0 26.0
4.0 38.0 28.0
4.0 38.0 30.0
4.0 38.0 32.0
4.0 38.0 34.0
4.0 38.0 36.0
4.0 38.0 38.0
6.0 0.0 0.0
6.0 0.0 2.0
6.0 0.0 4.0
6.0 0.0 6.0
6.0 0.0 8.0
6.0 0.0 10.0
6.0 0.0 12.0
6.0 0.0 14.0
6.0 0.0 16.0
6.0 0.0 18.0
6.0 0.0 20.0
6.0 0.0 22.0
6.0 0.0 24.0
6.0 0.0 26.0
6.0 0.0 28.0
6.0 0.0 30.0
6.0 0.0 32.0
6.0 0.0 34.0
6.0 0.0 36.0
6.0 0.0 38.0
6.0 2.0 0.0
6.0 2.0 2.0
6.0 2.0 4.0
6.0 2.0 6.0
6.0 2.0 8.0
6.0 2.0 10.0
6.0 2.0 12.0
6.0 2.0 14.0
6.0 2.0 16.0
6.0 2.0 18.0
6.0 2.0 20.0
6.0 2.0 22.0
6.0 2.0 24.0
6.0 2.0 26.0
6.0 2.0 28.0
6.0 2.0 30.0
6.0 2.0 32.0
6.0 2.0 34.0
6.0 2.0 36.0
6.0 2.0 38.0
6.0 4.0 0.0
6.0 4.0 2.0
6.0 4.0 4.0
6.0 4.0 6.0
6.0 4.0 8.0
6.0 4.0 10.0
6.0 4.0 12.0
6.0 4.0 14.0
6.0 4.0 16.0
6.0 4.0 18.0
6.0 4.0 20.0
6.0 4.0 22.0
6.0 4.0 24.0
6.0 4.0 26.0
6.0 4.0 28.0
6.0 4.0 30.0
6.0 4.0 32.0
6.0 4.0 34.0
6.0 4.0 36.0
6.0 4.0 38.0
6.0 6.0 0.0
6.0 6.0 2.0
6.0 6.0 4.0
6.0 6.0 6.0
6.0 6.0 8.0
6.0 6.0 10.0
6.0 6.0 12.0
6.0 6.0 14.0
6.0 6.0 16.0
6.0 6.0 18.0
6.0 6.0 20.0
6.0 6.0 22.0
6.0 6.0 24.0
6.0 6.0 26.0
6.0 6.0 28.0
6.0 6.0 30.0
6.0 6.0 32.0
6.0 6.0 34.0
6.0 6.0 36.0
6.0 6.0 38.0
6.0 8.0 0.0
6.0 8.0 2.0
6.0 8.0 4.0
6.0 8.0 6.0
6.0 8.0 8.0
6.0 8.0 10.0
6.0 8.0 12.0
6.0 8.0 14.0
6.0 8.0 16.0
6.0 8.0 18.0
6.0 8.0 20.0
6.0 8.0 22.0
6.0 8.0 24.0
6.0 8.0 26.0
6.0 8.0 28.0
6.0 8.0 30.0
6.0 8.0 32.0
6.0 8.0 34.0
6.0 8.0 36.0
6.0 8.0 38.0
6.0 10.0 0.0
6.0 10.0 2.0
6.0 10.0 4.0
6.0 10.0 6.0
6.0 10.0 8.0
6.0 10.0 10.0
6.0 10.0 12.0
6.0 10.0 14.0
6.0 10.0 16.0
6.0 10.0 18.0
6.0 10.0 20.0
6.0 10.0 22.0
6.0 10.0 24.0
6.0 10.0 26.0
6.0 10.0 28.0
6.0 10.0 30.0
6.0 10.0 32.0
6.0 10.0 34.0
6.0 10.0 36.0
6.0 10.0 38.0
6.0 12.0 0.0
6.0 12.0 2.0
6.0 12.0 4.0
6.0 12.0 6.0
6.0 12.0 8.0
6.0 12.0 10.0
6.0 12.0 12.0
6.0 12.0 14.0
6.0 12.0 16.0
6.0 12.0 18.0
6.0 12.0 20.0
6.0 12.0 22.0
6.0 12.0 24.0
6.0 12.0 26.0
6.0 12.0 28.0
6.0 12.0 30.0
6.0 12.0 32.0
6.0 12.0 34.0
6.0 12.0 36.0
6.0 12.0 38.0
6.0 14.0 0.0
6.0 14.0 2.0
6.0 14.0 4.0
6.0 14.0 6.0
6.0 14.0 8.0
6.0 14.0 10.0
6.0 14.0 12.0
6.0 14.0 14.0
6.0 14.0 16.0
6.0 14.0 18.0
6.0 14.0 20.0
6.0 14.0 22.0
6.0 14.0 24.0
6.0 14.0 26.0
6.0 14.0 28.0
6.0 14.0 30.0
6.0 14.0 32.0
6.0 14.0 34.0
6.0 14.0 36.0
6.0 14.0 38.0
6.0 16.0 0.0
6.0 16.0 2.0
6.0 16.0 4.0
6.0 16.0 6.0
6.0 16.0 8.0
6.0 16.0 10.0
6.0 16.0 12.0
6.0 16.0 14.0
6.0 16.0 16.0
6.0 16.0 18.0
6.0 16.0 20.0
6.0 16.0 22.0
6.0 16.0 24.0
6.0 16.0 26.0
6.0 16.0 28.0
6.0 16.0 30.0
6.0 16.0 32.0
6.0 16.0 34.0
6.0 16.0 36.0
6.0 16.0 38.0
6.0 18.0 0.0
6.0 18.0 2.0
6.0 18.0 4.0
6.0 18.0 6.0
6.0 18.0 8.0
6.0 18.0 10.0
6.0 18.0 12.0
6.0 18.0 14.0
6.0 18.0 16.0
6.0 18.0 18.0
6.0 18.0 20.0
6.0 18.0 22.0
6.0 18.0 24.0
6.0 18.0 26.0
6.0 18.0 28.0
6.0 18.0 30.0
6.0 18.0 32.0
6.0 18.0 34.0
6.0 18.0 36.0
6.0 18.0 38.0
6.0 20.0 0.0
6.0 20.0 2.0
6.0 20.0 4.0
6.0 20.0 6.0
6.0 20.0 8.0
6.0 20.0 10.0
6.0 20.0 12.0
6.0 20.0 14.0
6.0 20.0 16.0
6.0 20.0 18.0
6.0 20.0 20.0
6.0 20.0 22.0
6.0 20.0 24.0
6.0 20.0 26.0
6.0 20.0 28.0
6.0 20.0 30.0
6.0 20.0 32.0
6.0 20.0 34.0
6.0 20.0 36.0
6.0 20.0 38.0
6.0 22.0 0.0
6.0 22.0 2.0
6.0 22.0 4.0
6.0 22.0 6.0
6.0 22.0 8.0
6.0 22.0 10.0
6.0 22.0 12.0
6.0 22.0 14.0
6.0 22.0 16.0
6.0 22.0 18.0
6.0 22.0 20.0
6.0 22.0 22.0
6.0 22.0 24.0
6.0 22.0 26.0
6.0 22.0 28.0
6.0 22.0 30.0
6.0 22.0 32.0
6.0 22.0 34.0
6.0 22.0 36.0
6.0 22.0 38.0
6.0 24.0 0.0
6.0 24.0 2.0
6.0 24.0 4.0
6.0 24.0 6.0
6.0 24.0 8.0
6.0 24.0 10.0
6.0 24.0 12.0
6.0 24.0 14.0
6.0 24.0 16.0
6.0 24.0 18.0
6.0 24.0 20.0
6.0 24.0 22.0
6.0 24.0 24.0
6.0 24.0 26.0
6.0 24.0 28.0
6.0 24.0 30.0
6.0 24.0 32.0
6.0 24.0 34.0
6.0 24.0 36.0
6.0 24.0 38.0
6.0 26.0 0.0
6.0 26.0 2.0
6.0 26.0 4.0
6.0 26.0 6.0
6.0 26.0 8.0
6.0 26.0 10.0
6.0 26.0 12.0
6.0 26.0 14.0
6.0 26.0 16.0
6.0 26.0 18.0
6.0 26.0 20.0
6.0 26.0 22.0
6.0 26.0 24.0
6.0 26.0 26.0
6.0 26.0 28.0
6.0 26.0 30.0
6.0 26.0 32.0
6.0 26.0 34.0
6.0 26.0 36.0
6.0 26.0 38.0
6.0 28.0 0.0
6.0 28.0 2.0
6.0 28.0 4.0
6.0 28.0 6.0
6.0 28.0 8.0
6.0 28.0 10.0
6.0 28.0 12.0
6.0 28.0 14.0
6.0 28.0 16.0
6.0 28.0 18.0
6.0 28.0 20.0
6.0 28.0 22.0
6.0 28.0 24.0
6.0 28.0 26.0
6.0 28.0 28.0
6.0 28.0 30.0
6.0 28.0 32.0
6.0 28.0 34.0
6.0 28.0 36.0
6.0 28.0 38.0
6.0 30.0 0.0
6.0 30.0 2.0
6.0 30.0 4.0
6.0 30.0 6.0
6.0 30.0 8.0
6.0 30.0 10.0
6.0 30.0 12.0
6.0 30.0 14.0
6.0 30.0 16.0
6.0 30.0 18.0
6.0 30.0 20.0
6.0 30.0 22.0
6.0 30.0 24.0
6.0 30.0 26.0
6.0 30.0 28.0
6.0 30.0 30.0
6.0 30.0 32.0
6.0 30.0 34.0
6.0 30.0 36.0
6.0 30.0 38.0
6.0 32.0 0.0
6.0 32.0 2.0
6.0 32.0 4.0
6.0 32.0 6.0
6.0 32.0 8.0
6.0 32.0 10.0
6.0 32.0 12.0
6.0 32.0 14.0
6.0 32.0 16.0
6.0 32.0 18.0
6.0 32.0 20.0
6.0 32.0 22.0
6.0 32.0 24.0
6.0 32.0 26.0
6.0 32.0 28.0
6.0 32.0 30.0
6.0 32.0 32.0
6.0 32.0 34.0
6.0 32.0 36.0
6.0 32.0 38.0
6.0 34.0 0.0
6.0 34.0 2.0
6.0 34.0 4.0
6.0 34.0 6.0
6.0 34.0 8.0
6.0 34.0 10.0
6.0 34.0 12.0
6.0 34.0 14.0
6.0 34.0 16.0
6.0 34.0 18.0
6.0 34.0 20.0
6.0 34.0 22.0
6.0 34.0 24.0
6.0 34.0 26.0
6.0 34.0 28.0
6.0 34.0 30.0
6.0 34.0 32.0
6.0 34.0 34.0
6.0 34.0 36.0
6.0 34.0 38.0
6.0 36.0 0.0
6.0 36.0 2.0
6.0 36.0 4.0
6.0 36.0 6.0
6.0 36.0 8.0
6.0 36.0 10.0
6.0 36.0 12.0
6.0 36.0 14.0
6.0 36.0 16.0
6.0 36.0 18.0
6.0 36.0 20.0
6.0 36.0 22.0
6.0 36.0 24.0
6.0 36.0 26.0
6.0 36.0 28.0
6.0 36.0 30.0
6.0 36.0 32.0
6.0 36.0 34.0
6.0 36.0 36.0
6.0 36.0 38.0
6.0 38.0 0.0
6.0 38.0 2.0
6.0 38.0 4.0
6.0 38.0 6.0
6.0 38.0 8.0
6.0 38.0 10.0
6.0 38.0 12.0
6.0 38.0 14.0
6.0 38.0 16.0
6.0 38.0 18.0
6.0 38.0 20.0
6.0 38.0 22.0
6.0 38.0 24.0
6.0 38.0 26.0
6.0 38.0 28.0
6.0 38.0 30.0
6.0 38.0 32.0
6.0 38.0 34.0
6.0 38.0 36.0
6.0 38.0 38.0
8.0 0.0 0.0
8.0 0.0 2.0
8.0 0.0 4.0
8.0 0.0 6.0
8.0 0.0 8.0
8.0 0.0 10.0
8.0 0.0 12.0
8.0 0.0 14.0
8.0 0.0 16.0
8.0 0.0 18.0
8.0 0.0 20.0
8.0 0.0 22.0
8.0 0.0 24.0
8.0 0.0 26.0
8.0 0.0 28.0
8.0 0.0 30.0
8.0 0.0 32.0
8.0 0.0 34.0
8.0 0.0 36.0
8.0 0.0 38.0
8.0 2.0 0.0
8.0 2.0 2.0
8.0 2.0 4.0
8.0 2.0 6.0
8.0 2.0 8.0
8.0 2.0 10.0
8.0 2.0 12.0
8.0 2.0 14.0
8.0 2.0 16.0
8.0 2.0 18.0
8.0 2.0 20.0
8.0 2.0 22.0
8.0 2.0 24.0
8.0 2.0 26.0
8.0 2.0 28.0
8.0 2.0 30.0
8.0 2.0 32.0
8.0 2.0 34.0
8.0 2.0 36.0
8.0 2.0 38.0
8.0 4.0 0.0
8.0 4.0 2.0
8.0 4.0 4.0
8.0 4.0 6.0
8.0 4.0 8.0
8.0 4.0 10.0
8.0 4.0 12.0
8.0 4.0 14.0
8.0 4.0 16.0
8.0 4.0 18.0
8.0 4.0 20.0
8.0 4.0 22.0
8.0 4.0 24.0
8.0 4.0 26.0
8.0 4.0 28.0
8.0 4.0 30.0
8.0 4.0 32.0
8.0 4.0 34.0
8.0 4.0 36.0
8.0 4.0 38.0
8.0 6.0 0.0
8.0 6.0 2.0
8.0 6.0 4.0
8.0 6.0 6.0
8.0 6.0 8.0
8.0 6.0 10.0
8.0 6.0 12.0
8.0 6.0 14.0
8.0 6.0 16.0
8.0 6.0 18.0
8.0 6.0 20.0
8.0 6.0 22.0
8.0 6.0 24.0
8.0 6.0 26.0
8.0 6.0 28.0
8.0 6.0 30.0
8.0 6.0 32.0
8.0 6.0 34.0
8.0 6.0 36.0
8.0 6.0 38.0
8.0 8.0 0.0
8.0 8.0 2.0
8.0 8.0 4.0
8.0 8.0 6.0
8.0 8.0 8.0
8.0 8.0 10.0
8.0 8.0 12.0
8.0 8.0 14.0
8.0 8.0 16.0
8.0 8.0 18.0
8.0 8.0 20.0
8.0 8.0 22.0
8.0 8.0 24.0
8.0 8.0 26.0
8.0 8.0 28.0
8.0 8.0 30.0
8.0 8.0 32.0
8.0 8.0 34.0
8.0 8.0 36.0
8.0 8.0 38.0
8.0 10.0 0.0
8.0 10.0 2.0
8.0 10.0 4.0
8.0 10.0 6.0
8.0 10.0 8.0
8.0 10.0 10.0
8.0 10.0 12.0
8.0 10.0 14.0
8.0 10.0 16.0
8.0 10.0 18.0
8.0 10.0 20.0
8.0 10.0 22.0
8.0 10.0 24.0
8.0 10.0 26.0
8.0 10.0 28.0
8.0 10.0 30.0
8.0 10.0 32.0
8.0 10.0 34.0
8.0 10.0 36.0
8.0 10.0 38.0
8.0 12.0 0.0
8.0 12.0 2.0
8.0 12.0 4.0
8.0 12.0 6.0
8.0 12.0 8.0
8.0 12.0 10.0
8.0 12.0 12.0
8.0 12.0 14.0
8.0 12.0 16.0
8.0 12.0 18.0
8.0 12.0 20.0
8.0 12.0 22.0
8.0 12.0 24.0
8.0 12.0 26.0
8.0 12.0 28.0
8.0 12.0 30.0
8.0 12.0 32.0
8.0 12.0 34.0
8.0 12.0 36.0
8.0 12.0 38.0
8.0 14.0 0.0
8.0 14.0 2.0
8.0 14.0 4.0
8.0 14.0 6.0
8.0 14.0 8.0
8.0 14.0 10.0
8.0 14.0 12.0
8.0 14.0 14.0
8.0 14.0 16.0
8.0 14.0 18.0
8.0 14.0 20.0
8.0 14.0 22.0
8.0 14.0 24.0
8.0 14.0 26.0
8.0 14.0 28.0
8.0 14.0 30.0
8.0 14.0 32.0
8.0 14.0 34.0
8.0 14.0 36.0
8.0 14.0 38.0
8.0 16.0 0.0
8.0 16.0 2.0
8.0 16.0 4.0
8.0 16.0 6.0
8.0 16.0 8.0
8.0 16.0 10.0
8.0 16.0 12.0
8.0 16.0 14.0
8.0 16.0 16.0
8.0 16.0 18.0
8.0 16.0 20.0
8.0 16.0 22.0
8.0 16.0 24.0
8.0 16.0 26.0
8.0 16.0 28.0
8.0 16.0 30.0
8.0 16.0 32.0
8.0 16.0 34.0
8.0 16.0 36.0
8.0 16.0 38.0
8.0 18.0 0.0
8.0 18.0 2.0
8.0 18.0 4.0
8.0 18.0 6.0
8.0 18.0 8.0
8.0 18.0 10.0
8.0 18.0 12.0
8.0 18.0 14.0
8.0 18.0 16.0
8.0 18.0 18.0
8.0 18.0 20.0
8.0 18.0 22.0
8.0 18.0 24.0
8.0 18.0 26.0
8.0 18.0 28.0
8.0 18.0 30.0
8.0 18.0 32.0
8.0 18.0 34.0
8.0 18.0 36.0
8.0 18.0 38.0
8.0 20.0 0.0
8.0 20.0 2.0
8.0 20.0 4.0
8.0 20.0 6.0
8.0 20.0 8.0
8.0 20.0 10.0
8.0 20.0 12.0
8.0 20.0 14.0
8.0 20.0 16.0
8.0 20.0 18.0
8.0 20.0 20.0
8.0 20.0 22.0
8.0 20.0 24.0
8.0 20.0 26.0
8.0 20.0 28.0
8.0 20.0 30.0
8.0 20.0 32.0
8.0 20.0 34.0
8.0 20.0 36.0
8.0 20.0 38.0
8.0 22.0 0.0
8.0 22.0 2.0
8.0 22.0 4.0
8.0 22.0 6.0
8.0 22.0 8.0
8.0 22.0 10.0
8.0 22.0 12.0
8.0 22.0 14.0
8.0 22.0 16.0
8.0 22.0 18.0
8.0 22.0 20.0
8.0 22.0 22.0
8.0 22.0 24.0
8.0 22.0 26.0
8.0 22.0 28.0
8.0 22.0 30.0
8.0 22.0 32.0
8.0 22.0 34.0
8.0 22.0 36.0
8.0 22.0 38.0
8.0 24.0 0.0
8.0 24.0 2.0
8.0 24.0 4.0
8.0 24.0 6.0
8.0 24.0 8.0
8.0 24.0 10.0
8.0 24.0 12.0
8.0 24.0 14.0
8.0 24.0 16.0
8.0 24.0 18.0
8.0 24.0 20.0
8.0 24.0 22.0
8.0 24.0 24.0
8.0 24.0 26.0
8.0 24.0 28.0
8.0 24.0 30.0
8.0 24.0 32.0
8.0 24.0 34.0
8.0 24.0 36.0
8.0 24.0 38.0
8.0 26.0 0.0
8.0 26.0 2.0
8.0 26.0 4.0
8.0 26.0 6.0
8.0 26.0 8.0
8.0 26.0 10.0
8.0 26.0 12.0
8.0 26.0 14.0
8.0 26.0 16.0
8.0 26.0 18.0
8.0 26.0 20.0
8.0 26.0 22.0
8.0 26.0 24.0
8.0 26.0 26.0
8.0 26.0 28.0
8.0 26.0 30.0
8.0 26.0 32.0
8.0 26.0 34.0
8.0 26.0 36.0
8.0 26.0 38.0
8.0 28.0 0.0
8.0 28.0 2.0
8.0 28.0 4.0
8.0 28.0 6.0
8.0 28.0 8.0
8.0 28.0 10.0
8.0 28.0 12.0
8.0 28.0 14.0
8.0 28.0 16.0
8.0 28.0 18.0
8.0 28.0 20.0
8.0 28.0 22.0
8.0 28.0 24.0
8.0 28.0 26.0
8.0 28.0 28.0
8.0 28.0 30.0
8.0 28.0 32.0
8.0 28.0 34.0
8.0 28.0 36.0
8.0 28.0 38.0
8.0 30.0 0.0
8.0 30.0 2.0
8.0 30.0 4.0
8.0 30.0 6.0
8.0 30.0 8.0
8.0 30.0 10.0
8.0 30.0 12.0
8.0 30.0 14.0
8.0 30.0 16.0
8.0 30.0 18.0
8.0 30.0 20.0
8.0 30.0 22.0
8.0 30.0 24.0
8.0 30.0 26.0
8.0 30.0 28.0
8.0 30.0 30.0
8.0 30.0 32.0
8.0 30.0 34.0
8.0 30.0 36.0
8.0 30.0 38.0
8.0 32.0 0.0
8.0 32.0 2.0
8.0 32.0 4.0
8.0 32.0 6.0
8.0 32.0 8.0
8.0 32.0 10.0
8.0 32.0 12.0
8.0 32.0 14.0
8.0 32.0 16.0
8.0 32.0 18.0
8.0 32.0 20.0
8.0 32.0 22.0
8.0 32.0 24.0
8.0 32.0 26.0
8.0 32.0 28.0
8.0 32.0 30.0
8.0 32.0 32.0
8.0 32.0 34.0
8.0 32.0 36.0
8.0 32.0 38.0
8.0 34.0 0.0
8.0 34.0 2.0
8.0 34.0 4.0
8.0 34.0 6.0
8.0 34.0 8.0
8.0 34.0 10.0
8.0 34.0 12.0
8.0 34.0 14.0
8.0 34.0 16.0
8.0 34.0 18.0
8.0 34.0 20.0
8.0 34.0 22.0
8.0 34.0 24.0
8.0 34.0 26.0
8.0 34.0 28.0
8.0 34.0 30.0
8.0 34.0 32.0
8.0 34.0 34.0
8.0 34.0 36.0
8.0 34.0 38.0
8.0 36.0 0.0
8.0 36.0 2.0
8.0 36.0 4.0
8.0 36.0 6.0
8.0 36.0 8.0
8.0 36.0 10.0
8.0 36.0 12.0
8.0 36.0 14.0
8.0 36.0 16.0
8.0 36.0 18.0
8.0 36.0 20.0
8.0 36.0 22.0
8.0 36.0 24.0
8.0 36.0 26.0
8.0 36.0 28.0
8.0 36.0 30.0
8.0 36.0 32.0
8.0 36.0 34.0
8.0 36.0 36.0
8.0 36.0 38.0
8.0 38.0 0.0
8.0 38.0 2.0
8.0 38.0 4.0
8.0 38.0 6.0
8.0 38.0 8.0
8.0 38.0 10.0
8.0 38.0 12.0
8.0 38.0 14.0
8.0 38.0 16.0
8.0 38.0 18.0
8.0 38.0 20.0
8.0 38.0 22.0
8.0 38.0 24.0
8.0 38.0 26.0
8.0 38.0 28.0
8.0 38.0 30.0
8.0 38.0 32.0
8.0 38.0 34.0
8.0 38.0 36.0
8.0 38.0 38.0
10.0 0.0 0.0
10.0 0.0 2.0
10.0 0.0 4.0
10.0 0.0 6.0
10.0 0.0 8.0
10.0 0.0 10.0
10.0 0.0 12.0
10.0 0.0 14.0
10.0 0.0 16.0
10.0 0.0 18.0
10.0 0.0 20.0
10.0 0.0 22.0
10.0 0.0 24.0
10.0 0.0 26.0
10.0 0.0 28.0
10.0 0.0 30.0
10.0 0.0 32.0
10.0 0.0 34.0
10.0 0.0 36.0
10.0 0.0 38.0
10.0 2.0 0.0
10.0 2.0 2.0
10.0 2.0 4.0
10.0 2.0 6.0
10.0 2.0 8.0
10.0 2.0 10.0
10.0 2.0 12.0
10.0 2.0 14.0
10.0 2.0 16.0
10.0 2.0 18.0
10.0 2.0 20.0
10.0 2.0 22.0
10.0 2.0 24.0
10.0 2.0 26.0
10.0 2.0 28.0
10.0 2.0 30.0
10.0 2.0 32.0
10.0 2.0 34.0
10.0 2.0 36.0
10.0 2.0 38.0
10.0 4.0 0.0
10.0 4.0 2.0
10.0 4.0 4.0
10.0 4.0 6.0
10.0 4.0 8.0
10.0 4.0 10.0
10.0 4.0 12.0
10.0 4.0 14.0
10.0 4.0 16.0
10.0 4.0 18.0
10.0 4.0 20.0
10.0 4.0 22.0
10.0 4.0 24.0
10.0 4.0 26.0
10.0 4.0 28.0
10.0 4.0 30.0
10.0 4.0 32.0
10.0 4.0 34.0
10.0 4.0 36.0
10.0 4.0 38.0
10.0 6.0 0.0
10.0 6.0 2.0
10.0 6.0 4.0
10.0 6.0 6.0
10.0 6.0 8.0
10.0 6.0 10.0
10.0 6.0 12.0
10.0 6.0 14.0
10.0 6.0 16.0
10.0 6.0 18.0
10.0 6.0 20.0
10.0 6.0 22.0
10.0 6.0 24.0
10.0 6.0 26.0
10.0 6.0 28.0
10.0 6.0 30.0
10.0 6.0 32.0
10.0 6.0 34.0
10.0 6.0 36.0
10.0 6.0 38.0
10.0 8.0 0.0
10.0 8.0 2.0
10.0 8.0 4.0
10.0 8.0 6.0
10.0 8.0 8.0
10.0 8.0 10.0
10.0 8.0 12.0
10.0 8.0 14.0
10.0 8.0 16.0
10.0 8.0 18.0
10.0 8.0 20.0
10.0 8.0 22.0
10.0 8.0 24.0
10.0 8.0 26.0
10.0 8.0 28.0
10.0 8.0 30.0
10.0 8.0 32.0
10.0 8.0 34.0
10.0 8.0 36.0
10.0 8.0 38.0
10.0 10.0 0.0
10.0 10.0 2.0
10.0 10.0 4.0
10.0 10.0 6.0
10.0 10.0 8.0
10.0 10.0 10.0
10.0 10.0 12.0
10.0 10.0 14.0
10.0 10.0 16.0
10.0 10.0 18.0
10.0 10.0 20.0
10.0 10.0 22.0
10.0 10.0 24.0
10.0 10.0 26.0
10.0 10.0 28.0
10.0 10.0 30.0
10.0 10.0 32.0
10.0 10.0 34.0
10.0 10.0 36.0
10.0 10.0 38.0
10.0 12.0 0.0
10.0 12.0 2.0
10.0 12.0 4.0
10.0 12.0 6.0
10.0 12.0 8.0
10.0 12.0 10.0
10.0 12.0 12.0
10.0 12.0 14.0
10.0 12.0 16.0
10.0 12.0 18.0
10.0 12.0 20.0
10.0 12.0 22.0
10.0 12.0 24.0
10.0 12.0 26.0
10.0 12.0 28.0
10.0 12.0 30.0
10.0 12.0 32.0
10.0 12.0 34.0
10.0 12.0 36.0
10.0 12.0 38.0
10.0 14.0 0.0
10.0 14.0 2.0
10.0 14.0 4.0
10.0 14.0 6.0
10.0 14.0 8.0
10.0 14.0 10.0
10.0 14.0 12.0
10.0 14.0 14.0
10.0 14.0 16.0
10.0 14.0 18.0
10.0 14.0 20.0
10.0 14.0 22.0
10.0 14.0 24.0
10.0 14.0 26.0
10.0 14.0 28.0
10.0 14.0 30.0
10.0 14.0 32.0
10.0 14.0 34.0
10.0 14.0 36.0
10.0 14.0 38.0
10.0 16.0 0.0
10.0 16.0 2.0
10.0 16.0 4.0
10.0 16.0 6.0
10.0 16.0 8.0
10.0 16.0 10.0
10.0 16.0 12.0
10.0 16.0 14.0
10.0 16.0 16.0
10.0 16.0 18.0
10.0 16.0 20.0
10.0 16.0 22.0
10.0 16.0 24.0
10.0 16.0 26.0
10.0 16.0 28.0
10.0 16.0 30.0
10.0 16.0 32.0
10.0 16.0 34.0
10.0 16.0 36.0
10.0 16.0 38.0
10.0 18.0 0.0
10.0 18.0 2.0
10.0 18.0 4.0
10.0 18.0 6.0
10.0 18.0 8.0
10.0 18.0 10.0
10.0 18.0 12.0
10.0 18.0 14.0
10.0 18.0 16.0
10.0 18.0 18.0
10.0 18.0 20.0
10.0 18.0 22.0
10.0 18.0 24.0
10.0 18.0 26.0
10.0 18.0 28.0
10.0 18.0 30.0
10.0 18.0 32.0
10.0 18.0 34.0
10.0 18.0 36.0
10.0 18.0 38.0
10.0 20.0 0.0
10.0 20.0 2.0
10.0 20.0 4.0
10.0 20.0 6.0
10.0 20.0 8.0
10.0 20.0 10.0
10.0 20.0 12.0
10.0 20.0 14.0
10.0 20.0 16.0
10.0 20.0 18.0
10.0 20.0 20.0
10.0 20.0 22.0
10.0 20.0 24.0
10.0 20.0 26.0
10.0 20.0 28.0
10.0 20.0 30.0
10.0 20.0 32.0
10.0 20.0 34.0
10.0 20.0 36.0
10.0 20.0 38.0
10.0 22.0 0.0
10.0 22.0 2.0
10.0 22.0 4.0
10.0 22.0 6.0
10.0 22.0 8.0
10.0 22.0 10.0
10.0 22.0 12.0
10.0 22.0 14.0
10.0 22.0 16.0
10.0 22.0 18.0
10.0 22.0 20.0
10.0 22.0 22.0
10.0 22.0 24.0
10.0 22.0 26.0
10.0 22.0 28.0
10.0 22.0 30.0
10.0 22.0 32.0
10.0 22.0 34.0
10.0 22.0 36.0
10.0 22.0 38.0
10.0 24.0 0.0
10.0 24.0 2.0
10.0 24.0 4.0
10.0 24.0 6.0
10.0 24.0 8.0
10.0 24.0 10.0
10.0 24.0 12.0
10.0 24.0 14.0
10.0 24.0 16.0
10.0 24.0 18.0
10.0 24.0 20.0
10.0 24.0 22.0
10.0 24.0 24.0
10.0 24.0 26.0
10.0 24.0 28.0
10.0 24.0 30.0
10.0 24.0 32.0
10.0 24.0 34.0
10.0 24.0 36.0
10.0 24.0 38.0
10.0 26.0 0.0
10.0 26.0 2.0
10.0 26.0 4.0
10.0 26.0 6.0
10.0 26.0 8.0
10.0 26.0 10.0
10.0 26.0 12.0
10.0 26.0 14.0
10.0 26.0 16.0
10.0 26.0 18.0
10.0 26.0 20.0
10.0 26.0 22.0
10.0 26.0 24.0
10.0 26.0 26.0
10.0 26.0 28.0
10.0 26.0 30.0
10.0 26.0 32.0
10.0 26.0 34.0
10.0 26.0 36.0
10.0 26.0 38.0
10.0 28.0 0.0
10.0 28.0 2.0
10.0 28.0 4.0
10.0 28.0 6.0
10.0 28.0 8.0
10.0 28.0 10.0
10.0 28.0 12.0
10.0 28.0 14.0
10.0 28.0 16.0
10.0 28.0 18.0
10.0 28.0 20.0
10.0 28.0 22.0
10.0 28.0 24.0
10.0 28.0 26.0
10.0 28.0 28.0
10.0 28.0 30.0
10.0 28.0 32.0
10.0 28.0 34.0
10.0 28.0 36.0
10.0 28.0 38.0
10.0 30.0 0.0
10.0 30.0 2.0
10.0 30.0 4.0
10.0 30.0 6.0
10.0 30.0 8.0
10.0 30.0 10.0
10.0 30.0 12.0
10.0 30.0 14.0
10.0 30.0 16.0
10.0 30.0 18.0
10.0 30.0 20.0
10.0 30.0 22.0
10.0 30.0 24.0
10.0 30.0 26.0
10.0 30.0 28.0
10.0 30.0 30.0
10.0 30.0 32.0
10.0 30.0 34.0
10.0 30.0 36.0
10.0 30.0 38.0
10.0 32.0 0.0
10.0 32.0 2.0
10.0 32.0 4.0
10.0 32.0 6.0
10.0 32.0 8.0
10.0 32.0 10.0
10.0 32.0 12.0
10.0 32.0 14.0
10.0 32.0 16.0
10.0 32.0 18.0
10.0 32.0 20.0
10.0 32.0 22.0
10.0 32.0 24.0
10.0 32.0 26.0
10.0 32.0 28.0
10.0 32.0 30.0
10.0 32.0 32.0
10.0 32.0 34.0
10.0 32.0 36.0
10.0 32.0 38.0
10.0 34.0 0.0
10.0 34.0 2.0
10.0 34.0 4.0
10.0 34.0 6.0
10.0 34.0 8.0
10.0 34.0 10.0
10.0 34.0 12.0
10.0 34.0 14.0
10.0 34.0 16.0
10.0 34.0 18.0
10.0 34.0 20.0
10.0 34.0 22.0
10.0 34.0 24.0
10.0 34.0 26.0
10.0 34.0 28.0
10.0 34.0 30.0
10.0 34.0 32.0
10.0 34.0 34.0
10.0 34.0 36.0
10.0 34.0 38.0
10.0 36.0 0.0
10.0 36.0 2.0
10.0 36.0 4.0
10.0 36.0 6.0
10.0 36.0 8.0
10.0 36.0 10.0
10.0 36.0 12.0
10.0 36.0 14.0
10.0 36.0 16.0
10.0 36.0 18.0
10.0 36.0 20.0
10.0 36.0 22.0
10.0 36.0 24.0
10.0 36.0 26.0
10.0 36.0 28.0
10.0 36.0 30.0
10.0 36.0 32.0
10.0 36.0 34.0
10.0 36.0 36.0
10.0 36.0 38.0
10.0 38.0 0.0
10.0 38.0 2.0
10.0 38.0 4.0
10.0 38.0 6.0
10.0 38.0 8.0
10.0 38.0 10.0
10.0 38.0 12.0
10.0 38.0 14.0
10.0 38.0 16.0
10.0 38.0 18.0
10.0 38.0 20.0
10.0 38.0 22.0
10.0 38.0 24.0
10.0 38.0 26.0
10.0 38.0 28.0
10.0 38.0 30.0
10.0 38.0 32.0
10.0 38.0 34.0
10.0 38.0 36.0
10.0 38.0 38.0
12.0 0.0 0.0
12.0 0.0 2.0
12.0 0.0 4.0
12.0 0.0 6.0
12.0 0.0 8.0
12.0 0.0 10.0
12.0 0.0 12.0
12.0 0.0 14.0
12.0 0.0 16.0
12.0 0.0 18.0
12.0 0.0 20.0
12.0 0.0 22.0
12.0 0.0 24.0
12.0 0.0 26.0
12.0 0.0 28.0
12.0 0.0 30.0
12.0 0.0 32.0
12.0 0.0 34.0
12.0 0.0 36.0
12.0 0.0 38.0
12.0 2.0 0.0
12.0 2.0 2.0
12.0 2.0 4.0
12.0 2.0 6.0
12.0 2.0 8.0
12.0 2.0 10.0
12.0 2.0 12.0
12.0 2.0 14.0
12.0 2.0 16.0
12.0 2.0 18.0
12.0 2.0 20.0
12.0 2.0 22.0
12.0 2.0 24.0
12.0 2.0 26.0
12.0 2.0 28.0
12.0 2.0 30.0
12.0 2.0 32.0
12.0 2.0 34.0
12.0 2.0 36.0
12.0 2.0 38.0
12.0 4.0 0.0
12.0 4.0 2.0
12.0 4.0 4.0
12.0 4.0 6.0
12.0 4.0 8.0
12.0 4.0 10.0
12.0 4.0 12.0
12.0 4.0 14.0
12.0 4.0 16.0
12.0 4.0 18.0
12.0 4.0 20.0
12.0 4.0 22.0
12.0 4.0 24.0
12.0 4.0 26.0
12.0 4.0 28.0
12.0 4.0 30.0
12.0 4.0 32.0
12.0 4.0 34.0
12.0 4.0 36.0
12.0 4.0 38.0
12.0 6.0 0.0
12.0 6.0 2.0
12.0 6.0 4.0
12.0 6.0 6.0
12.0 6.0 8.0
12.0 6.0 10.0
12.0 6.0 12.0
12.0 6.0 14.0
12.0 6.0 16.0
12.0 6.0 18.0
12.0 6.0 20.0
12.0 6.0 22.0
12.0 6.0 24.0
12.0 6.0 26.0
12.0 6.0 28.0
12.0 6.0 30.0
12.0 6.0 32.0
12.0 6.0 34.0
12.0 6.0 36.0
12.0 6.0 38.0
12.0 8.0 0.0
12.0 8.0 2.0
12.0 8.0 4.0
12.0 8.0 6.0
12.0 8.0 8.0
12.0 8.0 10.0
12.0 8.0 12.0
12.0 8.0 14.0
12.0 8.0 16.0
12.0 8.0 18.0
12.0 8.0 20.0
12.0 8.0 22.0
12.0 8.0 24.0
12.0 8.0 26.0
12.0 8.0 28.0
12.0 8.0 30.0
12.0 8.0 32.0
12.0 8.0 34.0
12.0 8.0 36.0
12.0 8.0 38.0
12.0 10.0 0.0
12.0 10.0 2.0
12.0 10.0 4.0
12.0 10.0 6.0
12.0 10.0 8.0
12.0 10.0 10.0
12.0 10.0 12.0
12.0 10.0 14.0
12.0 10.0 16.0
12.0 10.0 18.0
12.0 10.0 20.0
12.0 10.0 22.0
12.0 10.0 24.0
12.0 10.0 26.0
12.0 10.0 28.0
12.0 10.0 30.0
12.0 10.0 32.0
12.0 10.0 34.0
12.0 10.0 36.0
12.0 10.0 38.0
12.0 12.0 0.0
12.0 12.0 2.0
12.0 12.0 4.0
12.0 12.0 6.0
12.0 12.0 8.0
12.0 12.0 10.0
12.0 12.0 12.0
12.0 12.0 14.0
12.0 12.0 16.0
12.0 12.0 18.0
12.0 12.0 20.0
12.0 12.0 22.0
12.0 12.0 24.0
12.0 12.0 26.0
12.0 12.0 28.0
12.0 12.0 30.0
12.0 12.0 32.0
12.0 12.0 34.0
12.0 12.0 36.0
12.0 12.0 38.0
12.0 14.0 0.0
12.0 14.0 2.0
12.0 14.0 4.0
12.0 14.0 6.0
12.0 14.0 8.0
12.0 14.0 10.0
12.0 14.0 12.0
12.0 14.0 14.0
12.0 14.0 16.0
12.0 14.0 18.0
12.0 14.0 20.0
12.0 14.0 22.0
12.0 14.0 24.0
12.0 14.0 26.0
12.0 14.0 28.0
12.0 14.0 30.0
12.0 14.0 32.0
12.0 14.0 34.0
12.0 14.0 36.0
12.0 14.0 38.0
12.0 16.0 0.0
12.0 16.0 2.0
12.0 16.0 4.0
12.0 16.0 6.0
12.0 16.0 8.0
12.0 16.0 10.0
12.0 16.0 12.0
12.0 16.0 14.0
12.0 16.0 16.0
12.0 16.0 18.0
12.0 16.0 20.0
12.0 16.0 22.0
12.0 16.0 24.0
12.0 16.0 26.0
12.0 16.0 28.0
12.0 16.0 30.0
12.0 16.0 32.0
12.0 16.0 34.0
12.0 16.0 36.0
12.0 16.0 38.0
12.0 18.0 0.0
12.0 18.0 2.0
12.0 18.0 4.0
12.0 18.0 6.0
12.0 18.0 8.0
12.0 18.0 10.0
12.0 18.0 12.0
12.0 18.0 14.0
12.0 18.0 16.0
12.0 18.0 18.0
12.0 18.0 20.0
12.0 18.0 22.0
12.0 18.0 24.0
12.0 18.0 26.0
12.0 18.0 28.0
12.0 18.0 30.0
12.0 18.0 32.0
12.0 18.0 34.0
12.0 18.0 36.0
12.0 18.0 38.0
12.0 20.0 0.0
12.0 20.0 2.0
12.0 20.0 4.0
12.0 20.0 6.0
12.0 20.0 8.0
12.0 20.0 10.0
12.0 20.0 12.0
12.0 20.0 14.0
12.0 20.0 16.0
12.0 20.0 18.0
12.0 20.0 20.0
12.0 20.0 22.0
12.0 20.0 24.0
12.0 20.0 26.0
12.0 20.0 28.0
12.0 20.0 30.0
12.0 20.0 32.0
12.0 20.0 34.0
12.0 20.0 36.0
12.0 20.0 38.0
12.0 22.0 0.0
12.0 22.0 2.0
12.0 22.0 4.0
12.0 22.0 6.0
12.0 22.0 8.0
12.0 22.0 10.0
12.0 22.0 12.0
12.0 22.0 14.0
12.0 22.0 16.0
12.0 22.0 18.0
12.0 22.0 20.0
12.0 22.0 22.0
12.0 22.0 24.0
12.0 22.0 26.0
12.0 22.0 28.0
12.0 22.0 30.0
12.0 22.0 32.0
12.0 22.0 34.0
12.0 22.0 36.0
12.0 22.0 38.0
12.0 24.0 0.0
12.0 24.0 2.0
12.0 24.0 4.0
12.0 24.0 6.0
12.0 24.0 8.0
12.0 24.0 10.0
12.0 24.0 12.0
12.0 24.0 14.0
12.0 24.0 16.0
12.0 24.0 18.0
12.0 24.0 20.0
12.0 24.0 22.0
12.0 24.0 24.0
12.0 24.0 26.0
12.0 24.0 28.0
12.0 24.0 30.0
12.0 24.0 32.0
12.0 24.0 34.0
12.0 24.0 36.0
12.0 24.0 38.0
12.0 26.0 0.0
12.0 26.0 2.0
12.0 26.0 4.0
12.0 26.0 6.0
12.0 26.0 8.0
12.0 26.0 10.0
12.0 26.0 12.0
12.0 26.0 14.0
12.0 26.0 16.0
12.0 26.0 18.0
12.0 26.0 20.0
12.0 26.0 22.0
12.0 26.0 24.0
12.0 26.0 26.0
12.0 26.0 28.0
12.0 26.0 30.0
12.0 26.0 32.0
12.0 26.0 34.0
12.0 26.0 36.0
12.0 26.0 38.0
12.0 28.0 0.0
12.0 28.0 2.0
12.0 28.0 4.0
12.0 28.0 6.0
12.0 28.0 8.0
12.0 28.0 10.0
12.0 28.0 12.0
12.0 28.0 14.0
12.0 28.0 16.0
12.0 28.0 18.0
12.0 28.0 20.0
12.0 28.0 22.0
12.0 28.0 24.0
12.0 28.0 26.0
12.0 28.0 28.0
12.0 28.0 30.0
12.0 28.0 32.0
12.0 28.0 34.0
12.0 28.0 36.0
12.0 28.0 38.0
12.0 30.0 0.0
12.0 30.0 2.0
12.0 30.0 4.0
12.0 30.0 6.0
12.0 30.0 8.0
12.0 30.0 10.0
12.0 30.0 12.0
12.0 30.0 14.0
12.0 30.0 16.0
12.0 30.0 18.0
12.0 30.0 20.0
12.0 30.0 22.0
12.0 30.0 24.0
12.0 30.0 26.0
12.0 30.0 28.0
12.0 30.0 30.0
12.0 30.0 32.0
12.0 30.0 34.0
12.0 30.0 36.0
12.0 30.0 38.0
12.0 32.0 0.0
12.0 32.0 2.0
12.0 32.0 4.0
12.0 32.0 6.0
12.0 32.0 8.0
12.0 32.0 10.0
12.0 32.0 12.0
12.0 32.0 14.0
12.0 32.0 16.0
12.0 32.0 18.0
12.0 32.0 20.0
12.0 32.0 22.0
12.0 32.0 24.0
12.0 32.0 26.0
12.0 32.0 28.0
12.0 32.0 30.0
12.0 32.0 32.0
12.0 32.0 34.0
12.0 32.0 36.0
12.0 32.0 38.0
12.0 34.0 0.0
12.0 34.0 2.0
12.0 34.0 4.0
12.0 34.0 6.0
12.0 34.0 8.0
12.0 34.0 10.0
12.0 34.0 12.0
12.0 34.0 14.0
12.0 34.0 16.0
12.0 34.0 18.0
12.0 34.0 20.0
12.0 34.0 22.0
12.0 34.0 24.0
12.0 34.0 26.0
12.0 34.0 28.0
12.0 34.0 30.0
12.0 34.0 32.0
12.0 34.0 34.0
12.0 34.0 36.0
12.0 34.0 38.0
12.0 36.0 0.0
12.0 36.0 2.0
12.0 36.0 4.0
12.0 36.0 6.0
12.0 36.0 8.0
12.0 36.0 10.0
12.0 36.0 12.0
12.0 36.0 14.0
12.0 36.0 16.0
12.0 36.0 18.0
12.0 36.0 20.0
12.0 36.0 22.0
12.0 36.0 24.0
12.0 36.0 26.0
12.0 36.0 28.0
12.0 36.0 30.0
12.0 36.0 32.0
12.0 36.0 34.0
12.0 36.0 36.0
12.0 36.0 38.0
12.0 38.0 0.0
12.0 38.0 2.0
12.0 38.0 4.0
12.0 38.0 6.0
12.0 38.0 8.0
12.0 38.0 10.0
12.0 38.0 12.0
12.0 38.0 14.0
12.0 38.0 16.0
12.0 38.0 18.0
12.0 38.0 20.0
12.0 38.0 22.0
12.0 38.0 24.0
12.0 38.0 26.0
12.0 38.0 28.0
12.0 38.0 30.0
12.0 38.0 32.0
12.0 38.0 34.0
12.0 38.0 36.0
12.0 38.0 38.0
14.0 0.0 0.0
14.0 0.0 2.0
14.0 0.0 4.0
14.0 0.0 6.0
14.0 0.0 8.0
14.0 0.0 10.0
14.0 0.0 12.0
14.0 0.0 14.0
14.0 0.0 16.0
14.0 0.0 18.0
14.0 0.0 20.0
14.0 0.0 22.0
14.0 0.0 24.0
14.0 0.0 26.0
14.0 0.0 28.0
14.0 0.0 30.0
14.0 0.0 32.0
14.0 0.0 34.0
14.0 0.0 36.0
14.0 0.0 38.0
14.0 2.0 0.0
14.0 2.0 2.0
14.0 2.0 4.0
14.0 2.0 6.0
14.0 2.0 8.0
14.0 2.0 10.0
14.0 2.0 12.0
14.0 2.0 14.0
14.0 2.0 16.0
14.0 2.0 18.0
14.0 2.0 20.0
14.0 2.0 22.0
14.0 2.0 24.0
14.0 2.0 26.0
14.0 2.0 28.0
14.0 2.0 30.0
14.0 2.0 32.0
14.0 2.0 34.0
14.0 2.0 36.0
14.0 2.0 38.0
14.0 4.0 0.0
14.0 4.0 2.0
14.0 4.0 4.0
14.0 4.0 6.0
14.0 4.0 8.0
14.0 4.0 10.0
14.0 4.0 12.0
14.0 4.0 14.0
14.0 4.0 16.0
14.0 4.0 18.0
14.0 4.0 20.0
14.0 4.0 22.0
14.0 4.0 24.0
14.0 4.0 26.0
14.0 4.0 28.0
14.0 4.0 30.0
14.0 4.0 32.0
14.0 4.0 34.0
14.0 4.0 36.0
14.0 4.0 38.0
14.0 6.0 0.0
14.0 6.0 2.0
14.0 6.0 4.0
14.0 6.0 6.0
14.0 6.0 8.0
14.0 6.0 10.0
14.0 6.0 12.0
14.0 6.0 14.0
14.0 6.0 16.0
14.0 6.0 18.0
14.0 6.0 20.0
14.0 6.0 22.0
14.0 6.0 24.0
14.0 6.0 26.0
14.0 6.0 28.0
14.0 6.0 30.0
14.0 6.0 32.0
14.0 6.0 34.0
14.0 6.0 36.0
14.0 6.0 38.0
14.0 8.0 0.0
14.0 8.0 2.0
14.0 8.0 4.0
14.0 8.0 6.0
14.0 8.0 8.0
14.0 8.0 10.0
14.0 8.0 12.0
14.0 8.0 14.0
14.0 8.0 16.0
14.0 8.0 18.0
14.0 8.0 20.0
14.0 8.0 22.0
14.0 8.0 24.0
14.0 8.0 26.0
14.0 8.0 28.0
14.0 8.0 30.0
14.0 8.0 32.0
14.0 8.0 34.0
14.0 8.0 36.0
14.0 8.0 38.0
14.0 10.0 0.0
14.0 10.0 2.0
14.0 10.0 4.0
14.0 10.0 6.0
14.0 10.0 8.0
14.0 10.0 10.0
14.0 10.0 12.0
14.0 10.0 14.0
14.0 10.0 16.0
14.0 10.0 18.0
14.0 10.0 20.0
14.0 10.0 22.0
14.0 10.0 24.0
14.0 10.0 26.0
14.0 10.0 28.0
14.0 10.0 30.0
14.0 10.0 32.0
14.0 10.0 34.0
14.0 10.0 36.0
14.0 10.0 38.0
14.0 12.0 0.0
14.0 12.0 2.0
14.0 12.0 4.0
14.0 12.0 6.0
14.0 12.0 8.0
14.0 12.0 10.0
14.0 12.0 12.0
14.0 12.0 14.0
14.0 12.0 16.0
14.0 12.0 18.0
14.0 12.0 20.0
14.0 12.0 22.0
14.0 12.0 24.0
14.0 12.0 26.0
14.0 12.0 28.0
14.0 12.0 30.0
14.0 12.0 32.0
14.0 12.0 34.0
14.0 12.0 36.0
14.0 12.0 38.0
14.0 14.0 0.0
14.0 14.0 2.0
14.0 14.0 4.0
14.0 14.0 6.0
14.0 14.0 8.0
14.0 14.0 10.0
14.0 14.0 12.0
14.0 14.0 14.0
14.0 14.0 16.0
14.0 14.0 18.0
14.0 14.0 20.0
14.0 14.0 22.0
14.0 14.0 24.0
14.0 14.0 26.0
14.0 14.0 28.0
14.0 14.0 30.0
14.0 14.0 32.0
14.0 14.0 34.0
14.0 14.0 36.0
14.0 14.0 38.0
14.0 16.0 0.0
14.0 16.0 2.0
14.0 16.0 4.0
14.0 16.0 6.0
14.0 16.0 8.0
14.0 16.0 10.0
14.0 16.0 12.0
14.0 16.0 14.0
14.0 16.0 16.0
14.0 16.0 18.0
14.0 16.0 20.0
14.0 16.0 22.0
14.0 16.0 24.0
14.0 16.0 26.0
14.0 16.0 28.0
14.0 16.0 30.0
14.0 16.0 32.0
14.0 16.0 34.0
14.0 16.0 36.0
14.0 16.0 38.0
14.0 18.0 0.0
14.0 18.0 2.0
14.0 18.0 4.0
14.0 18.0 6.0
14.0 18.0 8.0
14.0 18.0 10.0
14.0 18.0 12.0
14.0 18.0 14.0
14.0 18.0 16.0
14.0 18.0 18.0
14.0 18.0 20.0
14.0 18.0 22.0
14.0 18.0 24.0
14.0 18.0 26.0
14.0 18.0 28.0
14.0 18.0 30.0
14.0 18.0 32.0
14.0 18.0 34.0
14.0 18.0 36.0
14.0 18.0 38.0
14.0 20.0 0.0
14.0 20.0 2.0
14.0 20.0 4.0
14.0 20.0 6.0
14.0 20.0 8.0
14.0 20.0 10.0
14.0 20.0 12.0
14.0 20.0 14.0
14.0 20.0 16.0
14.0 20.0 18.0
14.0 20.0 20.0
14.0 20.0 22.0
14.0 20.0 24.0
14.0 20.0 26.0
14.0 20.0 28.0
14.0 20.0 30.0
14.0 20.0 32.0
14.0 20.0 34.0
14.0 20.0 36.0
14.0 20.0 38.0
14.0 22.0 0.0
14.0 22.0 2.0
14.0 22.0 4.0
14.0 22.0 6.0
14.0 22.0 8.0
14.0 22.0 10.0
14.0 22.0 12.0
14.0 22.0 14.0
14.0 22.0 16.0
14.0 22.0 18.0
14.0 22.0 20.0
14.0 22.0 22.0
14.0 22.0 24.0
14.0 22.0 26.0
14.0 22.0 28.0
14.0 22.0 30.0
14.0 22.0 32.0
14.0 22.0 34.0
14.0 22.0 36.0
14.0 22.0 38.0
14.0 24.0 0.0
14.0 24.0 2.0
14.0 24.0 4.0
14.0 24.0 6.0
14.0 24.0 8.0
14.0 24.0 10.0
14.0 24.0 12.0
14.0 24.0 14.0
14.0 24.0 16.0
14.0 24.0 18.0
14.0 24.0 20.0
14.0 24.0 22.0
14.0 24.0 24.0
14.0 24.0 26.0
14.0 24.0 28.0
14.0 24.0 30.0
14.0 24.0 32.0
14.0 24.0 34.0
14.0 24.0 36.0
14.0 24.0 38.0
14.0 26.0 0.0
14.0 26.0 2.0
14.0 26.0 4.0
14.0 26.0 6.0
14.0 26.0 8.0
14.0 26.0 10.0
14.0 26.0 12.0
14.0 26.0 14.0
14.0 26.0 16.0
14.0 26.0 18.0
14.0 26.0 20.0
14.0 26.0 22.0
14.0 26.0 24.0
14.0 26.0 26.0
14.0 26.0 28.0
14.0 26.0 30.0
14.0 26.0 32.0
14.0 26.0 34.0
14.0 26.0 36.0
14.0 26.0 38.0
14.0 28.0 0.0
14.0 28.0 2.0
14.0 28.0 4.0
14.0 28.0 6.0
14.0 28.0 8.0
14.0 28.0 10.0
14.0 28.0 12.0
14.0 28.0 14.0
14.0 28.0 16.0
14.0 28.0 18.0
14.0 28.0 20.0
14.0 28.0 22.0
14.0 28.0 24.0
14.0 28.0 26.0
14.0 28.0 28.0
14.0 28.0 30.0
14.0 28.0 32.0
14.0 28.0 34.0
14.0 28.0 36.0
14.0 28.0 38.0
14.0 30.0 0.0
14.0 30.0 2.0
14.0 30.0 4.0
14.0 30.0 6.0
14.0 30.0 8.0
14.0 30.0 10.0
14.0 30.0 12.0
14.0 30.0 14.0
14.0 30.0 16.0
14.0 30.0 18.0
14.0 30.0 20.0
14.0 30.0 22.0
14.0 30.0 24.0
14.0 30.0 26.0
14.0 30.0 28.0
14.0 30.0 30.0
14.0 30.0 32.0
14.0 30.0 34.0
14.0 30.0 36.0
14.0 30.0 38.0
14.0 32.0 0.0
14.0 32.0 2.0
14.0 32.0 4.0
14.0 32.0 6.0
14.0 32.0 8.0
14.0 32.0 10.0
14.0 32.0 12.0
14.0 32.0 14.0
14.0 32.0 16.0
14.0 32.0 18.0
14.0 32.0 20.0
14.0 32.0 22.0
14.0 32.0 24.0
14.0 32.0 26.0
14.0 32.0 28.0
14.0 32.0 30.0
14.0 32.0 32.0
14.0 32.0 34.0
14.0 32.0 36.0
14.0 32.0 38.0
14.0 34.0 0.0
14.0 34.0 2.0
14.0 34.0 4.0
14.0 34.0 6.0
14.0 34.0 8.0
14.0 34.0 10.0
14.0 34.0 12.0
14.0 34.0 14.0
14.0 34.0 16.0
14.0 34.0 18.0
14.0 34.0 20.0
14.0 34.0 22.0
14.0 34.0 24.0
14.0 34.0 26.0
14.0 34.0 28.0
14.0 34.0 30.0
14.0 34.0 32.0
14.0 34.0 34.0
14.0 34.0 36.0
14.0 34.0 38.0
14.0 36.0 0.0
14.0 36.0 2.0
14.0 36.0 4.0
14.0 36.0 6.0
14.0 36.0 8.0
14.0 36.0 10.0
14.0 36.0 12.0
14.0 36.0 14.0
14.0 36.0 16.0
14.0 36.0 18.0
14.0 36.0 20.0
14.0 36.0 22.0
14.0 36.0 24.0
14.0 36.0 26.0
14.0 36.0 28.0
14.0 36.0 30.0
14.0 36.0 32.0
14.0 36.0 34.0
14.0 36.0 36.0
14.0 36.0 38.0
14.0 38.0 0.0
14.0 38.0 2.0
14.0 38.0 4.0
14.0 38.0 6.0
14.0 38.0 8.0
14.0 38.0 10.0
14.0 38.0 12.0
14.0 38.0 14.0
14.0 38.0 16.0
14.0 38.0 18.0
14.0 38.0 20.0
14.0 38.0 22.0
14.0 38.0 24.0
14.0 38.0 26.0
14.0 38.0 28.0
14.0 38.0 30.0
14.0 38.0 32.0
14.0 38.0 34.0
14.0 38.0 36.0
14.0 38.0 38.0
16.0 0.0 0.0
16.0 0.0 2.0
16.0 0.0 4.0
16.0 0.0 6.0
16.0 0.0 8.0
16.0 0.0 10.0
16.0 0.0 12.0
16.0 0.0 14.0
16.0 0.0 16.0
16.0 0.0 18.0
16.0 0.0 20.0
16.0 0.0 22.0
16.0 0.0 24.0
16.0 0.0 26.0
16.0 0.0 28.0
16.0 0.0 30.0
16.0 0.0 32.0
16.0 0.0 34.0
16.0 0.0 36.0
16.0 0.0 38.0
16.0 2.0 0.0
16.0 2.0 2.0
16.0 2.0 4.0
16.0 2.0 6.0
16.0 2.0 8.0
16.0 2.0 10.0
16.0 2.0 12.0
16.0 2.0 14.0
16.0 2.0 16.0
16.0 2.0 18.0
16.0 2.0 20.0
16.0 2.0 22.0
16.0 2.0 24.0
16.0 2.0 26.0
16.0 2.0 28.0
16.0 2.0 30.0
16.0 2.0 32.0
16.0 2.0 34.0
16.0 2.0 36.0
16.0 2.0 38.0
16.0 4.0 0.0
16.0 4.0 2.0
16.0 4.0 4.0
16.0 4.0 6.0
16.0 4.0 8.0
16.0 4.0 10.0
16.0 4.0 12.0
16.0 4.0 14.0
16.0 4.0 16.0
16.0 4.0 18.0
16.0 4.0 20.0
16.0 4.0 22.0
16.0 4.0 24.0
16.0 4.0 26.0
16.0 4.0 28.0
16.0 4.0 30.0
16.0 4.0 32.0
16.0 4.0 34.0
16.0 4.0 36.0
16.0 4.0 38.0
16.0 6.0 0.0
16.0 6.0 2.0
16.0 6.0 4.0
16.0 6.0 6.0
16.0 6.0 8.0
16.0 6.0 10.0
16.0 6.0 12.0
16.0 6.0 14.0
16.0 6.0 16.0
16.0 6.0 18.0
16.0 6.0 20.0
16.0 6.0 22.0
16.0 6.0 24.0
16.0 6.0 26.0
16.0 6.0 28.0
16.0 6.0 30.0
16.0 6.0 32.0
16.0 6.0 34.0
16.0 6.0 36.0
16.0 6.0 38.0
16.0 8.0 0.0
16.0 8.0 2.0
16.0 8.0 4.0
16.0 8.0 6.0
16.0 8.0 8.0
16.0 8.0 10.0
16.0 8.0 12.0
16.0 8.0 14.0
16.0 8.0 16.0
16.0 8.0 18.0
16.0 8.0 20.0
16.0 8.0 22.0
16.0 8.0 24.0
16.0 8.0 26.0
16.0 8.0 28.0
16.0 8.0 30.0
16.0 8.0 32.0
16.0 8.0 34.0
16.0 8.0 36.0
16.0 8.0 38.0
16.0 10.0 0.0
16.0 10.0 2.0
16.0 10.0 4.0
16.0 10.0 6.0
16.0 10.0 8.0
16.0 10.0 10.0
16.0 10.0 12.0
16.0 10.0 14.0
16.0 10.0 16.0
16.0 10.0 18.0
16.0 10.0 20.0
16.0 10.0 22.0
16.0 10.0 24.0
16.0 10.0 26.0
16.0 10.0 28.0
16.0 10.0 30.0
16.0 10.0 32.0
16.0 10.0 34.0
16.0 10.0 36.0
16.0 10.0 38.0
16.0 12.0 0.0
16.0 12.0 2.0
16.0 12.0 4.0
16.0 12.0 6.0
16.0 12.0 8.0
16.0 12.0 10.0
16.0 12.0 12.0
16.0 12.0 14.0
16.0 12.0 16.0
16.0 12.0 18.0
16.0 12.0 20.0
16.0 12.0 22.0
16.0 12.0 24.0
16.0 12.0 26.0
16.0 12.0 28.0
16.0 12.0 30.0
16.0 12.0 32.0
16.0 12.0 34.0
16.0 12.0 36.0
16.0 12.0 38.0
16.0 14.0 0.0
16.0 14.0 2.0
16.0 14.0 4.0
16.0 14.0 6.0
16.0 14.0 8.0
16.0 14.0 10.0
16.0 14.0 12.0
16.0 14.0 14.0
16.0 14.0 16.0
16.0 14.0 18.0
16.0 14.0 20.0
16.0 14.0 22.0
16.0 14.0 24.0
16.0 14.0 26.0
16.0 14.0 28.0
16.0 14.0 30.0
16.0 14.0 32.0
16.0 14.0 34.0
16.0 14.0 36.0
16.0 14.0 38.0
16.0 16.0 0.0
16.0 16.0 2.0
16.0 16.0 4.0
16.0 16.0 6.0
16.0 16.0 8.0
16.0 16.0 10.0
16.0 16.0 12.0
16.0 16.0 14.0
16.0 16.0 16.0
16.0 16.0 18.0
16.0 16.0 20.0
16.0 16.0 22.0
16.0 16.0 24.0
16.0 16.0 26.0
16.0 16.0 28.0
16.0 16.0 30.0
16.0 16.0 32.0
16.0 16.0 34.0
16.0 16.0 36.0
16.0 16.0 38.0
16.0 18.0 0.0
16.0 18.0 2.0
16.0 18.0 4.0
16.0 18.0 6.0
16.0 18.0 8.0
16.0 18.0 10.0
16.0 18.0 12.0
16.0 18.0 14.0
16.0 18.0 16.0
16.0 18.0 18.0
16.0 18.0 20.0
16.0 18.0 22.0
16.0 18.0 24.0
16.0 18.0 26.0
16.0 18.0 28.0
16.0 18.0 30.0
16.0 18.0 32.0
16.0 18.0 34.0
16.0 18.0 36.0
16.0 18.0 38.0
16.0 20.0 0.0
16.0 20.0 2.0
16.0 20.0 4.0
16.0 20.0 6.0
16.0 20.0 8.0
16.0 20.0 10.0
16.0 20.0 12.0
16.0 20.0 14.0
16.0 20.0 16.0
16.0 20.0 18.0
16.0 20.0 20.0
16.0 20.0 22.0
16.0 20.0 24.0
16.0 20.0 26.0
16.0 20.0 28.0
16.0 20.0 30.0
16.0 20.0 32.0
16.0 20.0 34.0
16.0 20.0 36.0
16.0 20.0 38.0
16.0 22.0 0.0
16.0 22.0 2.0
16.0 22.0 4.0
16.0 22.0 6.0
16.0 22.0 8.0
16.0 22.0 10.0
16.0 22.0 12.0
16.0 22.0 14.0
16.0 22.0 16.0
16.0 22.0 18.0
16.0 22.0 20.0
16.0 22.0 22.0
16.0 22.0 24.0
16.0 22.0 26.0
16.0 22.0 28.0
16.0 22.0 30.0
16.0 22.0 32.0
16.0 22.0 34.0
16.0 22.0 36.0
16.0 22.0 38.0
16.0 24.0 0.0
16.0 24.0 2.0
16.0 24.0 4.0
16.0 24.0 6.0
16.0 24.0 8.0
16.0 24.0 10.0
16.0 24.0 12.0
16.0 24.0 14.0
16.0 24.0 16.0
16.0 24.0 18.0
16.0 24.0 20.0
16.0 24.0 22.0
16.0 24.0 24.0
16.0 24.0 26.0
16.0 24.0 28.0
16.0 24.0 30.0
16.0 24.0 32.0
16.0 24.0 34.0
16.0 24.0 36.0
16.0 24.0 38.0
16.0 26.0 0.0
16.0 26.0 2.0
16.0 26.0 4.0
16.0 26.0 6.0
16.0 26.0 8.0
16.0 26.0 10.0
16.0 26.0 12.0
16.0 26.0 14.0
16.0 26.0 16.0
16.0 26.0 18.0
16.0 26.0 20.0
16.0 26.0 22.0
16.0 26.0 24.0
16.0 26.0 26.0
16.0 26.0 28.0
16.0 26.0 30.0
16.0 26.0 32.0
16.0 26.0 34.0
16.0 26.0 36.0
16.0 26.0 38.0
16.0 28.0 0.0
16.0 28.0 2.0
16.0 28.0 4.0
16.0 28.0 6.0
16.0 28.0 8.0
16.0 28.0 10.0
16.0 28.0 12.0
16.0 28.0 14.0
16.0 28.0 16.0
16.0 28.0 18.0
16.0 28.0 20.0
16.0 28.0 22.0
16.0 28.0 24.0
16.0 28.0 26.0
16.0 28.0 28.0
16.0 28.0 30.0
16.0 28.0 32.0
16.0 28.0 34.0
16.0 28.0 36.0
16.0 28.0 38.0
16.0 30.0 0.0
16.0 30.0 2.0
16.0 30.0 4.0
16.0 30.0 6.0
16.0 30.0 8.0
16.0 30.0 10.0
16.0 30.0 12.0
16.0 30.0 14.0
16.0 30.0 16.0
16.0 30.0 18.0
16.0 30.0 20.0
16.0 30.0 22.0
16.0 30.0 24.0
16.0 30.0 26.0
16.0 30.0 28.0
16.0 30.0 30.0
16.0 30.0 32.0
16.0 30.0 34.0
16.0 30.0 36.0
16.0 30.0 38.0
16.0 32.0 0.0
16.0 32.0 2.0
16.0 32.0 4.0
16.0 32.0 6.0
16.0 32.0 8.0
16.0 32.0 10.0
16.0 32.0 12.0
16.0 32.0 14.0
16.0 32.0 16.0
16.0 32.0 18.0
16.0 32.0 20.0
16.0 32.0 22.0
16.0 32.0 24.0
16.0 32.0 26.0
16.0 32.0 28.0
16.0 32.0 30.0
16.0 32.0 32.0
16.0 32.0 34.0
16.0 32.0 36.0
16.0 32.0 38.0
16.0 34.0 0.0
16.0 34.0 2.0
16.0 34.0 4.0
16.0 34.0 6.0
16.0 34.0 8.0
16.0 34.0 10.0
16.0 34.0 12.0
16.0 34.0 14.0
16.0 34.0 16.0
16.0 34.0 18.0
16.0 34.0 20.0
16.0 34.0 22.0
16.0 34.0 24.0
16.0 34.0 26.0
16.0 34.0 28.0
16.0 34.0 30.0
16.0 34.0 32.0
16.0 34.0 34.0
16.0 34.0 36.0
16.0 34.0 38.0
16.0 36.0 0.0
16.0 36.0 2.0
16.0 36.0 4.0
16.0 36.0 6.0
16.0 36.0 8.0
16.0 36.0 10.0
16.0 36.0 12.0
16.0 36.0 14.0
16.0 36.0 16.0
16.0 36.0 18.0
16.0 36.0 20.0
16.0 36.0 22.0
16.0 36.0 24.0
16.0 36.0 26.0
16.0 36.0 28.0
16.0 36.0 30.0
16.0 36.0 32.0
16.0 36.0 34.0
16.0 36.0 36.0
16.0 36.0 38.0
16.0 38.0 0.0
16.0 38.0 2.0
16.0 38.0 4.0
16.0 38.0 6.0
16.0 38.0 8.0
16.0 38.0 10.0
16.0 38.0 12.0
16.0 38.0 14.0
16.0 38.0 16.0
16.0 38.0 18.0
16.0 38.0 20.0
16.0 38.0 22.0
16.0 38.0 24.0
16.0 38.0 26.0
16.0 38.0 28.0
16.0 38.0 30.0
16.0 38.0 32.0
16.0 38.0 34.0
16.0 38.0 36.0
16.0 38.0 38.0
18.0 0.0 0.0
18.0 0.0 2.0
18.0 0.0 4.0
18.0 0.0 6.0
18.0 0.0 8.0
18.0 0.0 10.0
18.0 0.0 12.0
18.0 0.0 14.0
18.0 0.0 16.0
18.0 0.0 18.0
18.0 0.0 20.0
18.0 0.0 22.0
18.0 0.0 24.0
18.0 0.0 26.0
18.0 0.0 28.0
18.0 0.0 30.0
18.0 0.0 32.0
18.0 0.0 34.0
18.0 0.0 36.0
18.0 0.0 38.0
18.0 2.0 0.0
18.0 2.0 2.0
18.0 2.0 4.0
18.0 2.0 6.0
18.0 2.0 8.0
18.0 2.0 10.0
18.0 2.0 12.0
18.0 2.0 14.0
18.0 2.0 16.0
18.0 2.0 18.0
18.0 2.0 20.0
18.0 2.0 22.0
18.0 2.0 24.0
18.0 2.0 26.0
18.0 2.0 28.0
18.0 2.0 30.0
18.0 2.0 32.0
18.0 2.0 34.0
18.0 2.0 36.0
18.0 2.0 38.0
18.0 4.0 0.0
18.0 4.0 2.0
18.0 4.0 4.0
18.0 4.0 6.0
18.0 4.0 8.0
18.0 4.0 10.0
18.0 4.0 12.0
18.0 4.0 14.0
18.0 4.0 16.0
18.0 4.0 18.0
18.0 4.0 20.0
18.0 4.0 22.0
18.0 4.0 24.0
18.0 4.0 26.0
18.0 4.0 28.0
18.0 4.0 30.0
18.0 4.0 32.0
18.0 4.0 34.0
18.0 4.0 36.0
18.0 4.0 38.0
18.0 6.0 0.0
18.0 6.0 2.0
18.0 6.0 4.0
18.0 6.0 6.0
18.0 6.0 8.0
18.0 6.0 10.0
18.0 6.0 12.0
18.0 6.0 14.0
18.0 6.0 16.0
18.0 6.0 18.0
18.0 6.0 20.0
18.0 6.0 22.0
18.0 6.0 24.0
18.0 6.0 26.0
18.0 6.0 28.0
18.0 6.0 30.0
18.0 6.0 32.0
18.0 6.0 34.0
18.0 6.0 36.0
18.0 6.0 38.0
18.0 8.0 0.0
18.0 8.0 2.0
18.0 8.0 4.0
18.0 8.0 6.0
18.0 8.0 8.0
18.0 8.0 10.0
18.0 8.0 12.0
18.0 8.0 14.0
18.0 8.0 16.0
18.0 8.0 18.0
18.0 8.0 20.0
18.0 8.0 22.0
18.0 8.0 24.0
18.0 8.0 26.0
18.0 8.0 28.0
18.0 8.0 30.0
18.0 8.0 32.0
18.0 8.0 34.0
18.0 8.0 36.0
18.0 8.0 38.0
18.0 10.0 0.0
18.0 10.0 2.0
18.0 10.0 4.0
18.0 10.0 6.0
18.0 10.0 8.0
18.0 10.0 10.0
18.0 10.0 12.0
18.0 10.0 14.0
18.0 10.0 16.0
18.0 10.0 18.0
18.0 10.0 20.0
18.0 10.0 22.0
18.0 10.0 24.0
18.0 10.0 26.0
18.0 10.0 28.0
18.0 10.0 30.0
18.0 10.0 32.0
18.0 10.0 34.0
18.0 10.0 36.0
18.0 10.0 38.0
18.0 12.0 0.0
18.0 12.0 2.0
18.0 12.0 4.0
18.0 12.0 6.0
18.0 12.0 8.0
18.0 12.0 10.0
18.0 12.0 12.0
18.0 12.0 14.0
18.0 12.0 16.0
18.0 12.0 18.0
18.0 12.0 20.0
18.0 12.0 22.0
18.0 12.0 24.0
18.0 12.0 26.0
18.0 12.0 28.0
18.0 12.0 30.0
18.0 12.0 32.0
18.0 12.0 34.0
18.0 12.0 36.0
18.0 12.0 38.0
18.0 14.0 0.0
18.0 14.0 2.0
18.0 14.0 4.0
18.0 14.0 6.0
18.0 14.0 8.0
18.0 14.0 10.0
18.0 14.0 12.0
18.0 14.0 14.0
18.0 14.0 16.0
18.0 14.0 18.0
18.0 14.0 20.0
18.0 14.0 22.0
18.0 14.0 24.0
18.0 14.0 26.0
18.0 14.0 28.0
18.0 14.0 30.0
18.0 14.0 32.0
18.0 14.0 34.0
18.0 14.0 36.0
18.0 14.0 38.0
18.0 16.0 0.0
18.0 16.0 2.0
18.0 16.0 4.0
18.0 16.0 6.0
18.0 16.0 8.0
18.0 16.0 10.0
18.0 16.0 12.0
18.0 16.0 14.0
18.0 16.0 16.0
18.0 16.0 18.0
18.0 16.0 20.0
18.0 16.0 22.0
18.0 16.0 24.0
18.0 16.0 26.0
18.0 16.0 28.0
18.0 16.0 30.0
18.0 16.0 32.0
18.0 16.0 34.0
18.0 16.0 36.0
18.0 16.0 38.0
18.0 18.0 0.0
18.0 18.0 2.0
18.0 18.0 4.0
18.0 18.0 6.0
18.0 18.0 8.0
18.0 18.0 10.0
18.0 18.0 12.0
18.0 18.0 14.0
18.0 18.0 16.0
18.0 18.0 18.0
18.0 18.0 20.0
18.0 18.0 22.0
18.0 18.0 24.0
18.0 18.0 26.0
18.0 18.0 28.0
18.0 18.0 30.0
18.0 18.0 32.0
18.0 18.0 34.0
18.0 18.0 36.0
18.0 18.0 38.0
18.0 20.0 0.0
18.0 20.0 2.0
18.0 20.0 4.0
18.0 20.0 6.0
18.0 20.0 8.0
18.0 20.0 10.0
18.0 20.0 12.0
18.0 20.0 14.0
18.0 20.0 16.0
18.0 20.0 18.0
18.0 20.0 20.0
18.0 20.0 22.0
18.0 20.0 24.0
18.0 20.0 26.0
18.0 20.0 28.0
18.0 20.0 30.0
18.0 20.0 32.0
18.0 20.0 34.0
18.0 20.0 36.0
18.0 20.0 38.0
18.0 22.0 0.0
18.0 22.0 2.0
18.0 22.0 4.0
18.0 22.0 6.0
18.0 22.0 8.0
18.0 22.0 10.0
18.0 22.0 12.0
18.0 22.0 14.0
18.0 22.0 16.0
18.0 22.0 18.0
18.0 22.0 20.0
18.0 22.0 22.0
18.0 22.0 24.0
18.0 22.0 26.0
18.0 22.0 28.0
18.0 22.0 30.0
18.0 22.0 32.0
18.0 22.0 34.0
18.0 22.0 36.0
18.0 22.0 38.0
18.0 24.0 0.0
18.0 24.0 2.0
18.0 24.0 4.0
18.0 24.0 6.0
18.0 24.0 8.0
18.0 24.0 10.0
18.0 24.0 12.0
18.0 24.0 14.0
18.0 24.0 16.0
18.0 24.0 18.0
18.0 24.0 20.0
18.0 24.0 22.0
18.0 24.0 24.0
18.0 24.0 26.0
18.0 24.0 28.0
18.0 24.0 30.0
18.0 24.0 32.0
18.0 24.0 34.0
18.0 24.0 36.0
18.0 24.0 38.0
18.0 26.0 0.0
18.0 26.0 2.0
18.0 26.0 4.0
18.0 26.0 6.0
18.0 26.0 8.0
18.0 26.0 10.0
18.0 26.0 12.0
18.0 26.0 14.0
18.0 26.0 16.0
18.0 26.0 18.0
18.0 26.0 20.0
18.0 26.0 22.0
18.0 26.0 24.0
18.0 26.0 26.0
18.0 26.0 28.0
18.0 26.0 30.0
18.0 26.0 32.0
18.0 26.0 34.0
18.0 26.0 36.0
18.0 26.0 38.0
18.0 28.0 0.0
18.0 28.0 2.0
18.0 28.0 4.0
18.0 28.0 6.0
18.0 28.0 8.0
18.0 28.0 10.0
18.0 28.0 12.0
18.0 28.0 14.0
18.0 28.0 16.0
18.0 28.0 18.0
18.0 28.0 20.0
18.0 28.0 22.0
18.0 28.0 24.0
18.0 28.0 26.0
18.0 28.0 28.0
18.0 28.0 30.0
18.0 28.0 32.0
18.0 28.0 34.0
18.0 28.0 36.0
18.0 28.0 38.0
18.0 30.0 0.0
18.0 30.0 2.0
18.0 30.0 4.0
18.0 30.0 6.0
18.0 30.0 8.0
18.0 30.0 10.0
18.0 30.0 12.0
18.0 30.0 14.0
18.0 30.0 16.0
18.0 30.0 18.0
18.0 30.0 20.0
18.0 30.0 22.0
18.0 30.0 24.0
18.0 30.0 26.0
18.0 30.0 28.0
18.0 30.0 30.0
18.0 30.0 32.0
18.0 30.0 34.0
18.0 30.0 36.0
18.0 30.0 38.0
18.0 32.0 0.0
18.0 32.0 2.0
18.0 32.0 4.0
18.0 32.0 6.0
18.0 32.0 8.0
18.0 32.0 10.0
18.0 32.0 12.0
18.0 32.0 14.0
18.0 32.0 16.0
18.0 32.0 18.0
18.0 32.0 20.0
18.0 32.0 22.0
18.0 32.0 24.0
18.0 32.0 26.0
18.0 32.0 28.0
18.0 32.0 30.0
18.0 32.0 32.0
18.0 32.0 34.0
18.0 32.0 36.0
18.0 32.0 38.0
18.0 34.0 0.0
18.0 34.0 2.0
18.0 34.0 4.0
18.0 34.0 6.0
18.0 34.0 8.0
18.0 34.0 10.0
18.0 34.0 12.0
18.0 34.0 14.0
18.0 34.0 16.0
18.0 34.0 18.0
18.0 34.0 20.0
18.0 34.0 22.0
18.0 34.0 24.0
18.0 34.0 26.0
18.0 34.0 28.0
18.0 34.0 30.0
18.0 34.0 32.0
18.0 34.0 34.0
18.0 34.0 36.0
18.0 34.0 38.0
18.0 36.0 0.0
18.0 36.0 2.0
18.0 36.0 4.0
18.0 36.0 6.0
18.0 36.0 8.0
18.0 36.0 10.0
18.0 36.0 12.0
18.0 36.0 14.0
18.0 36.0 16.0
18.0 36.0 18.0
18.0 36.0 20.0
18.0 36.0 22.0
18.0 36.0 24.0
18.0 36.0 26.0
18.0 36.0 28.0
18.0 36.0 30.0
18.0 36.0 32.0
18.0 36.0 34.0
18.0 36.0 36.0
18.0 36.0 38.0
18.0 38.0 0.0
18.0 38.0 2.0
18.0 38.0 4.0
18.0 38.0 6.0
18.0 38.0 8.0
18.0 38.0 10.0
18.0 38.0 12.0
18.0 38.0 14.0
18.0 38.0 16.0
18.0 38.0 18.0
18.0 38.0 20.0
18.0 38.0 22.0
18.0 38.0 24.0
18.0 38.0 26.0
18.0 38.0 28.0
18.0 38.0 30.0
18.0 38.0 32.0
18.0 38.0 34.0
18.0 38.0 36.0
18.0 38.0 38.0
20.0 0.0 0.0
20.0 0.0 2.0
20.0 0.0 4.0
20.0 0.0 6.0
20.0 0.0 8.0
20.0 0.0 10.0
20.0 0.0 12.0
20.0 0.0 14.0
20.0 0.0 16.0
20.0 0.0 18.0
20.0 0.0 20.0
20.0 0.0 22.0
20.0 0.0 24.0
20.0 0.0 26.0
20.0 0.0 28.0
20.0 0.0 30.0
20.0 0.0 32.0
20.0 0.0 34.0
20.0 0.0 36.0
20.0 0.0 38.0
20.0 2.0 0.0
20.0 2.0 2.0
20.0 2.0 4.0
20.0 2.0 6.0
20.0 2.0 8.0
20.0 2.0 10.0
20.0 2.0 12.0
20.0 2.0 14.0
20.0 2.0 16.0
20.0 2.0 18.0
20.0 2.0 20.0
20.0 2.0 22.0
20.0 2.0 24.0
20.0 2.0 26.0
20.0 2.0 28.0
20.0 2.0 30.0
20.0 2.0 32.0
20.0 2.0 34.0
20.0 2.0 36.0
20.0 2.0 38.0
20.0 4.0 0.0
20.0 4.0 2.0
20.0 4.0 4.0
20.0 4.0 6.0
20.0 4.0 8.0
20.0 4.0 10.0
20.0 4.0 12.0
20.0 4.0 14.0
20.0 4.0 16.0
20.0 4.0 18.0
20.0 4.0 20.0
20.0 4.0 22.0
20.0 4.0 24.0
20.0 4.0 26.0
20.0 4.0 28.0
20.0 4.0 30.0
20.0 4.0 32.0
20.0 4.0 34.0
20.0 4.0 36.0
20.0 4.0 38.0
20.0 6.0 0.0
20.0 6.0 2.0
20.0 6.0 4.0
20.0 6.0 6.0
20.0 6.0 8.0
20.0 6.0 10.0
20.0 6.0 12.0
20.0 6.0 14.0
20.0 6.0 16.0
20.0 6.0 18.0
20.0 6.0 20.0
20.0 6.0 22.0
20.0 6.0 24.0
20.0 6.0 26.0
20.0 6.0 28.0
20.0 6.0 30.0
20.0 6.0 32.0
20.0 6.0 34.0
20.0 6.0 36.0
20.0 6.0 38.0
20.0 8.0 0.0
20.0 8.0 2.0
20.0 8.0 4.0
20.0 8.0 6.0
20.0 8.0 8.0
20.0 8.0 10.0
20.0 8.0 12.0
20.0 8.0 14.0
20.0 8.0 16.0
20.0 8.0 18.0
20.0 8.0 20.0
20.0 8.0 22.0
20.0 8.0 24.0
20.0 8.0 26.0
20.0 8.0 28.0
20.0 8.0 30.0
20.0 8.0 32.0
20.0 8.0 34.0
20.0 8.0 36.0
20.0 8.0 38.0
20.0 10.0 0.0
20.0 10.0 2.0
20.0 10.0 4.0
20.0 10.0 6.0
20.0 10.0 8.0
20.0 10.0 10.0
20.0 10.0 12.0
20.0 10.0 14.0
20.0 10.0 16.0
20.0 10.0 18.0
20.0 10.0 20.0
20.0 10.0 22.0
20.0 10.0 24.0
20.0 10.0 26.0
20.0 10.0 28.0
20.0 10.0 30.0
20.0 10.0 32.0
20.0 10.0 34.0
20.0 10.0 36.0
20.0 10.0 38.0
20.0 12.0 0.0
20.0 12.0 2.0
20.0 12.0 4.0
20.0 12.0 6.0
20.0 12.0 8.0
20.0 12.0 10.0
20.0 12.0 12.0
20.0 12.0 14.0
20.0 12.0 16.0
20.0 12.0 18.0
20.0 12.0 20.0
20.0 12.0 22.0
20.0 12.0 24.0
20.0 12.0 26.0
20.0 12.0 28.0
20.0 12.0 30.0
20.0 12.0 32.0
20.0 12.0 34.0
20.0 12.0 36.0
20.0 12.0 38.0
20.0 14.0 0.0
20.0 14.0 2.0
20.0 14.0 4.0
20.0 14.0 6.0
20.0 14.0 8.0
20.0 14.0 10.0
20.0 14.0 12.0
20.0 14.0 14.0
20.0 14.0 16.0
20.0 14.0 18.0
20.0 14.0 20.0
20.0 14.0 22.0
20.0 14.0 24.0
20.0 14.0 26.0
20.0 14.0 28.0
20.0 14.0 30.0
20.0 14.0 32.0
20.0 14.0 34.0
20.0 14.0 36.0
20.0 14.0 38.0
20.0 16.0 0.0
20.0 16.0 2.0
20.0 16.0 4.0
20.0 16.0 6.0
20.0 16.0 8.0
20.0 16.0 10.0
20.0 16.0 12.0
20.0 16.0 14.0
20.0 16.0 16.0
20.0 16.0 18.0
20.0 16.0 20.0
20.0 16.0 22.0
20.0 16.0 24.0
20.0 16.0 26.0
20.0 16.0 28.0
20.0 16.0 30.0
20.0 16.0 32.0
20.0 16.0 34.0
20.0 16.0 36.0
20.0 16.0 38.0
20.0 18.0 0.0
20.0 18.0 2.0
20.0 18.0 4.0
20.0 18.0 6.0
20.0 18.0 8.0
20.0 18.0 10.0
20.0 18.0 12.0
20.0 18.0 14.0
20.0 18.0 16.0
20.0 18.0 18.0
20.0 18.0 20.0
20.0 18.0 22.0
20.0 18.0 24.0
20.0 18.0 26.0
20.0 18.0 28.0
20.0 18.0 30.0
20.0 18.0 32.0
20.0 18.0 34.0
20.0 18.0 36.0
20.0 18.0 38.0
20.0 20.0 0.0
20.0 20.0 2.0
20.0 20.0 4.0
20.0 20.0 6.0
20.0 20.0 8.0
20.0 20.0 10.0
20.0 20.0 12.0
20.0 20.0 14.0
20.0 20.0 16.0
20.0 20.0 18.0
20.0 20.0 20.0
20.0 20.0 22.0
20.0 20.0 24.0
20.0 20.0 26.0
20.0 20.0 28.0
20.0 20.0 30.0
20.0 20.0 32.0
20.0 20.0 34.0
20.0 20.0 36.0
20.0 20.0 38.0
20.0 22.0 0.0
20.0 22.0 2.0
20.0 22.0 4.0
20.0 22.0 6.0
20.0 22.0 8.0
20.0 22.0 10.0
20.0 22.0 12.0
20.0 22.0 14.0
20.0 22.0 16.0
20.0 22.0 18.0
20.0 22.0 20.0
20.0 22.0 22.0
20.0 22.0 24.0
20.0 22.0 26.0
20.0 22.0 28.0
20.0 22.0 30.0
20.0 22.0 32.0
20.0 22.0 34.0
20.0 22.0 36.0
20.0 22.0 38.0
20.0 24.0 0.0
20.0 24.0 2.0
20.0 24.0 4.0
20.0 24.0 6.0
20.0 24.0 8.0
20.0 24.0 10.0
20.0 24.0 12.0
20.0 24.0 14.0
20.0 24.0 16.0
20.0 24.0 18.0
20.0 24.0 20.0
20.0 24.0 22.0
20.0 24.0 24.0
20.0 24.0 26.0
20.0 24.0 28.0
20.0 24.0 30.0
20.0 24.0 32.0
20.0 24.0 34.0
20.0 24.0 36.0
20.0 24.0 38.0
20.0 26.0 0.0
20.0 26.0 2.0
20.0 26.0 4.0
20.0 26.0 6.0
20.0 26.0 8.0
20.0 26.0 10.0
20.0 26.0 12.0
20.0 26.0 14.0
20.0 26.0 16.0
20.0 26.0 18.0
20.0 26.0 20.0
20.0 26.0 22.0
20.0 26.0 24.0
20.0 26.0 26.0
20.0 26.0 28.0
20.0 26.0 30.0
20.0 26.0 32.0
20.0 26.0 34.0
20.0 26.0 36.0
20.0 26.0 38.0
20.0 28.0 0.0
20.0 28.0 2.0
20.0 28.0 4.0
20.0 28.0 6.0
20.0 28.0 8.0
20.0 28.0 10.0
20.0 28.0 12.0
20.0 28.0 14.0
20.0 28.0 16.0
20.0 28.0 18.0
20.0 28.0 20.0
20.0 28.0 22.0
20.0 28.0 24.0
20.0 28.0 26.0
20.0 28.0 28.0
20.0 28.0 30.0
20.0 28.0 32.0
20.0 28.0 34.0
20.0 28.0 36.0
20.0 28.0 38.0
20.0 30.0 0.0
20.0 30.0 2.0
20.0 30.0 4.0
20.0 30.0 6.0
20.0 30.0 8.0
20.0 30.0 10.0
20.0 30.0 12.0
20.0 30.0 14.0
20.0 30.0 16.0
20.0 30.0 18.0
20.0 30.0 20.0
20.0 30.0 22.0
20.0 30.0 24.0
20.0 30.0 26.0
20.0 30.0 28.0
20.0 30.0 30.0
20.0 30.0 32.0
20.0 30.0 34.0
20.0 30.0 36.0
20.0 30.0 38.0
20.0 32.0 0.0
20.0 32.0 2.0
20.0 32.0 4.0
20.0 32.0 6.0
20.0 32.0 8.0
20.0 32.0 10.0
20.0 32.0 12.0
20.0 32.0 14.0
20.0 32.0 16.0
20.0 32.0 18.0
20.0 32.0 20.0
20.0 32.0 22.0
20.0 32.0 24.0
20.0 32.0 26.0
20.0 32.0 28.0
20.0 32.0 30.0
20.0 32.0 32.0
20.0 32.0 34.0
20.0 32.0 36.0
20.0 32.0 38.0
20.0 34.0 0.0
20.0 34.0 2.0
20.0 34.0 4.0
20.0 34.0 6.0
20.0 34.0 8.0
20.0 34.0 10.0
20.0 34.0 12.0
20.0 34.0 14.0
20.0 34.0 16.0
20.0 34.0 18.0
20.0 34.0 20.0
20.0 34.0 22.0
20.0 34.0 24.0
20.0 34.0 26.0
20.0 34.0 28.0
20.0 34.0 30.0
20.0 34.0 32.0
20.0 34.0 34.0
20.0 34.0 36.0
20.0 34.0 38.0
20.0 36.0 0.0
20.0 36.0 2.0
20.0 36.0 4.0
20.0 36.0 6.0
20.0 36.0 8.0
20.0 36.0 10.0
20.0 36.0 12.0
20.0 36.0 14.0
20.0 36.0 16.0
20.0 36.0 18.0
20.0 36.0 20.0
20.0 36.0 22.0
20.0 36.0 24.0
20.0 36.0 26.0
20.0 36.0 28.0
20.0 36.0 30.0
20.0 36.0 32.0
20.0 36.0 34.0
20.0 36.0 36.0
20.0 36.0 38.0
20.0 38.0 0.0
20.0 38.0 2.0
20.0 38.0 4.0
20.0 38.0 6.0
20.0 38.0 8.0
20.0 38.0 10.0
20.0 38.0 12.0
20.0 38.0 14.0
20.0 38.0 16.0
20.0 38.0 18.0
20.0 38.0 20.0
20.0 38.0 22.0
20.0 38.0 24.0
20.0 38.0 26.0
20.0 38.0 28.0
20.0 38.0 30.0
20.0 38.0 32.0
20.0 38.0 34.0
20.0 38.0 36.0
20.0 38.0 38.0
22.0 0.0 0.0
22.0 0.0 2.0
22.0 0.0 4.0
22.0 0.0 6.0
22.0 0.0 8.0
22.0 0.0 10.0
22.0 0.0 12.0
22.0 0.0 14.0
22.0 0.0 16.0
22.0 0.0 18.0
22.0 0.0 20.0
22.0 0.0 22.0
22.0 0.0 24.0
22.0 0.0 26.0
22.0 0.0 28.0
22.0 0.0 30.0
22.0 0.0 32.0
22.0 0.0 34.0
22.0 0.0 36.0
22.0 0.0 38.0
22.0 2.0 0.0
22.0 2.0 2.0
22.0 2.0 4.0
22.0 2.0 6.0
22.0 2.0 8.0
22.0 2.0 10.0
22.0 2.0 12.0
22.0 2.0 14.0
22.0 2.0 16.0
22.0 2.0 18.0
22.0 2.0 20.0
22.0 2.0 22.0
22.0 2.0 24.0
22.0 2.0 26.0
22.0 2.0 28.0
22.0 2.0 30.0
22.0 2.0 32.0
22.0 2.0 34.0
22.0 2.0 36.0
22.0 2.0 38.0
22.0 4.0 0.0
22.0 4.0 2.0
22.0 4.0 4.0
22.0 4.0 6.0
22.0 4.0 8.0
22.0 4.0 10.0
22.0 4.0 12.0
22.0 4.0 14.0
22.0 4.0 16.0
22.0 4.0 18.0
22.0 4.0 20.0
22.0 4.0 22.0
22.0 4.0 24.0
22.0 4.0 26.0
22.0 4.0 28.0
22.0 4.0 30.0
22.0 4.0 32.0
22.0 4.0 34.0
22.0 4.0 36.0
22.0 4.0 38.0
22.0 6.0 0.0
22.0 6.0 2.0
22.0 6.0 4.0
22.0 6.0 6.0
22.0 6.0 8.0
22.0 6.0 10.0
22.0 6.0 12.0
22.0 6.0 14.0
22.0 6.0 16.0
22.0 6.0 18.0
22.0 6.0 20.0
22.0 6.0 22.0
22.0 6.0 24.0
22.0 6.0 26.0
22.0 6.0 28.0
22.0 6.0 30.0
22.0 6.0 32.0
22.0 6.0 34.0
22.0 6.0 36.0
22.0 6.0 38.0
22.0 8.0 0.0
22.0 8.0 2.0
22.0 8.0 4.0
22.0 8.0 6.0
22.0 8.0 8.0
22.0 8.0 10.0
22.0 8.0 12.0
22.0 8.0 14.0
22.0 8.0 16.0
22.0 8.0 18.0
22.0 8.0 20.0
22.0 8.0 22.0
22.0 8.0 24.0
22.0 8.0 26.0
22.0 8.0 28.0
22.0 8.0 30.0
22.0 8.0 32.0
22.0 8.0 34.0
22.0 8.0 36.0
22.0 8.0 38.0
22.0 10.0 0.0
22.0 10.0 2.0
22.0 10.0 4.0
22.0 10.0 6.0
22.0 10.0 8.0
22.0 10.0 10.0
22.0 10.0 12.0
22.0 10.0 14.0
22.0 10.0 16.0
22.0 10.0 18.0
22.0 10.0 20.0
22.0 10.0 22.0
22.0 10.0 24.0
22.0 10.0 26.0
22.0 10.0 28.0
22.0 10.0 30.0
22.0 10.0 32.0
22.0 10.0 34.0
22.0 10.0 36.0
22.0 10.0 38.0
22.0 12.0 0.0
22.0 12.0 2.0
22.0 12.0 4.0
22.0 12.0 6.0
22.0 12.0 8.0
22.0 12.0 10.0
22.0 12.0 12.0
22.0 12.0 14.0
22.0 12.0 16.0
22.0 12.0 18.0
22.0 12.0 20.0
22.0 12.0 22.0
22.0 12.0 24.0
22.0 12.0 26.0
22.0 12.0 28.0
22.0 12.0 30.0
22.0 12.0 32.0
22.0 12.0 34.0
22.0 12.0 36.0
22.0 12.0 38.0
22.0 14.0 0.0
22.0 14.0 2.0
22.0 14.0 4.0
22.0 14.0 6.0
22.0 14.0 8.0
22.0 14.0 10.0
22.0 14.0 12.0
22.0 14.0 14.0
22.0 14.0 16.0
22.0 14.0 18.0
22.0 14.0 20.0
22.0 14.0 22.0
22.0 14.0 24.0
22.0 14.0 26.0
22.0 14.0 28.0
22.0 14.0 30.0
22.0 14.0 32.0
22.0 14.0 34.0
22.0 14.0 36.0
22.0 14.0 38.0
22.0 16.0 0.0
22.0 16.0 2.0
22.0 16.0 4.0
22.0 16.0 6.0
22.0 16.0 8.0
22.0 16.0 10.0
22.0 16.0 12.0
22.0 16.0 14.0
22.0 16.0 16.0
22.0 16.0 18.0
22.0 16.0 20.0
22.0 16.0 22.0
22.0 16.0 24.0
22.0 16.0 26.0
22.0 16.0 28.0
22.0 16.0 30.0
22.0 16.0 32.0
22.0 16.0 34.0
22.0 16.0 36.0
22.0 16.0 38.0
22.0 18.0 0.0
22.0 18.0 2.0
22.0 18.0 4.0
22.0 18.0 6.0
22.0 18.0 8.0
22.0 18.0 10.0
22.0 18.0 12.0
22.0 18.0 14.0
22.0 18.0 16.0
22.0 18.0 18.0
22.0 18.0 20.0
22.0 18.0 22.0
22.0 18.0 24.0
22.0 18.0 26.0
22.0 18.0 28.0
22.0 18.0 30.0
22.0 18.0 32.0
22.0 18.0 34.0
22.0 18.0 36.0
22.0 18.0 38.0
22.0 20.0 0.0
22.0 20.0 2.0
22.0 20.0 4.0
22.0 20.0 6.0
22.0 20.0 8.0
22.0 20.0 10.0
22.0 20.0 12.0
22.0 20.0 14.0
22.0 20.0 16.0
22.0 20.0 18.0
22.0 20.0 20.0
22.0 20.0 22.0
22.0 20.0 24.0
22.0 20.0 26.0
22.0 20.0 28.0
22.0 20.0 30.0
22.0 20.0 32.0
22.0 20.0 34.0
22.0 20.0 36.0
22.0 20.0 38.0
22.0 22.0 0.0
22.0 22.0 2.0
22.0 22.0 4.0
22.0 22.0 6.0
22.0 22.0 8.0
22.0 22.0 10.0
22.0 22.0 12.0
22.0 22.0 14.0
22.0 22.0 16.0
22.0 22.0 18.0
22.0 22.0 20.0
22.0 22.0 22.0
22.0 22.0 24.0
22.0 22.0 26.0
22.0 22.0 28.0
22.0 22.0 30.0
22.0 22.0 32.0
22.0 22.0 34.0
22.0 22.0 36.0
22.0 22.0 38.0
22.0 24.0 0.0
22.0 24.0 2.0
22.0 24.0 4.0
22.0 24.0 6.0
22.0 24.0 8.0
22.0 24.0 10.0
22.0 24.0 12.0
22.0 24.0 14.0
22.0 24.0 16.0
22.0 24.0 18.0
22.0 24.0 20.0
22.0 24.0 22.0
22.0 24.0 24.0
22.0 24.0 26.0
22.0 24.0 28.0
22.0 24.0 30.0
22.0 24.0 32.0
22.0 24.0 34.0
22.0 24.0 36.0
22.0 24.0 38.0
22.0 26.0 0.0
22.0 26.0 2.0
22.0 26.0 4.0
22.0 26.0 6.0
22.0 26.0 8.0
22.0 26.0 10.0
22.0 26.0 12.0
22.0 26.0 14.0
22.0 26.0 16.0
22.0 26.0 18.0
22.0 26.0 20.0
22.0 26.0 22.0
22.0 26.0 24.0
22.0 26.0 26.0
22.0 26.0 28.0
22.0 26.0 30.0
22.0 26.0 32.0
22.0 26.0 34.0
22.0 26.0 36.0
22.0 26.0 38.0
22.0 28.0 0.0
22.0 28.0 2.0
22.0 28.0 4.0
22.0 28.0 6.0
22.0 28.0 8.0
22.0 28.0 10.0
22.0 28.0 12.0
22.0 28.0 14.0
22.0 28.0 16.0
22.0 28.0 18.0
22.0 28.0 20.0
22.0 28.0 22.0
22.0 28.0 24.0
22.0 28.0 26.0
22.0 28.0 28.0
22.0 28.0 30.0
22.0 28.0 32.0
22.0 28.0 34.0
22.0 28.0 36.0
22.0 28.0 38.0
22.0 30.0 0.0
22.0 30.0 2.0
22.0 30.0 4.0
22.0 30.0 6.0
22.0 30.0 8.0
22.0 30.0 10.0
22.0 30.0 12.0
22.0 30.0 14.0
22.0 30.0 16.0
22.0 30.0 18.0
22.0 30.0 20.0
22.0 30.0 22.0
22.0 30.0 24.0
22.0 30.0 26.0
22.0 30.0 28.0
22.0 30.0 30.0
22.0 30.0 32.0
22.0 30.0 34.0
22.0 30.0 36.0
22.0 30.0 38.0
22.0 32.0 0.0
22.0 32.0 2.0
22.0 32.0 4.0
22.0 32.0 6.0
22.0 32.0 8.0
22.0 32.0 10.0
22.0 32.0 12.0
22.0 32.0 14.0
22.0 32.0 16.0
22.0 32.0 18.0
22.0 32.0 20.0
22.0 32.0 22.0
22.0 32.0 24.0
22.0 32.0 26.0
22.0 32.0 28.0
22.0 32.0 30.0
22.0 32.0 32.0
22.0 32.0 34.0
22.0 32.0 36.0
22.0 32.0 38.0
22.0 34.0 0.0
22.0 34.0 2.0
22.0 34.0 4.0
22.0 34.0 6.0
22.0 34.0 8.0
22.0 34.0 10.0
22.0 34.0 12.0
22.0 34.0 14.0
22.0 34.0 16.0
22.0 34.0 18.0
22.0 34.0 20.0
22.0 34.0 22.0
22.0 34.0 24.0
22.0 34.0 26.0
22.0 34.0 28.0
22.0 34.0 30.0
22.0 34.0 32.0
22.0 34.0 34.0
22.0 34.0 36.0
22.0 34.0 38.0
22.0 36.0 0.0
22.0 36.0 2.0
22.0 36.0 4.0
22.0 36.0 6.0
22.0 36.0 8.0
22.0 36.0 10.0
22.0 36.0 12.0
22.0 36.0 14.0
22.0 36.0 16.0
22.0 36.0 18.0
22.0 36.0 20.0
22.0 36.0 22.0
22.0 36.0 24.0
22.0 36.0 26.0
22.0 36.0 28.0
22.0 36.0 30.0
22.0 36.0 32.0
22.0 36.0 34.0
22.0 36.0 36.0
22.0 36.0 38.0
22.0 38.0 0.0
22.0 38.0 2.0
22.0 38.0 4.0
22.0 38.0 6.0
22.0 38.0 8.0
22.0 38.0 10.0
22.0 38.0 12.0
22.0 38.0 14.0
22.0 38.0 16.0
22.0 38.0 18.0
22.0 38.0 20.0
22.0 38.0 22.0
22.0 38.0 24.0
22.0 38.0 26.0
22.0 38.0 28.0
22.0 38.0 30.0
22.0 38.0 32.0
22.0 38.0 34.0
22.0 38.0 36.0
22.0 38.0 38.0
24.0 0.0 0.0
24.0 0.0 2.0
24.0 0.0 4.0
24.0 0.0 6.0
24.0 0.0 8.0
24.0 0.0 10.0
24.0 0.0 12.0
24.0 0.0 14.0
24.0 0.0 16.0
24.0 0.0 18.0
24.0 0.0 20.0
24.0 0.0 22.0
24.0 0.0 24.0
24.0 0.0 26.0
24.0 0.0 28.0
24.0 0.0 30.0
24.0 0.0 32.0
24.0 0.0 34.0
24.0 0.0 36.0
24.0 0.0 38.0
24.0 2.0 0.0
24.0 2.0 2.0
24.0 2.0 4.0
24.0 2.0 6.0
24.0 2.0 8.0
24.0 2.0 10.0
24.0 2.0 12.0
24.0 2.0 14.0
24.0 2.0 16.0
24.0 2.0 18.0
24.0 2.0 20.0
24.0 2.0 22.0
24.0 2.0 24.0
24.0 2.0 26.0
24.0 2.0 28.0
24.0 2.0 30.0
24.0 2.0 32.0
24.0 2.0 34.0
24.0 2.0 36.0
24.0 2.0 38.0
24.0 4.0 0.0
24.0 4.0 2.0
24.0 4.0 4.0
24.0 4.0 6.0
24.0 4.0 8.0
24.0 4.0 10.0
24.0 4.0 12.0
24.0 4.0 14.0
24.0 4.0 16.0
24.0 4.0 18.0
24.0 4.0 20.0
24.0 4.0 22.0
24.0 4.0 24.0
24.0 4.0 26.0
24.0 4.0 28.0
24.0 4.0 30.0
24.0 4.0 32.0
24.0 4.0 34.0
24.0 4.0 36.0
24.0 4.0 38.0
24.0 6.0 0.0
24.0 6.0 2.0
24.0 6.0 4.0
24.0 6.0 6.0
24.0 6.0 8.0
24.0 6.0 10.0
24.0 6.0 12.0
24.0 6.0 14.0
24.0 6.0 16.0
24.0 6.0 18.0
24.0 6.0 20.0
24.0 6.0 22.0
24.0 6.0 24.0
24.0 6.0 26.0
24.0 6.0 28.0
24.0 6.0 30.0
24.0 6.0 32.0
24.0 6.0 34.0
24.0 6.0 36.0
24.0 6.0 38.0
24.0 8.0 0.0
24.0 8.0 2.0
24.0 8.0 4.0
24.0 8.0 6.0
24.0 8.0 8.0
24.0 8.0 10.0
24.0 8.0 12.0
24.0 8.0 14.0
24.0 8.0 16.0
24.0 8.0 18.0
24.0 8.0 20.0
24.0 8.0 22.0
24.0 8.0 24.0
24.0 8.0 26.0
24.0 8.0 28.0
24.0 8.0 30.0
24.0 8.0 32.0
24.0 8.0 34.0
24.0 8.0 36.0
24.0 8.0 38.0
24.0 10.0 0.0
24.0 10.0 2.0
24.0 10.0 4.0
24.0 10.0 6.0
24.0 10.0 8.0
24.0 10.0 10.0
24.0 10.0 12.0
24.0 10.0 14.0
24.0 10.0 16.0
24.0 10.0 18.0
24.0 10.0 20.0
24.0 10.0 22.0
24.0 10.0 24.0
24.0 10.0 26.0
24.0 10.0 28.0
24.0 10.0 30.0
24.0 10.0 32.0
24.0 10.0 34.0
24.0 10.0 36.0
24.0 10.0 38.0
24.0 12.0 0.0
24.0 12.0 2.0
24.0 12.0 4.0
24.0 12.0 6.0
24.0 12.0 8.0
24.0 12.0 10.0
24.0 12.0 12.0
24.0 12.0 14.0
24.0 12.0 16.0
24.0 12.0 18.0
24.0 12.0 20.0
24.0 12.0 22.0
24.0 12.0 24.0
24.0 12.0 26.0
24.0 12.0 28.0
24.0 12.0 30.0
24.0 12.0 32.0
24.0 12.0 34.0
24.0 12.0 36.0
24.0 12.0 38.0
24.0 14.0 0.0
24.0 14.0 2.0
24.0 14.0 4.0
24.0 14.0 6.0
24.0 14.0 8.0
24.0 14.0 10.0
24.0 14.0 12.0
24.0 14.0 14.0
24.0 14.0 16.0
24.0 14.0 18.0
24.0 14.0 20.0
24.0 14.0 22.0
24.0 14.0 24.0
24.0 14.0 26.0
24.0 14.0 28.0
24.0 14.0 30.0
24.0 14.0 32.0
24.0 14.0 34.0
24.0 14.0 36.0
24.0 14.0 38.0
24.0 16.0 0.0
24.0 16.0 2.0
24.0 16.0 4.0
24.0 16.0 6.0
24.0 16.0 8.0
24.0 16.0 10.0
24.0 16.0 12.0
24.0 16.0 14.0
24.0 16.0 16.0
24.0 16.0 18.0
24.0 16.0 20.0
24.0 16.0 22.0
24.0 16.0 24.0
24.0 16.0 26.0
24.0 16.0 28.0
24.0 16.0 30.0
24.0 16.0 32.0
24.0 16.0 34.0
24.0 16.0 36.0
24.0 16.0 38.0
24.0 18.0 0.0
24.0 18.0 2.0
24.0 18.0 4.0
24.0 18.0 6.0
24.0 18.0 8.0
24.0 18.0 10.0
24.0 18.0 12.0
24.0 18.0 14.0
24.0 18.0 16.0
24.0 18.0 18.0
24.0 18.0 20.0
24.0 18.0 22.0
24.0 18.0 24.0
24.0 18.0 26.0
24.0 18.0 28.0
24.0 18.0 30.0
24.0 18.0 32.0
24.0 18.0 34.0
24.0 18.0 36.0
24.0 18.0 38.0
24.0 20.0 0.0
24.0 20.0 2.0
24.0 20.0 4.0
24.0 20.0 6.0
24.0 20.0 8.0
24.0 20.0 10.0
24.0 20.0 12.0
24.0 20.0 14.0
24.0 20.0 16.0
24.0 20.0 18.0
24.0 20.0 20.0
24.0 20.0 22.0
24.0 20.0 24.0
24.0 20.0 26.0
24.0 20.0 28.0
24.0 20.0 30.0
24.0 20.0 32.0
24.0 20.0 34.0
24.0 20.0 36.0
24.0 20.0 38.0
24.0 22.0 0.0
24.0 22.0 2.0
24.0 22.0 4.0
24.0 22.0 6.0
24.0 22.0 8.0
24.0 22.0 10.0
24.0 22.0 12.0
24.0 22.0 14.0
24.0 22.0 16.0
24.0 22.0 18.0
24.0 22.0 20.0
24.0 22.0 22.0
24.0 22.0 24.0
24.0 22.0 26.0
24.0 22.0 28.0
24.0 22.0 30.0
24.0 22.0 32.0
24.0 22.0 34.0
24.0 22.0 36.0
24.0 22.0 38.0
24.0 24.0 0.0
24.0 24.0 2.0
24.0 24.0 4.0
24.0 24.0 6.0
24.0 24.0 8.0
24.0 24.0 10.0
24.0 24.0 12.0
24.0 24.0 14.0
24.0 24.0 16.0
24.0 24.0 18.0
24.0 24.0 20.0
24.0 24.0 22.0
24.0 24.0 24.0
24.0 24.0 26.0
24.0 24.0 28.0
24.0 24.0 30.0
24.0 24.0 32.0
24.0 24.0 34.0
24.0 24.0 36.0
24.0 24.0 38.0
24.0 26.0 0.0
24.0 26.0 2.0
24.0 26.0 4.0
24.0 26.0 6.0
24.0 26.0 8.0
24.0 26.0 10.0
24.0 26.0 12.0
24.0 26.0 14.0
24.0 26.0 16.0
24.0 26.0 18.0
24.0 26.0 20.0
24.0 26.0 22.0
24.0 26.0 24.0
24.0 26.0 26.0
24.0 26.0 28.0
24.0 26.0 30.0
24.0 26.0 32.0
24.0 26.0 34.0
24.0 26.0 36.0
24.0 26.0 38.0
24.0 28.0 0.0
24.0 28.0 2.0
24.0 28.0 4.0
24.0 28.0 6.0
24.0 28.0 8.0
24.0 28.0 10.0
24.0 28.0 12.0
24.0 28.0 14.0
24.0 28.0 16.0
24.0 28.0 18.0
24.0 28.0 20.0
24.0 28.0 22.0
24.0 28.0 24.0
24.0 28.0 26.0
24.0 28.0 28.0
24.0 28.0 30.0
24.0 28.0 32.0
24.0 28.0 34.0
24.0 28.0 36.0
24.0 28.0 38.0
24.0 30.0 0.0
24.0 30.0 2.0
24.0 30.0 4.0
24.0 30.0 6.0
24.0 30.0 8.0
24.0 30.0 10.0
24.0 30.0 12.0
24.0 30.0 14.0
24.0 30.0 16.0
24.0 30.0 18.0
24.0 30.0 20.0
24.0 30.0 22.0
24.0 30.0 24.0
24.0 30.0 26.0
24.0 30.0 28.0
24.0 30.0 30.0
24.0 30.0 32.0
24.0 30.0 34.0
24.0 30.0 36.0
24.0 30.0 38.0
24.0 32.0 0.0
24.0 32.0 2.0
24.0 32.0 4.0
24.0 32.0 6.0
24.0 32.0 8.0
24.0 32.0 10.0
24.0 32.0 12.0
24.0 32.0 14.0
24.0 32.0 16.0
24.0 32.0 18.0
24.0 32.0 20.0
24.0 32.0 22.0
24.0 32.0 24.0
24.0 32.0 26.0
24.0 32.0 28.0
24.0 32.0 30.0
24.0 32.0 32.0
24.0 32.0 34.0
24.0 32.0 36.0
24.0 32.0 38.0
24.0 34.0 0.0
24.0 34.0 2.0
24.0 34.0 4.0
24.0 34.0 6.0
24.0 34.0 8.0
24.0 34.0 10.0
24.0 34.0 12.0
24.0 34.0 14.0
24.0 34.0 16.0
24.0 34.0 18.0
24.0 34.0 20.0
24.0 34.0 22.0
24.0 34.0 24.0
24.0 34.0 26.0
24.0 34.0 28.0
24.0 34.0 30.0
24.0 34.0 32.0
24.0 34.0 34.0
24.0 34.0 36.0
24.0 34.0 38.0
24.0 36.0 0.0
24.0 36.0 2.0
24.0 36.0 4.0
24.0 36.0 6.0
24.0 36.0 8.0
24.0 36.0 10.0
24.0 36.0 12.0
24.0 36.0 14.0
24.0 36.0 16.0
24.0 36.0 18.0
24.0 36.0 20.0
24.0 36.0 22.0
24.0 36.0 24.0
24.0 36.0 26.0
24.0 36.0 28.0
24.0 36.0 30.0
24.0 36.0 32.0
24.0 36.0 34.0
24.0 36.0 36.0
24.0 36.0 38.0
24.0 38.0 0.0
24.0 38.0 2.0
24.0 38.0 4.0
24.0 38.0 6.0
24.0 38.0 8.0
24.0 38.0 10.0
24.0 38.0 12.0
24.0 38.0 14.0
24.0 38.0 16.0
24.0 38.0 18.0
24.0 38.0 20.0
24.0 38.0 22.0
24.0 38.0 24.0
24.0 38.0 26.0
24.0 38.0 28.0
24.0 38.0 30.0
24.0 38.0 32.0
24.0 38.0 34.0
24.0 38.0 36.0
24.0 38.0 38.0
26.0 0.0 0.0
26.0 0.0 2.0
26.0 0.0 4.0
26.0 0.0 6.0
26.0 0.0 8.0
26.0 0.0 10.0
26.0 0.0 12.0
26.0 0.0 14.0
26.0 0.0 16.0
26.0 0.0 18.0
26.0 0.0 20.0
26.0 0.0 22.0
26.0 0.0 24.0
26.0 0.0 26.0
26.0 0.0 28.0
26.0 0.0 30.0
26.0 0.0 32.0
26.0 0.0 34.0
26.0 0.0 36.0
26.0 0.0 38.0
26.0 2.0 0.0
26.0 2.0 2.0
26.0 2.0 4.0
26.0 2.0 6.0
26.0 2.0 8.0
26.0 2.0 10.0
26.0 2.0 12.0
26.0 2.0 14.0
26.0 2.0 16.0
26.0 2.0 18.0
26.0 2.0 20.0
26.0 2.0 22.0
26.0 2.0 24.0
26.0 2.0 26.0
26.0 2.0 28.0
26.0 2.0 30.0
26.0 2.0 32.0
26.0 2.0 34.0
26.0 2.0 36.0
26.0 2.0 38.0
26.0 4.0 0.0
26.0 4.0 2.0
26.0 4.0 4.0
26.0 4.0 6.0
26.0 4.0 8.0
26.0 4.0 10.0
26.0 4.0 12.0
26.0 4.0 14.0
26.0 4.0 16.0
26.0 4.0 18.0
26.0 4.0 20.0
26.0 4.0 22.0
26.0 4.0 24.0
26.0 4.0 26.0
26.0 4.0 28.0
26.0 4.0 30.0
26.0 4.0 32.0
26.0 4.0 34.0
26.0 4.0 36.0
26.0 4.0 38.0
26.0 6.0 0.0
26.0 6.0 2.0
26.0 6.0 4.0
26.0 6.0 6.0
26.0 6.0 8.0
26.0 6.0 10.0
26.0 6.0 12.0
26.0 6.0 14.0
26.0 6.0 16.0
26.0 6.0 18.0
26.0 6.0 20.0
26.0 6.0 22.0
26.0 6.0 24.0
26.0 6.0 26.0
26.0 6.0 28.0
26.0 6.0 30.0
26.0 6.0 32.0
26.0 6.0 34.0
26.0 6.0 36.0
26.0 6.0 38.0
26.0 8.0 0.0
26.0 8.0 2.0
26.0 8.0 4.0
26.0 8.0 6.0
26.0 8.0 8.0
26.0 8.0 10.0
26.0 8.0 12.0
26.0 8.0 14.0
26.0 8.0 16.0
26.0 8.0 18.0
26.0 8.0 20.0
26.0 8.0 22.0
26.0 8.0 24.0
26.0 8.0 26.0
26.0 8.0 28.0
26.0 8.0 30.0
26.0 8.0 32.0
26.0 8.0 34.0
26.0 8.0 36.0
26.0 8.0 38.0
26.0 10.0 0.0
26.0 10.0 2.0
26.0 10.0 4.0
26.0 10.0 6.0
26.0 10.0 8.0
26.0 10.0 10.0
26.0 10.0 12.0
26.0 10.0 14.0
26.0 10.0 16.0
26.0 10.0 18.0
26.0 10.0 20.0
26.0 10.0 22.0
26.0 10.0 24.0
26.0 10.0 26.0
26.0 10.0 28.0
26.0 10.0 30.0
26.0 10.0 32.0
26.0 10.0 34.0
26.0 10.0 36.0
26.0 10.0 38.0
26.0 12.0 0.0
26.0 12.0 2.0
26.0 12.0 4.0
26.0 12.0 6.0
26.0 12.0 8.0
26.0 12.0 10.0
26.0 12.0 12.0
26.0 12.0 14.0
26.0 12.0 16.0
26.0 12.0 18.0
26.0 12.0 20.0
26.0 12.0 22.0
26.0 12.0 24.0
26.0 12.0 26.0
26.0 12.0 28.0
26.0 12.0 30.0
26.0 12.0 32.0
26.0 12.0 34.0
26.0 12.0 36.0
26.0 12.0 38.0
26.0 14.0 0.0
26.0 14.0 2.0
26.0 14.0 4.0
26.0 14.0 6.0
26.0 14.0 8.0
26.0 14.0 10.0
26.0 14.0 12.0
26.0 14.0 14.0
26.0 14.0 16.0
26.0 14.0 18.0
26.0 14.0 20.0
26.0 14.0 22.0
26.0 14.0 24.0
26.0 14.0 26.0
26.0 14.0 28.0
26.0 14.0 30.0
26.0 14.0 32.0
26.0 14.0 34.0
26.0 14.0 36.0
26.0 14.0 38.0
26.0 16.0 0.0
26.0 16.0 2.0
26.0 16.0 4.0
26.0 16.0 6.0
26.0 16.0 8.0
26.0 16.0 10.0
26.0 16.0 12.0
26.0 16.0 14.0
26.0 16.0 16.0
26.0 16.0 18.0
26.0 16.0 20.0
26.0 16.0 22.0
26.0 16.0 24.0
26.0 16.0 26.0
26.0 16.0 28.0
26.0 16.0 30.0
26.0 16.0 32.0
26.0 16.0 34.0
26.0 16.0 36.0
26.0 16.0 38.0
26.0 18.0 0.0
26.0 18.0 2.0
26.0 18.0 4.0
26.0 18.0 6.0
26.0 18.0 8.0
26.0 18.0 10.0
26.0 18.0 12.0
26.0 18.0 14.0
26.0 18.0 16.0
26.0 18.0 18.0
26.0 18.0 20.0
26.0 18.0 22.0
26.0 18.0 24.0
26.0 18.0 26.0
26.0 18.0 28.0
26.0 18.0 30.0
26.0 18.0 32.0
26.0 18.0 34.0
26.0 18.0 36.0
26.0 18.0 38.0
26.0 20.0 0.0
26.0 20.0 2.0
26.0 20.0 4.0
26.0 20.0 6.0
26.0 20.0 8.0
26.0 20.0 10.0
26.0 20.0 12.0
26.0 20.0 14.0
26.0 20.0 16.0
26.0 20.0 18.0
26.0 20.0 20.0
26.0 20.0 22.0
26.0 20.0 24.0
26.0 20.0 26.0
26.0 20.0 28.0
26.0 20.0 30.0
26.0 20.0 32.0
26.0 20.0 34.0
26.0 20.0 36.0
26.0 20.0 38.0
26.0 22.0 0.0
26.0 22.0 2.0
26.0 22.0 4.0
26.0 22.0 6.0
26.0 22.0 8.0
26.0 22.0 10.0
26.0 22.0 12.0
26.0 22.0 14.0
26.0 22.0 16.0
26.0 22.0 18.0
26.0 22.0 20.0
26.0 22.0 22.0
26.0 22.0 24.0
26.0 22.0 26.0
26.0 22.0 28.0
26.0 22.0 30.0
26.0 22.0 32.0
26.0 22.0 34.0
26.0 22.0 36.0
26.0 22.0 38.0
26.0 24.0 0.0
26.0 24.0 2.0
26.0 24.0 4.0
26.0 24.0 6.0
26.0 24.0 8.0
26.0 24.0 10.0
26.0 24.0 12.0
26.0 24.0 14.0
26.0 24.0 16.0
26.0 24.0 18.0
26.0 24.0 20.0
26.0 24.0 22.0
26.0 24.0 24.0
26.0 24.0 26.0
26.0 24.0 28.0
26.0 24.0 30.0
26.0 24.0 32.0
26.0 24.0 34.0
26.0 24.0 36.0
26.0 24.0 38.0
26.0 26.0 0.0
26.0 26.0 2.0
26.0 26.0 4.0
26.0 26.0 6.0
26.0 26.0 8.0
26.0 26.0 10.0
26.0 26.0 12.0
26.0 26.0 14.0
26.0 26.0 16.0
26.0 26.0 18.0
26.0 26.0 20.0
26.0 26.0 22.0
26.0 26.0 24.0
26.0 26.0 26.0
26.0 26.0 28.0
26.0 26.0 30.0
26.0 26.0 32.0
26.0 26.0 34.0
26.0 26.0 36.0
26.0 26.0 38.0
26.0 28.0 0.0
26.0 28.0 2.0
26.0 28.0 4.0
26.0 28.0 6.0
26.0 28.0 8.0
26.0 28.0 10.0
26.0 28.0 12.0
26.0 28.0 14.0
26.0 28.0 16.0
26.0 28.0 18.0
26.0 28.0 20.0
26.0 28.0 22.0
26.0 28.0 24.0
26.0 28.0 26.0
26.0 28.0 28.0
26.0 28.0 30.0
26.0 28.0 32.0
26.0 28.0 34.0
26.0 28.0 36.0
26.0 28.0 38.0
26.0 30.0 0.0
26.0 30.0 2.0
26.0 30.0 4.0
26.0 30.0 6.0
26.0 30.0 8.0
26.0 30.0 10.0
26.0 30.0 12.0
26.0 30.0 14.0
26.0 30.0 16.0
26.0 30.0 18.0
26.0 30.0 20.0
26.0 30.0 22.0
26.0 30.0 24.0
26.0 30.0 26.0
26.0 30.0 28.0
26.0 30.0 30.0
26.0 30.0 32.0
26.0 30.0 34.0
26.0 30.0 36.0
26.0 30.0 38.0
26.0 32.0 0.0
26.0 32.0 2.0
26.0 32.0 4.0
26.0 32.0 6.0
26.0 32.0 8.0
26.0 32.0 10.0
26.0 32.0 12.0
26.0 32.0 14.0
26.0 32.0 16.0
26.0 32.0 18.0
26.0 32.0 20.0
26.0 32.0 22.0
26.0 32.0 24.0
26.0 32.0 26.0
26.0 32.0 28.0
26.0 32.0 30.0
26.0 32.0 32.0
26.0 32.0 34.0
26.0 32.0 36.0
26.0 32.0 38.0
26.0 34.0 0.0
26.0 34.0 2.0
26.0 34.0 4.0
26.0 34.0 6.0
26.0 34.0 8.0
26.0 34.0 10.0
26.0 34.0 12.0
26.0 34.0 14.0
26.0 34.0 16.0
26.0 34.0 18.0
26.0 34.0 20.0
26.0 34.0 22.0
26.0 34.0 24.0
26.0 34.0 26.0
26.0 34.0 28.0
26.0 34.0 30.0
26.0 34.0 32.0
26.0 34.0 34.0
26.0 34.0 36.0
26.0 34.0 38.0
26.0 36.0 0.0
26.0 36.0 2.0
26.0 36.0 4.0
26.0 36.0 6.0
26.0 36.0 8.0
26.0 36.0 10.0
26.0 36.0 12.0
26.0 36.0 14.0
26.0 36.0 16.0
26.0 36.0 18.0
26.0 36.0 20.0
26.0 36.0 22.0
26.0 36.0 24.0
26.0 36.0 26.0
26.0 36.0 28.0
26.0 36.0 30.0
26.0 36.0 32.0
26.0 36.0 34.0
26.0 36.0 36.0
26.0 36.0 38.0
26.0 38.0 0.0
26.0 38.0 2.0
26.0 38.0 4.0
26.0 38.0 6.0
26.0 38.0 8.0
26.0 38.0 10.0
26.0 38.0 12.0
26.0 38.0 14.0
26.0 38.0 16.0
26.0 38.0 18.0
26.0 38.0 20.0
26.0 38.0 22.0
26.0 38.0 24.0
26.0 38.0 26.0
26.0 38.0 28.0
26.0 38.0 30.0
26.0 38.0 32.0
26.0 38.0 34.0
26.0 38.0 36.0
26.0 38.0 38.0
28.0 0.0 0.0
28.0 0.0 2.0
28.0 0.0 4.0
28.0 0.0 6.0
28.0 0.0 8.0
28.0 0.0 10.0
28.0 0.0 12.0
28.0 0.0 14.0
28.0 0.0 16.0
28.0 0.0 18.0
28.0 0.0 20.0
28.0 0.0 22.0
28.0 0.0 24.0
28.0 0.0 26.0
28.0 0.0 28.0
28.0 0.0 30.0
28.0 0.0 32.0
28.0 0.0 34.0
28.0 0.0 36.0
28.0 0.0 38.0
28.0 2.0 0.0
28.0 2.0 2.0
28.0 2.0 4.0
28.0 2.0 6.0
28.0 2.0 8.0
28.0 2.0 10.0
28.0 2.0 12.0
28.0 2.0 14.0
28.0 2.0 16.0
28.0 2.0 18.0
28.0 2.0 20.0
28.0 2.0 22.0
28.0 2.0 24.0
28.0 2.0 26.0
28.0 2.0 28.0
28.0 2.0 30.0
28.0 2.0 32.0
28.0 2.0 34.0
28.0 2.0 36.0
28.0 2.0 38.0
28.0 4.0 0.0
28.0 4.0 2.0
28.0 4.0 4.0
28.0 4.0 6.0
28.0 4.0 8.0
28.0 4.0 10.0
28.0 4.0 12.0
28.0 4.0 14.0
28.0 4.0 16.0
28.0 4.0 18.0
28.0 4.0 20.0
28.0 4.0 22.0
28.0 4.0 24.0
28.0 4.0 26.0
28.0 4.0 28.0
28.0 4.0 30.0
28.0 4.0 32.0
28.0 4.0 34.0
28.0 4.0 36.0
28.0 4.0 38.0
28.0 6.0 0.0
28.0 6.0 2.0
28.0 6.0 4.0
28.0 6.0 6.0
28.0 6.0 8.0
28.0 6.0 10.0
28.0 6.0 12.0
28.0 6.0 14.0
28.0 6.0 16.0
28.0 6.0 18.0
28.0 6.0 20.0
28.0 6.0 22.0
28.0 6.0 24.0
28.0 6.0 26.0
28.0 6.0 28.0
28.0 6.0 30.0
28.0 6.0 32.0
28.0 6.0 34.0
28.0 6.0 36.0
28.0 6.0 38.0
28.0 8.0 0.0
28.0 8.0 2.0
28.0 8.0 4.0
28.0 8.0 6.0
28.0 8.0 8.0
28.0 8.0 10.0
28.0 8.0 12.0
28.0 8.0 14.0
28.0 8.0 16.0
28.0 8.0 18.0
28.0 8.0 20.0
28.0 8.0 22.0
28.0 8.0 24.0
28.0 8.0 26.0
28.0 8.0 28.0
28.0 8.0 30.0
28.0 8.0 32.0
28.0 8.0 34.0
28.0 8.0 36.0
28.0 8.0 38.0
28.0 10.0 0.0
28.0 10.0 2.0
28.0 10.0 4.0
28.0 10.0 6.0
28.0 10.0 8.0
28.0 10.0 10.0
28.0 10.0 12.0
28.0 10.0 14.0
28.0 10.0 16.0
28.0 10.0 18.0
28.0 10.0 20.0
28.0 10.0 22.0
28.0 10.0 24.0
28.0 10.0 26.0
28.0 10.0 28.0
28.0 10.0 30.0
28.0 10.0 32.0
28.0 10.0 34.0
28.0 10.0 36.0
28.0 10.0 38.0
28.0 12.0 0.0
28.0 12.0 2.0
28.0 12.0 4.0
28.0 12.0 6.0
28.0 12.0 8.0
28.0 12.0 10.0
28.0 12.0 12.0
28.0 12.0 14.0
28.0 12.0 16.0
28.0 12.0 18.0
28.0 12.0 20.0
28.0 12.0 22.0
28.0 12.0 24.0
28.0 12.0 26.0
28.0 12.0 28.0
28.0 12.0 30.0
28.0 12.0 32.0
28.0 12.0 34.0
28.0 12.0 36.0
28.0 12.0 38.0
28.0 14.0 0.0
28.0 14.0 2.0
28.0 14.0 4.0
28.0 14.0 6.0
28.0 14.0 8.0
28.0 14.0 10.0
28.0 14.0 12.0
28.0 14.0 14.0
28.0 14.0 16.0
28.0 14.0 18.0
28.0 14.0 20.0
28.0 14.0 22.0
28.0 14.0 24.0
28.0 14.0 26.0
28.0 14.0 28.0
28.0 14.0 30.0
28.0 14.0 32.0
28.0 14.0 34.0
28.0 14.0 36.0
28.0 14.0 38.0
28.0 16.0 0.0
28.0 16.0 2.0
28.0 16.0 4.0
28.0 16.0 6.0
28.0 16.0 8.0
28.0 16.0 10.0
28.0 16.0 12.0
28.0 16.0 14.0
28.0 16.0 16.0
28.0 16.0 18.0
28.0 16.0 20.0
28.0 16.0 22.0
28.0 16.0 24.0
28.0 16.0 26.0
28.0 16.0 28.0
28.0 16.0 30.0
28.0 16.0 32.0
28.0 16.0 34.0
28.0 16.0 36.0
28.0 16.0 38.0
28.0 18.0 0.0
28.0 18.0 2.0
28.0 18.0 4.0
28.0 18.0 6.0
28.0 18.0 8.0
28.0 18.0 10.0
28.0 18.0 12.0
28.0 18.0 14.0
28.0 18.0 16.0
28.0 18.0 18.0
28.0 18.0 20.0
28.0 18.0 22.0
28.0 18.0 24.0
28.0 18.0 26.0
28.0 18.0 28.0
28.0 18.0 30.0
28.0 18.0 32.0
28.0 18.0 34.0
28.0 18.0 36.0
28.0 18.0 38.0
28.0 20.0 0.0
28.0 20.0 2.0
28.0 20.0 4.0
28.0 20.0 6.0
28.0 20.0 8.0
28.0 20.0 10.0
28.0 20.0 12.0
28.0 20.0 14.0
28.0 20.0 16.0
28.0 20.0 18.0
28.0 20.0 20.0
28.0 20.0 22.0
28.0 20.0 24.0
28.0 20.0 26.0
28.0 20.0 28.0
28.0 20.0 30.0
28.0 20.0 32.0
28.0 20.0 34.0
28.0 20.0 36.0
28.0 20.0 38.0
28.0 22.0 0.0
28.0 22.0 2.0
28.0 22.0 4.0
28.0 22.0 6.0
28.0 22.0 8.0
28.0 22.0 10.0
28.0 22.0 12.0
28.0 22.0 14.0
28.0 22.0 16.0
28.0 22.0 18.0
28.0 22.0 20.0
28.0 22.0 22.0
28.0 22.0 24.0
28.0 22.0 26.0
28.0 22.0 28.0
28.0 22.0 30.0
28.0 22.0 32.0
28.0 22.0 34.0
28.0 22.0 36.0
28.0 22.0 38.0
28.0 24.0 0.0
28.0 24.0 2.0
28.0 24.0 4.0
28.0 24.0 6.0
28.0 24.0 8.0
28.0 24.0 10.0
28.0 24.0 12.0
28.0 24.0 14.0
28.0 24.0 16.0
28.0 24.0 18.0
28.0 24.0 20.0
28.0 24.0 22.0
28.0 24.0 24.0
28.0 24.0 26.0
28.0 24.0 28.0
28.0 24.0 30.0
28.0 24.0 32.0
28.0 24.0 34.0
28.0 24.0 36.0
28.0 24.0 38.0
28.0 26.0 0.0
28.0 26.0 2.0
28.0 26.0 4.0
28.0 26.0 6.0
28.0 26.0 8.0
28.0 26.0 10.0
28.0 26.0 12.0
28.0 26.0 14.0
28.0 26.0 16.0
28.0 26.0 18.0
28.0 26.0 20.0
28.0 26.0 22.0
28.0 26.0 24.0
28.0 26.0 26.0
28.0 26.0 28.0
28.0 26.0 30.0
28.0 26.0 32.0
28.0 26.0 34.0
28.0 26.0 36.0
28.0 26.0 38.0
28.0 28.0 0.0
28.0 28.0 2.0
28.0 28.0 4.0
28.0 28.0 6.0
28.0 28.0 8.0
28.0 28.0 10.0
28.0 28.0 12.0
28.0 28.0 14.0
28.0 28.0 16.0
28.0 28.0 18.0
28.0 28.0 20.0
28.0 28.0 22.0
28.0 28.0 24.0
28.0 28.0 26.0
28.0 28.0 28.0
28.0 28.0 30.0
28.0 28.0 32.0
28.0 28.0 34.0
28.0 28.0 36.0
28.0 28.0 38.0
28.0 30.0 0.0
28.0 30.0 2.0
28.0 30.0 4.0
28.0 30.0 6.0
28.0 30.0 8.0
28.0 30.0 10.0
28.0 30.0 12.0
28.0 30.0 14.0
28.0 30.0 16.0
28.0 30.0 18.0
28.0 30.0 20.0
28.0 30.0 22.0
28.0 30.0 24.0
28.0 30.0 26.0
28.0 30.0 28.0
28.0 30.0 30.0
28.0 30.0 32.0
28.0 30.0 34.0
28.0 30.0 36.0
28.0 30.0 38.0
28.0 32.0 0.0
28.0 32.0 2.0
28.0 32.0 4.0
28.0 32.0 6.0
28.0 32.0 8.0
28.0 32.0 10.0
28.0 32.0 12.0
28.0 32.0 14.0
28.0 32.0 16.0
28.0 32.0 18.0
28.0 32.0 20.0
28.0 32.0 22.0
28.0 32.0 24.0
28.0 32.0 26.0
28.0 32.0 28.0
28.0 32.0 30.0
28.0 32.0 32.0
28.0 32.0 34.0
28.0 32.0 36.0
28.0 32.0 38.0
28.0 34.0 0.0
28.0 34.0 2.0
28.0 34.0 4.0
28.0 34.0 6.0
28.0 34.0 8.0
28.0 34.0 10.0
28.0 34.0 12.0
28.0 34.0 14.0
28.0 34.0 16.0
28.0 34.0 18.0
28.0 34.0 20.0
28.0 34.0 22.0
28.0 34.0 24.0
28.0 34.0 26.0
28.0 34.0 28.0
28.0 34.0 30.0
28.0 34.0 32.0
28.0 34.0 34.0
28.0 34.0 36.0
28.0 34.0 38.0
28.0 36.0 0.0
28.0 36.0 2.0
28.0 36.0 4.0
28.0 36.0 6.0
28.0 36.0 8.0
28.0 36.0 10.0
28.0 36.0 12.0
28.0 36.0 14.0
28.0 36.0 16.0
28.0 36.0 18.0
28.0 36.0 20.0
28.0 36.0 22.0
28.0 36.0 24.0
28.0 36.0 26.0
28.0 36.0 28.0
28.0 36.0 30.0
28.0 36.0 32.0
28.0 36.0 34.0
28.0 36.0 36.0
28.0 36.0 38.0
28.0 38.0 0.0
28.0 38.0 2.0
28.0 38.0 4.0
28.0 38.0 6.0
28.0 38.0 8.0
28.0 38.0 10.0
28.0 38.0 12.0
28.0 38.0 14.0
28.0 38.0 16.0
28.0 38.0 18.0
28.0 38.0 20.0
28.0 38.0 22.0
28.0 38.0 24.0
28.0 38.0 26.0
28.0 38.0 28.0
28.0 38.0 30.0
28.0 38.0 32.0
28.0 38.0 34.0
28.0 38.0 36.0
28.0 38.0 38.0
30.0 0.0 0.0
30.0 0.0 2.0
30.0 0.0 4.0
30.0 0.0 6.0
30.0 0.0 8.0
30.0 0.0 10.0
30.0 0.0 12.0
30.0 0.0 14.0
30.0 0.0 16.0
30.0 0.0 18.0
30.0 0.0 20.0
30.0 0.0 22.0
30.0 0.0 24.0
30.0 0.0 26.0
30.0 0.0 28.0
30.0 0.0 30.0
30.0 0.0 32.0
30.0 0.0 34.0
30.0 0.0 36.0
30.0 0.0 38.0
30.0 2.0 0.0
30.0 2.0 2.0
30.0 2.0 4.0
30.0 2.0 6.0
30.0 2.0 8.0
30.0 2.0 10.0
30.0 2.0 12.0
30.0 2.0 14.0
30.0 2.0 16.0
30.0 2.0 18.0
30.0 2.0 20.0
30.0 2.0 22.0
30.0 2.0 24.0
30.0 2.0 26.0
30.0 2.0 28.0
30.0 2.0 30.0
30.0 2.0 32.0
30.0 2.0 34.0
30.0 2.0 36.0
30.0 2.0 38.0
30.0 4.0 0.0
30.0 4.0 2.0
30.0 4.0 4.0
30.0 4.0 6.0
30.0 4.0 8.0
30.0 4.0 10.0
30.0 4.0 12.0
30.0 4.0 14.0
30.0 4.0 16.0
30.0 4.0 18.0
30.0 4.0 20.0
30.0 4.0 22.0
30.0 4.0 24.0
30.0 4.0 26.0
30.0 4.0 28.0
30.0 4.0 30.0
30.0 4.0 32.0
30.0 4.0 34.0
30.0 4.0 36.0
30.0 4.0 38.0
30.0 6.0 0.0
30.0 6.0 2.0
30.0 6.0 4.0
30.0 6.0 6.0
30.0 6.0 8.0
30.0 6.0 10.0
30.0 6.0 12.0
30.0 6.0 14.0
30.0 6.0 16.0
30.0 6.0 18.0
30.0 6.0 20.0
30.0 6.0 22.0
30.0 6.0 24.0
30.0 6.0 26.0
30.0 6.0 28.0
30.0 6.0 30.0
30.0 6.0 32.0
30.0 6.0 34.0
30.0 6.0 36.0
30.0 6.0 38.0
30.0 8.0 0.0
30.0 8.0 2.0
30.0 8.0 4.0
30.0 8.0 6.0
30.0 8.0 8.0
30.0 8.0 10.0
30.0 8.0 12.0
30.0 8.0 14.0
30.0 8.0 16.0
30.0 8.0 18.0
30.0 8.0 20.0
30.0 8.0 22.0
30.0 8.0 24.0
30.0 8.0 26.0
30.0 8.0 28.0
30.0 8.0 30.0
30.0 8.0 32.0
30.0 8.0 34.0
30.0 8.0 36.0
30.0 8.0 38.0
30.0 10.0 0.0
30.0 10.0 2.0
30.0 10.0 4.0
30.0 10.0 6.0
30.0 10.0 8.0
30.0 10.0 10.0
30.0 10.0 12.0
30.0 10.0 14.0
30.0 10.0 16.0
30.0 10.0 18.0
30.0 10.0 20.0
30.0 10.0 22.0
30.0 10.0 24.0
30.0 10.0 26.0
30.0 10.0 28.0
30.0 10.0 30.0
30.0 10.0 32.0
30.0 10.0 34.0
30.0 10.0 36.0
30.0 10.0 38.0
30.0 12.0 0.0
30.0 12.0 2.0
30.0 12.0 4.0
30.0 12.0 6.0
30.0 12.0 8.0
30.0 12.0 10.0
30.0 12.0 12.0
30.0 12.0 14.0
30.0 12.0 16.0
30.0 12.0 18.0
30.0 12.0 20.0
30.0 12.0 22.0
30.0 12.0 24.0
30.0 12.0 26.0
30.0 12.0 28.0
30.0 12.0 30.0
30.0 12.0 32.0
30.0 12.0 34.0
30.0 12.0 36.0
30.0 12.0 38.0
30.0 14.0 0.0
30.0 14.0 2.0
30.0 14.0 4.0
30.0 14.0 6.0
30.0 14.0 8.0
30.0 14.0 10.0
30.0 14.0 12.0
30.0 14.0 14.0
30.0 14.0 16.0
30.0 14.0 18.0
30.0 14.0 20.0
30.0 14.0 22.0
30.0 14.0 24.0
30.0 14.0 26.0
30.0 14.0 28.0
30.0 14.0 30.0
30.0 14.0 32.0
30.0 14.0 34.0
30.0 14.0 36.0
30.0 14.0 38.0
30.0 16.0 0.0
30.0 16.0 2.0
30.0 16.0 4.0
30.0 16.0 6.0
30.0 16.0 8.0
30.0 16.0 10.0
30.0 16.0 12.0
30.0 16.0 14.0
30.0 16.0 16.0
30.0 16.0 18.0
30.0 16.0 20.0
30.0 16.0 22.0
30.0 16.0 24.0
30.0 16.0 26.0
30.0 16.0 28.0
30.0 16.0 30.0
30.0 16.0 32.0
30.0 16.0 34.0
30.0 16.0 36.0
30.0 16.0 38.0
30.0 18.0 0.0
30.0 18.0 2.0
30.0 18.0 4.0
30.0 18.0 6.0
30.0 18.0 8.0
30.0 18.0 10.0
30.0 18.0 12.0
30.0 18.0 14.0
30.0 18.0 16.0
30.0 18.0 18.0
30.0 18.0 20.0
30.0 18.0 22.0
30.0 18.0 24.0
30.0 18.0 26.0
30.0 18.0 28.0
30.0 18.0 30.0
30.0 18.0 32.0
30.0 18.0 34.0
30.0 18.0 36.0
30.0 18.0 38.0
30.0 20.0 0.0
30.0 20.0 2.0
30.0 20.0 4.0
30.0 20.0 6.0
30.0 20.0 8.0
30.0 20.0 10.0
30.0 20.0 12.0
30.0 20.0 14.0
30.0 20.0 16.0
30.0 20.0 18.0
30.0 20.0 20.0
30.0 20.0 22.0
30.0 20.0 24.0
30.0 20.0 26.0
30.0 20.0 28.0
30.0 20.0 30.0
30.0 20.0 32.0
30.0 20.0 34.0
30.0 20.0 36.0
30.0 20.0 38.0
30.0 22.0 0.0
30.0 22.0 2.0
30.0 22.0 4.0
30.0 22.0 6.0
30.0 22.0 8.0
30.0 22.0 10.0
30.0 22.0 12.0
30.0 22.0 14.0
30.0 22.0 16.0
30.0 22.0 18.0
30.0 22.0 20.0
30.0 22.0 22.0
30.0 22.0 24.0
30.0 22.0 26.0
30.0 22.0 28.0
30.0 22.0 30.0
30.0 22.0 32.0
30.0 22.0 34.0
30.0 22.0 36.0
30.0 22.0 38.0
30.0 24.0 0.0
30.0 24.0 2.0
30.0 24.0 4.0
30.0 24.0 6.0
30.0 24.0 8.0
30.0 24.0 10.0
30.0 24.0 12.0
30.0 24.0 14.0
30.0 24.0 16.0
30.0 24.0 18.0
30.0 24.0 20.0
30.0 24.0 22.0
30.0 24.0 24.0
30.0 24.0 26.0
30.0 24.0 28.0
30.0 24.0 30.0
30.0 24.0 32.0
30.0 24.0 34.0
30.0 24.0 36.0
30.0 24.0 38.0
30.0 26.0 0.0
30.0 26.0 2.0
30.0 26.0 4.0
30.0 26.0 6.0
30.0 26.0 8.0
30.0 26.0 10.0
30.0 26.0 12.0
30.0 26.0 14.0
30.0 26.0 16.0
30.0 26.0 18.0
30.0 26.0 20.0
30.0 26.0 22.0
30.0 26.0 24.0
30.0 26.0 26.0
30.0 26.0 28.0
30.0 26.0 30.0
30.0 26.0 32.0
30.0 26.0 34.0
30.0 26.0 36.0
30.0 26.0 38.0
30.0 28.0 0.0
30.0 28.0 2.0
30.0 28.0 4.0
30.0 28.0 6.0
30.0 28.0 8.0
30.0 28.0 10.0
30.0 28.0 12.0
30.0 28.0 14.0
30.0 28.0 16.0
30.0 28.0 18.0
30.0 28.0 20.0
30.0 28.0 22.0
30.0 28.0 24.0
30.0 28.0 26.0
30.0 28.0 28.0
30.0 28.0 30.0
30.0 28.0 32.0
30.0 28.0 34.0
30.0 28.0 36.0
30.0 28.0 38.0
30.0 30.0 0.0
30.0 30.0 2.0
30.0 30.0 4.0
30.0 30.0 6.0
30.0 30.0 8.0
30.0 30.0 10.0
30.0 30.0 12.0
30.0 30.0 14.0
30.0 30.0 16.0
30.0 30.0 18.0
30.0 30.0 20.0
30.0 30.0 22.0
30.0 30.0 24.0
30.0 30.0 26.0
30.0 30.0 28.0
30.0 30.0 30.0
30.0 30.0 32.0
30.0 30.0 34.0
30.0 30.0 36.0
30.0 30.0 38.0
30.0 32.0 0.0
30.0 32.0 2.0
30.0 32.0 4.0
30.0 32.0 6.0
30.0 32.0 8.0
30.0 32.0 10.0
30.0 32.0 12.0
30.0 32.0 14.0
30.0 32.0 16.0
30.0 32.0 18.0
30.0 32.0 20.0
30.0 32.0 22.0
30.0 32.0 24.0
30.0 32.0 26.0
30.0 32.0 28.0
30.0 32.0 30.0
30.0 32.0 32.0
30.0 32.0 34.0
30.0 32.0 36.0
30.0 32.0 38.0
30.0 34.0 0.0
30.0 34.0 2.0
30.0 34.0 4.0
30.0 34.0 6.0
30.0 34.0 8.0
30.0 34.0 10.0
30.0 34.0 12.0
30.0 34.0 14.0
30.0 34.0 16.0
30.0 34.0 18.0
30.0 34.0 20.0
30.0 34.0 22.0
30.0 34.0 24.0
30.0 34.0 26.0
30.0 34.0 28.0
30.0 34.0 30.0
30.0 34.0 32.0
30.0 34.0 34.0
30.0 34.0 36.0
30.0 34.0 38.0
30.0 36.0 0.0
30.0 36.0 2.0
30.0 36.0 4.0
30.0 36.0 6.0
30.0 36.0 8.0
30.0 36.0 10.0
30.0 36.0 12.0
30.0 36.0 14.0
30.0 36.0 16.0
30.0 36.0 18.0
30.0 36.0 20.0
30.0 36.0 22.0
30.0 36.0 24.0
30.0 36.0 26.0
30.0 36.0 28.0
30.0 36.0 30.0
30.0 36.0 32.0
30.0 36.0 34.0
30.0 36.0 36.0
30.0 36.0 38.0
30.0 38.0 0.0
30.0 38.0 2.0
30.0 38.0 4.0
30.0 38.0 6.0
30.0 38.0 8.0
30.0 38.0 10.0
30.0 38.0 12.0
30.0 38.0 14.0
30.0 38.0 16.0
30.0 38.0 18.0
30.0 38.0 20.0
30.0 38.0 22.0
30.0 38.0 24.0
30.0 38.0 26.0
30.0 38.0 28.0
30.0 38.0 30.0
30.0 38.0 32.0
30.0 38.0 34.0
30.0 38.0 36.0
30.0 38.0 38.0
32.0 0.0 0.0
32.0 0.0 2.0
32.0 0.0 4.0
32.0 0.0 6.0
32.0 0.0 8.0
32.0 0.0 10.0
32.0 0.0 12.0
32.0 0.0 14.0
32.0 0.0 16.0
32.0 0.0 18.0
32.0 0.0 20.0
32.0 0.0 22.0
32.0 0.0 24.0
32.0 0.0 26.0
32.0 0.0 28.0
32.0 0.0 30.0
32.0 0.0 32.0
32.0 0.0 34.0
32.0 0.0 36.0
32.0 0.0 38.0
32.0 2.0 0.0
32.0 2.0 2.0
32.0 2.0 4.0
32.0 2.0 6.0
32.0 2.0 8.0
32.0 2.0 10.0
32.0 2.0 12.0
32.0 2.0 14.0
32.0 2.0 16.0
32.0 2.0 18.0
32.0 2.0 20.0
32.0 2.0 22.0
32.0 2.0 24.0
32.0 2.0 26.0
32.0 2.0 28.0
32.0 2.0 30.0
32.0 2.0 32.0
32.0 2.0 34.0
32.0 2.0 36.0
32.0 2.0 38.0
32.0 4.0 0.0
32.0 4.0 2.0
32.0 4.0 4.0
32.0 4.0 6.0
32.0 4.0 8.0
32.0 4.0 10.0
32.0 4.0 12.0
32.0 4.0 14.0
32.0 4.0 16.0
32.0 4.0 18.0
32.0 4.0 20.0
32.0 4.0 22.0
32.0 4.0 24.0
32.0 4.0 26.0
32.0 4.0 28.0
32.0 4.0 30.0
32.0 4.0 32.0
32.0 4.0 34.0
32.0 4.0 36.0
32.0 4.0 38.0
32.0 6.0 0.0
32.0 6.0 2.0
32.0 6.0 4.0
32.0 6.0 6.0
32.0 6.0 8.0
32.0 6.0 10.0
32.0 6.0 12.0
32.0 6.0 14.0
32.0 6.0 16.0
32.0 6.0 18.0
32.0 6.0 20.0
32.0 6.0 22.0
32.0 6.0 24.0
32.0 6.0 26.0
32.0 6.0 28.0
32.0 6.0 30.0
32.0 6.0 32.0
32.0 6.0 34.0
32.0 6.0 36.0
32.0 6.0 38.0
32.0 8.0 0.0
32.0 8.0 2.0
32.0 8.0 4.0
32.0 8.0 6.0
32.0 8.0 8.0
32.0 8.0 10.0
32.0 8.0 12.0
32.0 8.0 14.0
32.0 8.0 16.0
32.0 8.0 18.0
32.0 8.0 20.0
32.0 8.0 22.0
32.0 8.0 24.0
32.0 8.0 26.0
32.0 8.0 28.0
32.0 8.0 30.0
32.0 8.0 32.0
32.0 8.0 34.0
32.0 8.0 36.0
32.0 8.0 38.0
32.0 10.0 0.0
32.0 10.0 2.0
32.0 10.0 4.0
32.0 10.0 6.0
32.0 10.0 8.0
32.0 10.0 10.0
32.0 10.0 12.0
32.0 10.0 14.0
32.0 10.0 16.0
32.0 10.0 18.0
32.0 10.0 20.0
32.0 10.0 22.0
32.0 10.0 24.0
32.0 10.0 26.0
32.0 10.0 28.0
32.0 10.0 30.0
32.0 10.0 32.0
32.0 10.0 34.0
32.0 10.0 36.0
32.0 10.0 38.0
32.0 12.0 0.0
32.0 12.0 2.0
32.0 12.0 4.0
32.0 12.0 6.0
32.0 12.0 8.0
32.0 12.0 10.0
32.0 12.0 12.0
32.0 12.0 14.0
32.0 12.0 16.0
32.0 12.0 18.0
32.0 12.0 20.0
32.0 12.0 22.0
32.0 12.0 24.0
32.0 12.0 26.0
32.0 12.0 28.0
32.0 12.0 30.0
32.0 12.0 32.0
32.0 12.0 34.0
32.0 12.0 36.0
32.0 12.0 38.0
32.0 14.0 0.0
32.0 14.0 2.0
32.0 14.0 4.0
32.0 14.0 6.0
32.0 14.0 8.0
32.0 14.0 10.0
32.0 14.0 12.0
32.0 14.0 14.0
32.0 14.0 16.0
32.0 14.0 18.0
32.0 14.0 20.0
32.0 14.0 22.0
32.0 14.0 24.0
32.0 14.0 26.0
32.0 14.0 28.0
32.0 14.0 30.0
32.0 14.0 32.0
32.0 14.0 34.0
32.0 14.0 36.0
32.0 14.0 38.0
32.0 16.0 0.0
32.0 16.0 2.0
32.0 16.0 4.0
32.0 16.0 6.0
32.0 16.0 8.0
32.0 16.0 10.0
32.0 16.0 12.0
32.0 16.0 14.0
32.0 16.0 16.0
32.0 16.0 18.0
32.0 16.0 20.0
32.0 16.0 22.0
32.0 16.0 24.0
32.0 16.0 26.0
32.0 16.0 28.0
32.0 16.0 30.0
32.0 16.0 32.0
32.0 16.0 34.0
32.0 16.0 36.0
32.0 16.0 38.0
32.0 18.0 0.0
32.0 18.0 2.0
32.0 18.0 4.0
32.0 18.0 6.0
32.0 18.0 8.0
32.0 18.0 10.0
32.0 18.0 12.0
32.0 18.0 14.0
32.0 18.0 16.0
32.0 18.0 18.0
32.0 18.0 20.0
32.0 18.0 22.0
32.0 18.0 24.0
32.0 18.0 26.0
32.0 18.0 28.0
32.0 18.0 30.0
32.0 18.0 32.0
32.0 18.0 34.0
32.0 18.0 36.0
32.0 18.0 38.0
32.0 20.0 0.0
32.0 20.0 2.0
32.0 20.0 4.0
32.0 20.0 6.0
32.0 20.0 8.0
32.0 20.0 10.0
32.0 20.0 12.0
32.0 20.0 14.0
32.0 20.0 16.0
32.0 20.0 18.0
32.0 20.0 20.0
32.0 20.0 22.0
32.0 20.0 24.0
32.0 20.0 26.0
32.0 20.0 28.0
32.0 20.0 30.0
32.0 20.0 32.0
32.0 20.0 34.0
32.0 20.0 36.0
32.0 20.0 38.0
32.0 22.0 0.0
32.0 22.0 2.0
32.0 22.0 4.0
32.0 22.0 6.0
32.0 22.0 8.0
32.0 22.0 10.0
32.0 22.0 12.0
32.0 22.0 14.0
32.0 22.0 16.0
32.0 22.0 18.0
32.0 22.0 20.0
32.0 22.0 22.0
32.0 22.0 24.0
32.0 22.0 26.0
32.0 22.0 28.0
32.0 22.0 30.0
32.0 22.0 32.0
32.0 22.0 34.0
32.0 22.0 36.0
32.0 22.0 38.0
32.0 24.0 0.0
32.0 24.0 2.0
32.0 24.0 4.0
32.0 24.0 6.0
32.0 24.0 8.0
32.0 24.0 10.0
32.0 24.0 12.0
32.0 24.0 14.0
32.0 24.0 16.0
32.0 24.0 18.0
32.0 24.0 20.0
32.0 24.0 22.0
32.0 24.0 24.0
32.0 24.0 26.0
32.0 24.0 28.0
32.0 24.0 30.0
32.0 24.0 32.0
32.0 24.0 34.0
32.0 24.0 36.0
32.0 24.0 38.0
32.0 26.0 0.0
32.0 26.0 2.0
32.0 26.0 4.0
32.0 26.0 6.0
32.0 26.0 8.0
32.0 26.0 10.0
32.0 26.0 12.0
32.0 26.0 14.0
32.0 26.0 16.0
32.0 26.0 18.0
32.0 26.0 20.0
32.0 26.0 22.0
32.0 26.0 24.0
32.0 26.0 26.0
32.0 26.0 28.0
32.0 26.0 30.0
32.0 26.0 32.0
32.0 26.0 34.0
32.0 26.0 36.0
32.0 26.0 38.0
32.0 28.0 0.0
32.0 28.0 2.0
32.0 28.0 4.0
32.0 28.0 6.0
32.0 28.0 8.0
32.0 28.0 10.0
32.0 28.0 12.0
32.0 28.0 14.0
32.0 28.0 16.0
32.0 28.0 18.0
32.0 28.0 20.0
32.0 28.0 22.0
32.0 28.0 24.0
32.0 28.0 26.0
32.0 28.0 28.0
32.0 28.0 30.0
32.0 28.0 32.0
32.0 28.0 34.0
32.0 28.0 36.0
32.0 28.0 38.0
32.0 30.0 0.0
32.0 30.0 2.0
32.0 30.0 4.0
32.0 30.0 6.0
32.0 30.0 8.0
32.0 30.0 10.0
32.0 30.0 12.0
32.0 30.0 14.0
32.0 30.0 16.0
32.0 30.0 18.0
32.0 30.0 20.0
32.0 30.0 22.0
32.0 30.0 24.0
32.0 30.0 26.0
32.0 30.0 28.0
32.0 30.0 30.0
32.0 30.0 32.0
32.0 30.0 34.0
32.0 30.0 36.0
32.0 30.0 38.0
32.0 32.0 0.0
32.0 32.0 2.0
32.0 32.0 4.0
32.0 32.0 6.0
32.0 32.0 8.0
32.0 32.0 10.0
32.0 32.0 12.0
32.0 32.0 14.0
32.0 32.0 16.0
32.0 32.0 18.0
32.0 32.0 20.0
32.0 32.0 22.0
32.0 32.0 24.0
32.0 32.0 26.0
32.0 32.0 28.0
32.0 32.0 30.0
32.0 32.0 32.0
32.0 32.0 34.0
32.0 32.0 36.0
32.0 32.0 38.0
32.0 34.0 0.0
32.0 34.0 2.0
32.0 34.0 4.0
32.0 34.0 6.0
32.0 34.0 8.0
32.0 34.0 10.0
32.0 34.0 12.0
32.0 34.0 14.0
32.0 34.0 16.0
32.0 34.0 18.0
32.0 34.0 20.0
32.0 34.0 22.0
32.0 34.0 24.0
32.0 34.0 26.0
32.0 34.0 28.0
32.0 34.0 30.0
32.0 34.0 32.0
32.0 34.0 34.0
32.0 34.0 36.0
32.0 34.0 38.0
32.0 36.0 0.0
32.0 36.0 2.0
32.0 36.0 4.0
32.0 36.0 6.0
32.0 36.0 8.0
32.0 36.0 10.0
32.0 36.0 12.0
32.0 36.0 14.0
32.0 36.0 16.0
32.0 36.0 18.0
32.0 36.0 20.0
32.0 36.0 22.0
32.0 36.0 24.0
32.0 36.0 26.0
32.0 36.0 28.0
32.0 36.0 30.0
32.0 36.0 32.0
32.0 36.0 34.0
32.0 36.0 36.0
32.0 36.0 38.0
32.0 38.0 0.0
32.0 38.0 2.0
32.0 38.0 4.0
32.0 38.0 6.0
32.0 38.0 8.0
32.0 38.0 10.0
32.0 38.0 12.0
32.0 38.0 14.0
32.0 38.0 16.0
32.0 38.0 18.0
32.0 38.0 20.0
32.0 38.0 22.0
32.0 38.0 24.0
32.0 38.0 26.0
32.0 38.0 28.0
32.0 38.0 30.0
32.0 38.0 32.0
32.0 38.0 34.0
32.0 38.0 36.0
32.0 38.0 38.0
34.0 0.0 0.0
34.0 0.0 2.0
34.0 0.0 4.0
34.0 0.0 6.0
34.0 0.0 8.0
34.0 0.0 10.0
34.0 0.0 12.0
34.0 0.0 14.0
34.0 0.0 16.0
34.0 0.0 18.0
34.0 0.0 20.0
34.0 0.0 22.0
34.0 0.0 24.0
34.0 0.0 26.0
34.0 0.0 28.0
34.0 0.0 30.0
34.0 0.0 32.0
34.0 0.0 34.0
34.0 0.0 36.0
34.0 0.0 38.0
34.0 2.0 0.0
34.0 2.0 2.0
34.0 2.0 4.0
34.0 2.0 6.0
34.0 2.0 8.0
34.0 2.0 10.0
34.0 2.0 12.0
34.0 2.0 14.0
34.0 2.0 16.0
34.0 2.0 18.0
34.0 2.0 20.0
34.0 2.0 22.0
34.0 2.0 24.0
34.0 2.0 26.0
34.0 2.0 28.0
34.0 2.0 30.0
34.0 2.0 32.0
34.0 2.0 34.0
34.0 2.0 36.0
34.0 2.0 38.0
34.0 4.0 0.0
34.0 4.0 2.0
34.0 4.0 4.0
34.0 4.0 6.0
34.0 4.0 8.0
34.0 4.0 10.0
34.0 4.0 12.0
34.0 4.0 14.0
34.0 4.0 16.0
34.0 4.0 18.0
34.0 4.0 20.0
34.0 4.0 22.0
34.0 4.0 24.0
34.0 4.0 26.0
34.0 4.0 28.0
34.0 4.0 30.0
34.0 4.0 32.0
34.0 4.0 34.0
34.0 4.0 36.0
34.0 4.0 38.0
34.0 6.0 0.0
34.0 6.0 2.0
34.0 6.0 4.0
34.0 6.0 6.0
34.0 6.0 8.0
34.0 6.0 10.0
34.0 6.0 12.0
34.0 6.0 14.0
34.0 6.0 16.0
34.0 6.0 18.0
34.0 6.0 20.0
34.0 6.0 22.0
34.0 6.0 24.0
34.0 6.0 26.0
34.0 6.0 28.0
34.0 6.0 30.0
34.0 6.0 32.0
34.0 6.0 34.0
34.0 6.0 36.0
34.0 6.0 38.0
34.0 8.0 0.0
34.0 8.0 2.0
34.0 8.0 4.0
34.0 8.0 6.0
34.0 8.0 8.0
34.0 8.0 10.0
34.0 8.0 12.0
34.0 8.0 14.0
34.0 8.0 16.0
34.0 8.0 18.0
34.0 8.0 20.0
34.0 8.0 22.0
34.0 8.0 24.0
34.0 8.0 26.0
34.0 8.0 28.0
34.0 8.0 30.0
34.0 8.0 32.0
34.0 8.0 34.0
34.0 8.0 36.0
34.0 8.0 38.0
34.0 10.0 0.0
34.0 10.0 2.0
34.0 10.0 4.0
34.0 10.0 6.0
34.0 10.0 8.0
34.0 10.0 10.0
34.0 10.0 12.0
34.0 10.0 14.0
34.0 10.0 16.0
34.0 10.0 18.0
34.0 10.0 20.0
34.0 10.0 22.0
34.0 10.0 24.0
34.0 10.0 26.0
34.0 10.0 28.0
34.0 10.0 30.0
34.0 10.0 32.0
34.0 10.0 34.0
34.0 10.0 36.0
34.0 10.0 38.0
34.0 12.0 0.0
34.0 12.0 2.0
34.0 12.0 4.0
34.0 12.0 6.0
34.0 12.0 8.0
34.0 12.0 10.0
34.0 12.0 12.0
34.0 12.0 14.0
34.0 12.0 16.0
34.0 12.0 18.0
34.0 12.0 20.0
34.0 12.0 22.0
34.0 12.0 24.0
34.0 12.0 26.0
34.0 12.0 28.0
34.0 12.0 30.0
34.0 12.0 32.0
34.0 12.0 34.0
34.0 12.0 36.0
34.0 12.0 38.0
34.0 14.0 0.0
34.0 14.0 2.0
34.0 14.0 4.0
34.0 14.0 6.0
34.0 14.0 8.0
34.0 14.0 10.0
34.0 14.0 12.0
34.0 14.0 14.0
34.0 14.0 16.0
34.0 14.0 18.0
34.0 14.0 20.0
34.0 14.0 22.0
34.0 14.0 24.0
34.0 14.0 26.0
34.0 14.0 28.0
34.0 14.0 30.0
34.0 14.0 32.0
34.0 14.0 34.0
34.0 14.0 36.0
34.0 14.0 38.0
34.0 16.0 0.0
34.0 16.0 2.0
34.0 16.0 4.0
34.0 16.0 6.0
34.0 16.0 8.0
34.0 16.0 10.0
34.0 16.0 12.0
34.0 16.0 14.0
34.0 16.0 16.0
34.0 16.0 18.0
34.0 16.0 20.0
34.0 16.0 22.0
34.0 16.0 24.0
34.0 16.0 26.0
34.0 16.0 28.0
34.0 16.0 30.0
34.0 16.0 32.0
34.0 16.0 34.0
34.0 16.0 36.0
34.0 16.0 38.0
34.0 18.0 0.0
34.0 18.0 2.0
34.0 18.0 4.0
34.0 18.0 6.0
34.0 18.0 8.0
34.0 18.0 10.0
34.0 18.0 12.0
34.0 18.0 14.0
34.0 18.0 16.0
34.0 18.0 18.0
34.0 18.0 20.0
34.0 18.0 22.0
34.0 18.0 24.0
34.0 18.0 26.0
34.0 18.0 28.0
34.0 18.0 30.0
34.0 18.0 32.0
34.0 18.0 34.0
34.0 18.0 36.0
34.0 18.0 38.0
34.0 20.0 0.0
34.0 20.0 2.0
34.0 20.0 4.0
34.0 20.0 6.0
34.0 20.0 8.0
34.0 20.0 10.0
34.0 20.0 12.0
34.0 20.0 14.0
34.0 20.0 16.0
34.0 20.0 18.0
34.0 20.0 20.0
34.0 20.0 22.0
34.0 20.0 24.0
34.0 20.0 26.0
34.0 20.0 28.0
34.0 20.0 30.0
34.0 20.0 32.0
34.0 20.0 34.0
34.0 20.0 36.0
34.0 20.0 38.0
34.0 22.0 0.0
34.0 22.0 2.0
34.0 22.0 4.0
34.0 22.0 6.0
34.0 22.0 8.0
34.0 22.0 10.0
34.0 22.0 12.0
34.0 22.0 14.0
34.0 22.0 16.0
34.0 22.0 18.0
34.0 22.0 20.0
34.0 22.0 22.0
34.0 22.0 24.0
34.0 22.0 26.0
34.0 22.0 28.0
34.0 22.0 30.0
34.0 22.0 32.0
34.0 22.0 34.0
34.0 22.0 36.0
34.0 22.0 38.0
34.0 24.0 0.0
34.0 24.0 2.0
34.0 24.0 4.0
34.0 24.0 6.0
34.0 24.0 8.0
34.0 24.0 10.0
34.0 24.0 12.0
34.0 24.0 14.0
34.0 24.0 16.0
34.0 24.0 18.0
34.0 24.0 20.0
34.0 24.0 22.0
34.0 24.0 24.0
34.0 24.0 26.0
34.0 24.0 28.0
34.0 24.0 30.0
34.0 24.0 32.0
34.0 24.0 34.0
34.0 24.0 36.0
34.0 24.0 38.0
34.0 26.0 0.0
34.0 26.0 2.0
34.0 26.0 4.0
34.0 26.0 6.0
34.0 26.0 8.0
34.0 26.0 10.0
34.0 26.0 12.0
34.0 26.0 14.0
34.0 26.0 16.0
34.0 26.0 18.0
34.0 26.0 20.0
34.0 26.0 22.0
34.0 26.0 24.0
34.0 26.0 26.0
34.0 26.0 28.0
34.0 26.0 30.0
34.0 26.0 32.0
34.0 26.0 34.0
34.0 26.0 36.0
34.0 26.0 38.0
34.0 28.0 0.0
34.0 28.0 2.0
34.0 28.0 4.0
34.0 28.0 6.0
34.0 28.0 8.0
34.0 28.0 10.0
34.0 28.0 12.0
34.0 28.0 14.0
34.0 28.0 16.0
34.0 28.0 18.0
34.0 28.0 20.0
34.0 28.0 22.0
34.0 28.0 24.0
34.0 28.0 26.0
34.0 28.0 28.0
34.0 28.0 30.0
34.0 28.0 32.0
34.0 28.0 34.0
34.0 28.0 36.0
34.0 28.0 38.0
34.0 30.0 0.0
34.0 30.0 2.0
34.0 30.0 4.0
34.0 30.0 6.0
34.0 30.0 8.0
34.0 30.0 10.0
34.0 30.0 12.0
34.0 30.0 14.0
34.0 30.0 16.0
34.0 30.0 18.0
34.0 30.0 20.0
34.0 30.0 22.0
34.0 30.0 24.0
34.0 30.0 26.0
34.0 30.0 28.0
34.0 30.0 30.0
34.0 30.0 32.0
34.0 30.0 34.0
34.0 30.0 36.0
34.0 30.0 38.0
34.0 32.0 0.0
34.0 32.0 2.0
34.0 32.0 4.0
34.0 32.0 6.0
34.0 32.0 8.0
34.0 32.0 10.0
34.0 32.0 12.0
34.0 32.0 14.0
34.0 32.0 16.0
34.0 32.0 18.0
34.0 32.0 20.0
34.0 32.0 22.0
34.0 32.0 24.0
34.0 32.0 26.0
34.0 32.0 28.0
34.0 32.0 30.0
34.0 32.0 32.0
34.0 32.0 34.0
34.0 32.0 36.0
34.0 32.0 38.0
34.0 34.0 0.0
34.0 34.0 2.0
34.0 34.0 4.0
34.0 34.0 6.0
34.0 34.0 8.0
34.0 34.0 10.0
34.0 34.0 12.0
34.0 34.0 14.0
34.0 34.0 16.0
34.0 34.0 18.0
34.0 34.0 20.0
34.0 34.0 22.0
34.0 34.0 24.0
34.0 34.0 26.0
34.0 34.0 28.0
34.0 34.0 30.0
34.0 34.0 32.0
34.0 34.0 34.0
34.0 34.0 36.0
34.0 34.0 38.0
34.0 36.0 0.0
34.0 36.0 2.0
34.0 36.0 4.0
34.0 36.0 6.0
34.0 36.0 8.0
34.0 36.0 10.0
34.0 36.0 12.0
34.0 36.0 14.0
34.0 36.0 16.0
34.0 36.0 18.0
34.0 36.0 20.0
34.0 36.0 22.0
34.0 36.0 24.0
34.0 36.0 26.0
34.0 36.0 28.0
34.0 36.0 30.0
34.0 36.0 32.0
34.0 36.0 34.0
34.0 36.0 36.0
34.0 36.0 38.0
34.0 38.0 0.0
34.0 38.0 2.0
34.0 38.0 4.0
34.0 38.0 6.0
34.0 38.0 8.0
34.0 38.0 10.0
34.0 38.0 12.0
34.0 38.0 14.0
34.0 38.0 16.0
34.0 38.0 18.0
34.0 38.0 20.0
34.0 38.0 22.0
34.0 38.0 24.0
34.0 38.0 26.0
34.0 38.0 28.0
34.0 38.0 30.0
34.0 38.0 32.0
34.0 38.0 34.0
34.0 38.0 36.0
34.0 38.0 38.0
36.0 0.0 0.0
36.0 0.0 2.0
36.0 0.0 4.0
36.0 0.0 6.0
36.0 0.0 8.0
36.0 0.0 10.0
36.0 0.0 12.0
36.0 0.0 14.0
36.0 0.0 16.0
36.0 0.0 18.0
36.0 0.0 20.0
36.0 0.0 22.0
36.0 0.0 24.0
36.0 0.0 26.0
36.0 0.0 28.0
36.0 0.0 30.0
36.0 0.0 32.0
36.0 0.0 34.0
36.0 0.0 36.0
36.0 0.0 38.0
36.0 2.0 0.0
36.0 2.0 2.0
36.0 2.0 4.0
36.0 2.0 6.0
36.0 2.0 8.0
36.0 2.0 10.0
36.0 2.0 12.0
36.0 2.0 14.0
36.0 2.0 16.0
36.0 2.0 18.0
36.0 2.0 20.0
36.0 2.0 22.0
36.0 2.0 24.0
36.0 2.0 26.0
36.0 2.0 28.0
36.0 2.0 30.0
36.0 2.0 32.0
36.0 2.0 34.0
36.0 2.0 36.0
36.0 2.0 38.0
36.0 4.0 0.0
36.0 4.0 2.0
36.0 4.0 4.0
36.0 4.0 6.0
36.0 4.0 8.0
36.0 4.0 10.0
36.0 4.0 12.0
36.0 4.0 14.0
36.0 4.0 16.0
36.0 4.0 18.0
36.0 4.0 20.0
36.0 4.0 22.0
36.0 4.0 24.0
36.0 4.0 26.0
36.0 4.0 28.0
36.0 4.0 30.0
36.0 4.0 32.0
36.0 4.0 34.0
36.0 4.0 36.0
36.0 4.0 38.0
36.0 6.0 0.0
36.0 6.0 2.0
36.0 6.0 4.0
36.0 6.0 6.0
36.0 6.0 8.0
36.0 6.0 10.0
36.0 6.0 12.0
36.0 6.0 14.0
36.0 6.0 16.0
36.0 6.0 18.0
36.0 6.0 20.0
36.0 6.0 22.0
36.0 6.0 24.0
36.0 6.0 26.0
36.0 6.0 28.0
36.0 6.0 30.0
36.0 6.0 32.0
36.0 6.0 34.0
36.0 6.0 36.0
36.0 6.0 38.0
36.0 8.0 0.0
36.0 8.0 2.0
36.0 8.0 4.0
36.0 8.0 6.0
36.0 8.0 8.0
36.0 8.0 10.0
36.0 8.0 12.0
36.0 8.0 14.0
36.0 8.0 16.0
36.0 8.0 18.0
36.0 8.0 20.0
36.0 8.0 22.0
36.0 8.0 24.0
36.0 8.0 26.0
36.0 8.0 28.0
36.0 8.0 30.0
36.0 8.0 32.0
36.0 8.0 34.0
36.0 8.0 36.0
36.0 8.0 38.0
36.0 10.0 0.0
36.0 10.0 2.0
36.0 10.0 4.0
36.0 10.0 6.0
36.0 10.0 8.0
36.0 10.0 10.0
36.0 10.0 12.0
36.0 10.0 14.0
36.0 10.0 16.0
36.0 10.0 18.0
36.0 10.0 20.0
36.0 10.0 22.0
36.0 10.0 24.0
36.0 10.0 26.0
36.0 10.0 28.0
36.0 10.0 30.0
36.0 10.0 32.0
36.0 10.0 34.0
36.0 10.0 36.0
36.0 10.0 38.0
36.0 12.0 0.0
36.0 12.0 2.0
36.0 12.0 4.0
36.0 12.0 6.0
36.0 12.0 8.0
36.0 12.0 10.0
36.0 12.0 12.0
36.0 12.0 14.0
36.0 12.0 16.0
36.0 12.0 18.0
36.0 12.0 20.0
36.0 12.0 22.0
36.0 12.0 24.0
36.0 12.0 26.0
36.0 12.0 28.0
36.0 12.0 30.0
36.0 12.0 32.0
36.0 12.0 34.0
36.0 12.0 36.0
36.0 12.0 38.0
36.0 14.0 0.0
36.0 14.0 2.0
36.0 14.0 4.0
36.0 14.0 6.0
36.0 14.0 8.0
36.0 14.0 10.0
36.0 14.0 12.0
36.0 14.0 14.0
36.0 14.0 16.0
36.0 14.0 18.0
36.0 14.0 20.0
36.0 14.0 22.0
36.0 14.0 24.0
36.0 14.0 26.0
36.0 14.0 28.0
36.0 14.0 30.0
36.0 14.0 32.0
36.0 14.0 34.0
36.0 14.0 36.0
36.0 14.0 38.0
36.0 16.0 0.0
36.0 16.0 2.0
36.0 16.0 4.0
36.0 16.0 6.0
36.0 16.0 8.0
36.0 16.0 10.0
36.0 16.0 12.0
36.0 16.0 14.0
36.0 16.0 16.0
36.0 16.0 18.0
36.0 16.0 20.0
36.0 16.0 22.0
36.0 16.0 24.0
36.0 16.0 26.0
36.0 16.0 28.0
36.0 16.0 30.0
36.0 16.0 32.0
36.0 16.0 34.0
36.0 16.0 36.0
36.0 16.0 38.0
36.0 18.0 0.0
36.0 18.0 2.0
36.0 18.0 4.0
36.0 18.0 6.0
36.0 18.0 8.0
36.0 18.0 10.0
36.0 18.0 12.0
36.0 18.0 14.0
36.0 18.0 16.0
36.0 18.0 18.0
36.0 18.0 20.0
36.0 18.0 22.0
36.0 18.0 24.0
36.0 18.0 26.0
36.0 18.0 28.0
36.0 18.0 30.0
36.0 18.0 32.0
36.0 18.0 34.0
36.0 18.0 36.0
36.0 18.0 38.0
36.0 20.0 0.0
36.0 20.0 2.0
36.0 20.0 4.0
36.0 20.0 6.0
36.0 20.0 8.0
36.0 20.0 10.0
36.0 20.0 12.0
36.0 20.0 14.0
36.0 20.0 16.0
36.0 20.0 18.0
36.0 20.0 20.0
36.0 20.0 22.0
36.0 20.0 24.0
36.0 20.0 26.0
36.0 20.0 28.0
36.0 20.0 30.0
36.0 20.0 32.0
36.0 20.0 34.0
36.0 20.0 36.0
36.0 20.0 38.0
36.0 22.0 0.0
36.0 22.0 2.0
36.0 22.0 4.0
36.0 22.0 6.0
36.0 22.0 8.0
36.0 22.0 10.0
36.0 22.0 12.0
36.0 22.0 14.0
36.0 22.0 16.0
36.0 22.0 18.0
36.0 22.0 20.0
36.0 22.0 22.0
36.0 22.0 24.0
36.0 22.0 26.0
36.0 22.0 28.0
36.0 22.0 30.0
36.0 22.0 32.0
36.0 22.0 34.0
36.0 22.0 36.0
36.0 22.0 38.0
36.0 24.0 0.0
36.0 24.0 2.0
36.0 24.0 4.0
36.0 24.0 6.0
36.0 24.0 8.0
36.0 24.0 10.0
36.0 24.0 12.0
36.0 24.0 14.0
36.0 24.0 16.0
36.0 24.0 18.0
36.0 24.0 20.0
36.0 24.0 22.0
36.0 24.0 24.0
36.0 24.0 26.0
36.0 24.0 28.0
36.0 24.0 30.0
36.0 24.0 32.0
36.0 24.0 34.0
36.0 24.0 36.0
36.0 24.0 38.0
36.0 26.0 0.0
36.0 26.0 2.0
36.0 26.0 4.0
36.0 26.0 6.0
36.0 26.0 8.0
36.0 26.0 10.0
36.0 26.0 12.0
36.0 26.0 14.0
36.0 26.0 16.0
36.0 26.0 18.0
36.0 26.0 20.0
36.0 26.0 22.0
36.0 26.0 24.0
36.0 26.0 26.0
36.0 26.0 28.0
36.0 26.0 30.0
36.0 26.0 32.0
36.0 26.0 34.0
36.0 26.0 36.0
36.0 26.0 38.0
36.0 28.0 0.0
36.0 28.0 2.0
36.0 28.0 4.0
36.0 28.0 6.0
36.0 28.0 8.0
36.0 28.0 10.0
36.0 28.0 12.0
36.0 28.0 14.0
36.0 28.0 16.0
36.0 28.0 18.0
36.0 28.0 20.0
36.0 28.0 22.0
36.0 28.0 24.0
36.0 28.0 26.0
36.0 28.0 28.0
36.0 28.0 30.0
36.0 28.0 32.0
36.0 28.0 34.0
36.0 28.0 36.0
36.0 28.0 38.0
36.0 30.0 0.0
36.0 30.0 2.0
36.0 30.0 4.0
36.0 30.0 6.0
36.0 30.0 8.0
36.0 30.0 10.0
36.0 30.0 12.0
36.0 30.0 14.0
36.0 30.0 16.0
36.0 30.0 18.0
36.0 30.0 20.0
36.0 30.0 22.0
36.0 30.0 24.0
36.0 30.0 26.0
36.0 30.0 28.0
36.0 30.0 30.0
36.0 30.0 32.0
36.0 30.0 34.0
36.0 30.0 36.0
36.0 30.0 38.0
36.0 32.0 0.0
36.0 32.0 2.0
36.0 32.0 4.0
36.0 32.0 6.0
36.0 32.0 8.0
36.0 32.0 10.0
36.0 32.0 12.0
36.0 32.0 14.0
36.0 32.0 16.0
36.0 32.0 18.0
36.0 32.0 20.0
36.0 32.0 22.0
36.0 32.0 24.0
36.0 32.0 26.0
36.0 32.0 28.0
36.0 32.0 30.0
36.0 32.0 32.0
36.0 32.0 34.0
36.0 32.0 36.0
36.0 32.0 38.0
36.0 34.0 0.0
36.0 34.0 2.0
36.0 34.0 4.0
36.0 34.0 6.0
36.0 34.0 8.0
36.0 34.0 10.0
36.0 34.0 12.0
36.0 34.0 14.0
36.0 34.0 16.0
36.0 34.0 18.0
36.0 34.0 20.0
36.0 34.0 22.0
36.0 34.0 24.0
36.0 34.0 26.0
36.0 34.0 28.0
36.0 34.0 30.0
36.0 34.0 32.0
36.0 34.0 34.0
36.0 34.0 36.0
36.0 34.0 38.0
36.0 36.0 0.0
36.0 36.0 2.0
36.0 36.0 4.0
36.0 36.0 6.0
36.0 36.0 8.0
36.0 36.0 10.0
36.0 36.0 12.0
36.0 36.0 14.0
36.0 36.0 16.0
36.0 36.0 18.0
36.0 36.0 20.0
36.0 36.0 22.0
36.0 36.0 24.0
36.0 36.0 26.0
36.0 36.0 28.0
36.0 36.0 30.0
36.0 36.0 32.0
36.0 36.0 34.0
36.0 36.0 36.0
36.0 36.0 38.0
36.0 38.0 0.0
36.0 38.0 2.0
36.0 38.0 4.0
36.0 38.0 6.0
36.0 38.0 8.0
36.0 38.0 10.0
36.0 38.0 12.0
36.0 38.0 14.0
36.0 38.0 16.0
36.0 38.0 18.0
36.0 38.0 20.0
36.0 38.0 22.0
36.0 38.0 24.0
36.0 38.0 26.0
36.0 38.0 28.0
36.0 38.0 30.0
36.0 38.0 32.0
36.0 38.0 34.0
36.0 38.0 36.0
36.0 38.0 38.0
38.0 0.0 0.0
38.0 0.0 2.0
38.0 0.0 4.0
38.0 0.0 6.0
38.0 0.0 8.0
38.0 0.0 10.0
38.0 0.0 12.0
38.0 0.0 14.0
38.0 0.0 16.0
38.0 0.0 18.0
38.0 0.0 20.0
38.0 0.0 22.0
38.0 0.0 24.0
38.0 0.0 26.0
38.0 0.0 28.0
38.0 0.0 30.0
38.0 0.0 32.0
38.0 0.0 34.0
38.0 0.0 36.0
38.0 0.0 38.0
38.0 2.0 0.0
38.0 2.0 2.0
38.0 2.0 4.0
38.0 2.0 6.0
38.0 2.0 8.0
38.0 2.0 10.0
38.0 2.0 12.0
38.0 2.0 14.0
38.0 2.0 16.0
38.0 2.0 18.0
38.0 2.0 20.0
38.0 2.0 22.0
38.0 2.0 24.0
38.0 2.0 26.0
38.0 2.0 28.0
38.0 2.0 30.0
38.0 2.0 32.0
38.0 2.0 34.0
38.0 2.0 36.0
38.0 2.0 38.0
38.0 4.0 0.0
38.0 4.0 2.0
38.0 4.0 4.0
38.0 4.0 6.0
38.0 4.0 8.0
38.0 4.0 10.0
38.0 4.0 12.0
38.0 4.0 14.0
38.0 4.0 16.0
38.0 4.0 18.0
38.0 4.0 20.0
38.0 4.0 22.0
38.0 4.0 24.0
38.0 4.0 26.0
38.0 4.0 28.0
38.0 4.0 30.0
38.0 4.0 32.0
38.0 4.0 34.0
38.0 4.0 36.0
38.0 4.0 38.0
38.0 6.0 0.0
38.0 6.0 2.0
38.0 6.0 4.0
38.0 6.0 6.0
38.0 6.0 8.0
38.0 6.0 10.0
38.0 6.0 12.0
38.0 6.0 14.0
38.0 6.0 16.0
38.0 6.0 18.0
38.0 6.0 20.0
38.0 6.0 22.0
38.0 6.0 24.0
38.0 6.0 26.0
38.0 6.0 28.0
38.0 6.0 30.0
38.0 6.0 32.0
38.0 6.0 34.0
38.0 6.0 36.0
38.0 6.0 38.0
38.0 8.0 0.0
38.0 8.0 2.0
38.0 8.0 4.0
38.0 8.0 6.0
38.0 8.0 8.0
38.0 8.0 10.0
38.0 8.0 12.0
38.0 8.0 14.0
38.0 8.0 16.0
38.0 8.0 18.0
38.0 8.0 20.0
38.0 8.0 22.0
38.0 8.0 24.0
38.0 8.0 26.0
38.0 8.0 28.0
38.0 8.0 30.0
38.0 8.0 32.0
38.0 8.0 34.0
38.0 8.0 36.0
38.0 8.0 38.0
38.0 10.0 0.0
38.0 10.0 2.0
38.0 10.0 4.0
38.0 10.0 6.0
38.0 10.0 8.0
38.0 10.0 10.0
38.0 10.0 12.0
38.0 10.0 14.0
38.0 10.0 16.0
38.0 10.0 18.0
38.0 10.0 20.0
38.0 10.0 22.0
38.0 10.0 24.0
38.0 10.0 26.0
38.0 10.0 28.0
38.0 10.0 30.0
38.0 10.0 32.0
38.0 10.0 34.0
38.0 10.0 36.0
38.0 10.0 38.0
38.0 12.0 0.0
38.0 12.0 2.0
38.0 12.0 4.0
38.0 12.0 6.0
38.0 12.0 8.0
38.0 12.0 10.0
38.0 12.0 12.0
38.0 12.0 14.0
38.0 12.0 16.0
38.0 12.0 18.0
38.0 12.0 20.0
38.0 12.0 22.0
38.0 12.0 24.0
38.0 12.0 26.0
38.0 12.0 28.0
38.0 12.0 30.0
38.0 12.0 32.0
38.0 12.0 34.0
38.0 12.0 36.0
38.0 12.0 38.0
38.0 14.0 0.0
38.0 14.0 2.0
38.0 14.0 4.0
38.0 14.0 6.0
38.0 14.0 8.0
38.0 14.0 10.0
38.0 14.0 12.0
38.0 14.0 14.0
38.0 14.0 16.0
38.0 14.0 18.0
38.0 14.0 20.0
38.0 14.0 22.0
38.0 14.0 24.0
38.0 14.0 26.0
38.0 14.0 28.0
38.0 14.0 30.0
38.0 14.0 32.0
38.0 14.0 34.0
38.0 14.0 36.0
38.0 14.0 38.0
38.0 16.0 0.0
38.0 16.0 2.0
38.0 16.0 4.0
38.0 16.0 6.0
38.0 16.0 8.0
38.0 16.0 10.0
38.0 16.0 12.0
38.0 16.0 14.0
38.0 16.0 16.0
38.0 16.0 18.0
38.0 16.0 20.0
38.0 16.0 22.0
38.0 16.0 24.0
38.0 16.0 26.0
38.0 16.0 28.0
38.0 16.0 30.0
38.0 16.0 32.0
38.0 16.0 34.0
38.0 16.0 36.0
38.0 16.0 38.0
38.0 18.0 0.0
38.0 18.0 2.0
38.0 18.0 4.0
38.0 18.0 6.0
38.0 18.0 8.0
38.0 18.0 10.0
38.0 18.0 12.0
38.0 18.0 14.0
38.0 18.0 16.0
38.0 18.0 18.0
38.0 18.0 20.0
38.0 18.0 22.0
38.0 18.0 24.0
38.0 18.0 26.0
38.0 18.0 28.0
38.0 18.0 30.0
38.0 18.0 32.0
38.0 18.0 34.0
38.0 18.0 36.0
38.0 18.0 38.0
38.0 20.0 0.0
38.0 20.0 2.0
38.0 20.0 4.0
38.0 20.0 6.0
38.0 20.0 8.0
38.0 20.0 10.0
38.0 20.0 12.0
38.0 20.0 14.0
38.0 20.0 16.0
38.0 20.0 18.0
38.0 20.0 20.0
38.0 20.0 22.0
38.0 20.0 24.0
38.0 20.0 26.0
38.0 20.0 28.0
38.0 20.0 30.0
38.0 20.0 32.0
38.0 20.0 34.0
38.0 20.0 36.0
38.0 20.0 38.0
38.0 22.0 0.0
38.0 22.0 2.0
38.0 22.0 4.0
38.0 22.0 6.0
38.0 22.0 8.0
38.0 22.0 10.0
38.0 22.0 12.0
38.0 22.0 14.0
38.0 22.0 16.0
38.0 22.0 18.0
38.0 22.0 20.0
38.0 22.0 22.0
38.0 22.0 24.0
38.0 22.0 26.0
38.0 22.0 28.0
38.0 22.0 30.0
38.0 22.0 32.0
38.0 22.0 34.0
38.0 22.0 36.0
38.0 22.0 38.0
38.0 24.0 0.0
38.0 24.0 2.0
38.0 24.0 4.0
38.0 24.0 6.0
38.0 24.0 8.0
38.0 24.0 10.0
38.0 24.0 12.0
38.0 24.0 14.0
38.0 24.0 16.0
38.0 24.0 18.0
38.0 24.0 20.0
38.0 24.0 22.0
38.0 24.0 24.0
38.0 24.0 26.0
38.0 24.0 28.0
38.0 24.0 30.0
38.0 24.0 32.0
38.0 24.0 34.0
38.0 24.0 36.0
38.0 24.0 38.0
38.0 26.0 0.0
38.0 26.0 2.0
38.0 26.0 4.0
38.0 26.0 6.0
38.0 26.0 8.0
38.0 26.0 10.0
38.0 26.0 12.0
38.0 26.0 14.0
38.0 26.0 16.0
38.0 26.0 18.0
38.0 26.0 20.0
38.0 26.0 22.0
38.0 26.0 24.0
38.0 26.0 26.0
38.0 26.0 28.0
38.0 26.0 30.0
38.0 26.0 32.0
38.0 26.0 34.0
38.0 26.0 36.0
38.0 26.0 38.0
38.0 28.0 0.0
38.0 28.0 2.0
38.0 28.0 4.0
38.0 28.0 6.0
38.0 28.0 8.0
38.0 28.0 10.0
38.0 28.0 12.0
38.0 28.0 14.0
38.0 28.0 16.0
38.0 28.0 18.0
38.0 28.0 20.0
38.0 28.0 22.0
38.0 28.0 24.0
38.0 28.0 26.0
38.0 28.0 28.0
38.0 28.0 30.0
38.0 28.0 32.0
38.0 28.0 34.0
38.0 28.0 36.0
38.0 28.0 38.0
38.0 30.0 0.0
38.0 30.0 2.0
38.0 30.0 4.0
38.0 30.0 6.0
38.0 30.0 8.0
38.0 30.0 10.0
38.0 30.0 12.0
38.0 30.0 14.0
38.0 30.0 16.0
38.0 30.0 18.0
38.0 30.0 20.0
38.0 30.0 22.0
38.0 30.0 24.0
38.0 30.0 26.0
38.0 30.0 28.0
38.0 30.0 30.0
38.0 30.0 32.0
38.0 30.0 34.0
38.0 30.0 36.0
38.0 30.0 38.0
38.0 32.0 0.0
38.0 32.0 2.0
38.0 32.0 4.0
38.0 32.0 6.0
38.0 32.0 8.0
38.0 32.0 10.0
38.0 32.0 12.0
38.0 32.0 14.0
38.0 32.0 16.0
38.0 32.0 18.0
38.0 32.0 20.0
38.0 32.0 22.0
38.0 32.0 24.0
38.0 32.0 26.0
38.0 32.0 28.0
38.0 32.0 30.0
38.0 32.0 32.0
38.0 32.0 34.0
38.0 32.0 36.0
38.0 32.0 38.0
38.0 34.0 0.0
38.0 34.0 2.0
38.0 34.0 4.0
38.0 34.0 6.0
38.0 34.0 8.0
38.0 34.0 10.0
38.0 34.0 12.0
38.0 34.0 14.0
38.0 34.0 16.0
38.0 34.0 18.0
38.0 34.0 20.0
38.0 34.0 22.0
38.0 34.0 24.0
38.0 34.0 26.0
38.0 34.0 28.0
38.0 34.0 30.0
38.0 34.0 32.0
38.0 34.0 34.0
38.0 34.0 36.0
38.0 34.0 38.0
38.0 36.0 0.0
38.0 36.0 2.0
38.0 36.0 4.0
38.0 36.0 6.0
38.0 36.0 8.0
38.0 36.0 10.0
38.0 36.0 12.0
38.0 36.0 14.0
38.0 36.0 16.0
38.0 36.0 18.0
38.0 36.0 20.0
38.0 36.0 22.0
38.0 36.0 24.0
38.0 36.0 26.0
38.0 36.0 28.0
38.0 36.0 30.0
38.0 36.0 32.0
38.0 36.0 34.0
38.0 36.0 36.0
38.0 36.0 38.0
38.0 38.0 0.0
38.0 38.0 2.0
38.0 38.0 4.0
38.0 38.0 6.0
38.0 38.0 8.0
38.0 38.0 10.0
38.0 38.0 12.0
38.0 38.0 14.0
38.0 38.0 16.0
38.0 38.0 18.0
38.0 38.0 20.0
38.0 38.0 22.0
38.0 38.0 24.0
38.0 38.0 26.0
38.0 38.0 28.0
38.0 38.0 30.0
38.0 38.0 32.0
38.0 38.0 34.0
38.0 38.0 36.0
38.0 38.0 38.0
velos
-0.001 -0.001 -0.001
0.004 -0.001 -0.007
0.002 -0.001 -0.001
0.001 0.001 0.006
0.003 0.001 -0.004
-0.005 0.001 0.007
0.000 -0.001 0.003
-0.007 -0.002 0.002
0.004 -0.001 0.002
0.001 0.004 -0.006
0.003 -0.008 -0.013
-0.003 -0.005 0.004
0.003 -0.006 0.004
-0.005 -0.000 -0.001
0.001 0.004 0.003
0.002 0.003 0.002
-0.003 -0.004 -0.002
0.002 -0.001 0.012
-0.004 -0.005 0.004
0.007 0.003 0.004
0.007 -0.000 -0.007
-0.003 0.005 -0.007
0.000 0.001 -0.002
0.004 0.003 0.012
0.003 -0.003 -0.003
-0.004 0.005 -0.003
-0.000 0.004 -0.004
-0.001 -0.009 -0.005
-0.003 0.002 0.006
-0.000 0.001 0.001
0.005 0.004 0.001
-0.005 0.005 0.002
0.006 -0.000 0.010
-0.002 0.008 0.001
-0.003 -0.006 -0.001
0.007 0.004 0.003
-0.012 0.004 0.003
-0.003 -0.003 -0.000
0.009 -0.005 -0.002
0.007 -0.002 -0.002
0.000 -0.006 0.001
-0.006 0.004 0.000
0.011 0.001 0.007
-0.007 -0.001 0.002
0.009 -0.008 0.005
0.003 0.008 0.004
0.000 -0.003 -0.006
0.001 -0.001 0.010
-0.003 0.002 -0.008
-0.002 0.001 0.004
0.007 -0.000 -0.006
0.002 0.003 0.002
-0.004 0.006 0.000
0.003 0.006 0.003
0.001 0.011 0.001
-0.001 0.001 0.007
0.001 0.003 0.006
-0.003 -0.009 0.001
0.001 -0.003 0.004
0.003 -0.005 0.003
-0.001 -0.007 0.002
-0.000 -0.004 0.003
0.002 -0.003 0.002
0.005 -0.004 0.002
0.000 0.011 -0.009
0.003 -0.002 -0.001
0.010 -0.000 0.011
-0.002 0.002 -0.002
-0.003 0.000 -0.001
0.001 -0.011 0.010
-0.001 0.009 -0.005
0.001 0.016 -0.004
-0.007 -0.003 0.002
0.003 0.006 -0.001
-0.008 -0.002 0.006
0.002 -0.010 -0.000
0.007 0.011 0.003
0.002 -0.006 -0.004
0.000 0.003 0.003
-0.002 -0.006 -0.004
-0.006 0.003 -0.012
-0.002 0.002 0.008
0.000 0.005 -0.002
-0.004 -0.003 0.008
0.005 0.002 0.017
-0.000 0.003 0.002
-0.001 0.012 0.008
-0.007 -0.002 0.002
0.004 -0.007 -0.011
-0.010 -0.000 -0.001
0.002 -0.004 -0.006
-0.010 0.002 0.002
0.005 0.004 -0.001
0.007 -0.001 -0.003
-0.003 -0.003 -0.011
0.001 0.001 -0.002
-0.004 0.002 0.009
0.000 -0.003 -0.003
-0.000 -0.006 -0.001
0.000 0.009 0.005
0.005 -0.004 0.003
-0.006 0.002 0.002
-0.004 0.010 0.003
-0.010 0.003 -0.002
0.000 0.002 0.002
-0.010 -0.006 0.004
0.007 0.010 0.009
-0.010 0.004 -0.010
0.008 0.001 -0.006
0.010 0.003 -0.009
0.001 -0.004 0.001
-0.002 0.007 -0.007
0.002 0.009 -0.004
0.001 0.001 -0.003
0.003 0.000 -0.005
0.009 0.004 -0.001
-0.003 -0.004 0.006
-0.001 0.002 -0.001
0.003 -0.001 0.004
-0.001 0.004 0.003
-0.001 -0.004 -0.005
-0.004 -0.005 0.004
-0.000 0.008 0.011
0.000 -0.008 -0.002
-0.000 -0.007 -0.001
0.001 -0.002 -0.004
-0.004 0.009 -0.001
-0.004 -0.002 0.005
-0.003 0.002 0.004
0.004 0.007 -0.003
0.006 -0.004 -0.002
0.006 0.004 0.000
-0.006 0.003 -0.003
-0.005 -0.003 0.001
-0.011 0.002 0.001
-0.003 0.005 0.003
-0.003 -0.003 0.003
-0.008 -0.002 -0.003
0.000 0.001 0.000
0.006 0.001 -0.002
-0.006 0.004 0.003
0.007 -0.004 0.000
-0.000 -0.000 0.000
-0.009 0.004 0.003
0.006 0.011 -0.002
-0.000 0.000 0.010
-0.009 0.002 -0.007
-0.013 -0.010 -0.007
0.005 -0.004 -0.001
-0.006 0.003 -0.006
0.007 -0.005 -0.004
0.001 0.000 0.007
0.001 -0.006 -0.003
-0.003 0.004 0.002
-0.001 0.004 -0.003
-0.001 0.001 0.008
-0.000 -0.002 -0.005
0.003 -0.003 0.002
-0.010 0.005 -0.007
-0.004 0.005 -0.007
-0.000 0.000 -0.005
0.007 0.007 -0.010
-0.007 0.004 -0.007
-0.002 0.001 0.003
-0.001 0.000 -0.004
0.006 -0.002 0.002
-0.003 0.001 -0.001
-0.001 -0.005 0.004
0.007 0.001 0.004
0.004 0.005 0.002
0.001 0.004 0.000
-0.005 0.000 -0.009
-0.000 0.002 0.006
0.001 0.005 -0.000
-0.005 -0.007 -0.005
-0.007 0.003 -0.001
0.003 0.000 0.005
0.005 -0.003 -0.001
-0.003 -0.008 0.003
0.006 -0.000 -0.002
0.005 -0.012 0.001
0.001 -0.003 0.007
0.005 -0.001 -0.000
-0.002 -0.003 -0.007
0.007 0.005 0.004
-0.005 0.010 0.010
0.001 -0.005 -0.004
0.002 -0.005 -0.000
0.005 -0.008 0.010
0.008 -0.006 -0.007
-0.001 -0.005 -0.001
-0.013 -0.001 0.009
-0.006 -0.001 -0.007
0.003 -0.001 0.010
0.001 -0.002 0.003
-0.003 -0.007 0.002
-0.001 0.001 0.002
-0.003 0.002 0.009
-0.006 0.009 -0.001
-0.004 0.012 0.001
0.007 0.004 -0.008
0.001 -0.003 -0.007
-0.009 0.001 0.003
0.002 -0.002 -0.004
-0.005 -0.003 -0.005
-0.001 -0.000 -0.004
-0.001 -0.004 -0.000
0.003 0.001 0.002
-0.008 -0.002 0.001
0.003 -0.008 0.001
0.006 -0.001 -0.000
0.002 0.001 0.003
0.000 0.001 -0.004
-0.001 0.006 -0.001
-0.001 -0.002 0.004
-0.004 0.005 -0.005
-0.005 0.001 0.001
0.001 0.005 -0.002
0.002 -0.005 0.006
0.003 0.003 0.001
-0.004 -0.002 0.003
-0.000 0.001 -0.007
0.001 -0.003 -0.005
-0.001 -0.009 0.003
0.004 -0.000 -0.005
-0.005 -0.001 -0.012
0.001 0.003 -0.002
-0.002 0.001 0.002
0.005 0.000 -0.003
-0.002 0.001 0.008
-0.002 -0.005 -0.004
-0.010 0.002 -0.007
-0.006 -0.010 -0.006
0.003 -0.007 -0.009
0.001 -0.002 0.002
0.004 -0.000 -0.006
-0.001 0.003 -0.003
-0.007 0.006 -0.002
-0.002 0.000 0.005
0.001 -0.002 0.003
0.011 0.007 0.003
-0.006 0.019 -0.006
-0.002 -0.003 0.008
0.002 -0.007 0.001
0.003 -0.002 -0.006
-0.004 -0.002 0.000
-0.003 0.004 -0.005
-0.009 -0.004 0.007
-0.003 0.012 0.002
-0.006 -0.004 0.001
-0.006 0.012 -0.005
0.003 0.007 -0.001
-0.005 -0.001 0.002
0.004 0.000 -0.007
0.000 -0.003 -0.011
-0.003 -0.007 0.003
0.010 0.009 -0.003
-0.002 0.003 0.005
-0.002 -0.001 0.011
-0.001 -0.002 0.001
0.003 -0.005 -0.001
-0.006 -0.001 0.009
0.004 -0.000 -0.005
-0.002 0.005 -0.003
0.007 -0.007 -0.001
0.009 -0.010 0.006
-0.009 -0.000 -0.001
0.004 -0.016 -0.010
-0.003 0.000 -0.004
-0.001 -0.006 -0.002
-0.004 0.001 0.003
0.007 -0.003 -0.002
0.000 -0.001 -0.000
-0.008 0.002 -0.005
-0.005 -0.008 0.006
-0.001 0.006 0.001
-0.009 -0.005 0.004
-0.004 -0.005 -0.001
-0.001 -0.005 -0.002
-0.002 -0.013 0.003
-0.004 0.007 -0.006
-0.008 0.006 -0.008
-0.003 0.003 -0.002
-0.008 0.001 -0.001
0.006 0.003 0.015
-0.008 -0.000 -0.005
0.006 0.004 0.004
-0.004 -0.004 -0.010
0.009 0.003 -0.001
0.005 0.004 0.005
-0.008 -0.004 0.001
0.002 0.005 -0.005
0.001 0.011 0.003
0.004 -0.000 0.004
0.009 0.001 0.006
-0.004 0.003 0.005
-0.004 0.005 -0.003
-0.004 -0.000 0.010
0.002 0.005 -0.004
0.000 -0.006 -0.003
0.004 -0.000 0.007
-0.001 -0.001 0.006
-0.003 -0.008 0.007
0.002 -0.011 0.000
-0.002 0.009 -0.004
-0.003 -0.005 -0.005
-0.004 -0.007 -0.005
-0.008 -0.007 -0.008
-0.003 -0.003 -0.006
0.002 -0.000 -0.002
-0.002 0.008 0.001
0.002 -0.013 -0.003
-0.011 -0.002 0.002
-0.003 0.003 -0.005
0.003 -0.008 -0.001
0.002 0.003 -0.001
0.010 -0.002 -0.002
-0.014 0.009 -0.002
-0.006 0.007 0.006
0.001 -0.007 0.002
-0.003 -0.006 0.005
-0.011 0.003 0.002
0.010 0.002 -0.010
-0.004 0.000 0.002
0.005 -0.010 -0.002
0.005 0.008 0.009
-0.002 0.005 0.009
0.006 0.004 0.004
-0.004 -0.007 0.005
-0.002 -0.000 -0.003
-0.002 0.001 -0.005
0.000 0.001 -0.000
-0.004 0.004 0.009
-0.003 0.006 0.004
-0.013 -0.004 -0.003
0.004 0.001 0.002
0.003 -0.004 -0.004
-0.006 -0.001 -0.001
0.001 -0.004 0.005
0.005 0.008 0.004
0.001 0.003 0.003
-0.003 0.006 0.009
0.010 0.000 0.002
0.002 -0.000 0.003
-0.001 -0.001 0.009
0.001 0.000 0.004
0.001 0.001 -0.000
-0.006 -0.000 -0.006
0.001 -0.006 0.005
0.004 0.001 -0.001
0.002 -0.010 -0.005
-0.001 0.002 -0.000
-0.005 0.001 -0.002
-0.005 0.002 -0.001
0.006 0.003 0.004
0.002 -0.004 -0.005
-0.007 0.014 -0.005
-0.001 -0.002 -0.001
-0.003 -0.009 -0.005
-0.007 -0.001 -0.003
-0.003 0.001 -0.003
0.005 -0.002 0.001
-0.007 0.003 -0.002
0.002 0.002 -0.001
0.001 -0.002 0.007
0.005 0.002 -0.006
-0.005 -0.003 -0.001
0.002 -0.004 0.006
0.000 -0.010 -0.002
-0.013 -0.004 -0.003
-0.003 -0.002 -0.002
-0.003 0.008 0.006
-0.006 0.006 -0.008
-0.004 0.008 -0.011
0.003 -0.006 -0.001
-0.001 0.008 -0.004
-0.000 0.003 -0.001
-0.004 -0.000 0.000
0.004 -0.005 -0.002
0.002 -0.001 -0.001
-0.000 -0.003 -0.004
0.002 -0.005 0.006
0.001 -0.006 0.001
0.001 0.004 0.006
-0.002 -0.004 -0.003
-0.005 -0.004 0.001
0.000 -0.002 -0.004
0.002 -0.003 -0.005
-0.001 -0.001 -0.005
0.004 0.004 0.000
0.001 0.003 -0.000
0.004 0.008 0.000
0.002 0.004 -0.002
-0.006 0.005 -0.008
0.009 0.004 0.001
0.000 0.009 -0.005
-0.006 -0.003 -0.001
-0.005 0.001 0.001
-0.004 0.008 -0.007
-0.006 0.002 -0.001
0.002 -0.003 -0.005
-0.003 -0.003 0.003
-0.002 0.004 0.003
0.005 0.005 0.004
0.004 -0.003 -0.001
-0.009 0.001 -0.003
0.002 0.003 -0.007
-0.005 -0.002 -0.003
0.001 -0.006 0.000
-0.008 -0.011 0.004
-0.007 -0.003 -0.007
-0.007 -0.002 -0.002
0.005 0.002 -0.001
0.004 0.006 0.002
-0.002 0.005 0.009
0.003 0.009 0.005
0.004 -0.005 -0.006
-0.000 -0.008 -0.003
0.004 -0.003 0.003
-0.007 -0.002 0.005
0.001 0.001 0.009
0.006 -0.004 0.007
-0.003 -0.000 0.000
0.005 -0.006 0.002
0.003 0.004 -0.001
0.005 -0.004 0.006
0.002 -0.007 0.002
0.001 -0.002 -0.004
-0.001 -0.007 0.008
-0.006 -0.003 0.006
0.003 0.004 0.008
-0.002 -0.005 0.004
0.004 -0.002 -0.006
0.006 0.003 -0.007
0.004 -0.007 -0.002
-0.006 -0.003 -0.004
-0.003 0.004 0.001
0.003 0.005 -0.002
0.000 0.003 0.009
0.004 0.007 0.005
0.005 -0.009 0.004
0.001 0.000 -0.003
-0.002 0.002 0.004
-0.007 0.001 -0.003
-0.005 0.002 -0.002
-0.003 -0.004 0.001
-0.000 -0.005 -0.004
-0.001 0.002 -0.005
0.002 -0.004 0.014
-0.005 -0.004 0.001
-0.005 0.004 0.009
-0.002 0.001 -0.003
-0.000 0.007 0.004
-0.005 0.008 0.006
0.002 -0.003 0.000
-0.004 0.002 -0.002
-0.011 0.005 0.001
0.005 -0.001 0.001
0.006 0.002 0.001
0.016 -0.001 0.001
0.009 -0.004 -0.005
-0.007 0.003 0.003
0.004 -0.007 0.005
0.006 -0.000 0.000
0.003 0.002 0.003
-0.005 -0.001 -0.006
0.003 0.003 -0.000
0.001 -0.008 0.004
-0.002 0.001 0.006
-0.004 0.006 0.001
0.000 0.003 -0.006
0.003 0.000 0.005
-0.001 -0.002 0.002
-0.000 -0.006 -0.001
0.006 -0.000 -0.004
0.004 -0.009 -0.011
-0.000 0.001 0.001
-0.004 -0.001 -0.007
0.001 -0.008 -0.001
0.001 -0.009 -0.003
0.004 0.008 -0.008
0.002 -0.006 -0.007
0.008 0.003 -0.004
0.001 0.003 0.001
0.011 0.003 -0.015
-0.001 -0.004 -0.001
0.000 -0.003 -0.005
0.007 0.003 -0.003
0.003 0.003 0.006
-0.005 0.004 -0.003
0.006 -0.001 -0.011
0.000 -0.009 -0.001
-0.000 -0.002 -0.007
-0.006 -0.004 -0.001
0.006 0.004 -0.002
0.006 -0.007 0.003
-0.001 0.001 0.003
-0.003 0.004 -0.000
0.012 -0.002 0.006
0.003 -0.006 0.007
-0.005 -0.011 0.004
0.005 0.000 -0.001
0.008 0.004 -0.003
0.004 -0.006 -0.003
-0.005 -0.011 -0.006
0.006 -0.005 -0.003
-0.006 0.004 0.000
0.002 -0.001 -0.006
-0.005 0.004 -0.000
0.004 -0.016 0.006
-0.002 0.011 -0.003
0.000 0.003 -0.004
0.004 -0.003 0.006
0.004 0.002 -0.004
-0.001 0.001 -0.010
-0.003 0.005 -0.006
0.006 -0.003 0.002
-0.006 0.002 0.002
0.006 0.007 0.006
0.001 -0.006 0.007
-0.007 -0.002 0.004
0.002 0.008 -0.000
-0.008 -0.001 0.001
-0.002 0.007 -0.001
-0.007 0.002 -0.006
0.008 0.001 -0.007
0.005 0.012 -0.010
0.005 0.002 0.001
0.002 0.002 -0.003
0.007 -0.007 0.010
0.008 -0.006 -0.000
0.007 -0.002 -0.001
-0.002 0.006 -0.003
-0.000 0.003 -0.001
-0.004 -0.007 -0.008
-0.006 -0.009 -0.004
0.002 0.000 -0.004
-0.005 -0.005 -0.007
-0.006 0.004 -0.007
0.000 -0.003 0.012
-0.009 0.001 -0.002
-0.004 0.002 0.001
-0.005 0.002 0.002
0.007 -0.003 0.007
-0.001 -0.010 0.003
-0.000 -0.004 0.005
-0.002 0.005 -0.000
0.004 0.003 0.002
-0.005 0.005 0.000
0.010 0.002 0.004
-0.004 -0.002 0.000
-0.006 -0.006 -0.001
-0.000 0.001 0.006
-0.002 0.003 -0.001
-0.001 0.001 -0.010
0.000 -0.003 -0.005
-0.009 -0.002 -0.009
0.004 -0.001 -0.008
-0.003 0.004 -0.003
-0.001 -0.002 -0.001
-0.008 -0.000 -0.003
0.015 -0.001 -0.002
0.005 -0.001 0.001
-0.004 0.008 -0.003
0.002 0.006 -0.002
-0.000 0.003 0.003
-0.005 0.001 -0.005
-0.004 -0.003 0.006
0.008 0.013 -0.000
-0.004 -0.005 0.008
-0.008 -0.002 -0.003
0.009 -0.005 0.006
0.007 -0.001 0.002
-0.008 -0.000 -0.001
-0.013 0.002 0.002
-0.008 -0.007 -0.004
-0.003 -0.002 -0.005
-0.005 0.002 -0.002
-0.001 -0.001 0.002
-0.001 0.004 0.001
0.004 0.006 -0.007
0.005 0.009 -0.005
-0.000 -0.002 0.002
0.003 -0.003 0.007
-0.004 -0.001 0.005
0.010 -0.003 0.004
0.001 -0.008 -0.005
-0.006 -0.003 -0.002
0.000 0.006 0.002
0.013 -0.001 0.004
0.002 0.008 -0.002
0.004 0.008 -0.004
-0.000 0.003 -0.002
-0.004 0.009 -0.001
0.009 -0.003 -0.001
0.004 -0.001 -0.004
-0.004 0.001 -0.003
0.000 -0.011 -0.003
-0.001 -0.003 -0.005
-0.004 0.000 0.007
-0.007 -0.001 0.005
0.002 -0.000 -0.002
0.000 -0.001 -0.011
-0.004 -0.010 0.006
0.004 -0.004 0.004
0.012 -0.003 0.006
0.002 -0.001 -0.006
-0.003 -0.002 -0.012
0.003 -0.002 0.002
-0.002 0.015 -0.008
-0.005 0.004 0.012
-0.005 0.009 -0.005
0.006 0.000 0.011
0.009 -0.003 0.015
-0.006 -0.002 0.009
-0.004 -0.003 0.001
0.002 0.002 -0.004
0.001 0.003 0.008
0.002 -0.006 0.000
-0.003 0.007 -0.008
0.003 -0.005 0.006
0.004 0.001 0.003
-0.002 0.003 -0.000
0.004 0.000 -0.012
-0.003 0.008 0.007
0.001 -0.001 -0.002
0.003 0.003 -0.005
0.003 0.006 -0.005
-0.001 0.002 0.004
-0.002 -0.003 -0.002
0.002 0.002 -0.000
-0.007 -0.005 0.003
-0.006 0.001 -0.002
-0.003 0.000 0.008
0.001 -0.001 -0.007
0.003 0.006 0.003
0.006 0.002 -0.007
-0.000 0.003 0.004
-0.002 -0.000 0.002
0.006 0.005 0.003
0.002 -0.005 -0.006
-0.000 0.005 0.002
0.003 -0.008 -0.007
0.006 -0.000 -0.007
0.004 0.001 0.015
0.006 0.002 -0.001
0.001 -0.001 -0.007
0.005 0.001 -0.014
-0.003 -0.004 0.005
-0.000 0.007 -0.008
-0.005 0.005 -0.003
-0.005 -0.003 -0.004
0.003 0.006 -0.008
-0.001 0.000 0.000
0.004 0.001 -0.003
-0.006 -0.009 -0.002
0.000 0.005 -0.002
0.012 -0.000 -0.002
0.002 -0.005 0.001
-0.010 0.003 0.000
0.001 0.001 -0.006
-0.004 0.008 0.002
-0.003 0.002 0.002
0.010 0.006 0.002
-0.002 0.009 -0.001
-0.004 -0.006 -0.004
-0.002 0.004 0.005
0.006 0.001 0.004
0.011 0.005 0.008
-0.008 -0.004 -0.004
-0.013 0.000 0.007
-0.003 0.001 -0.004
-0.002 0.001 -0.006
0.006 -0.010 0.002
-0.002 0.007 0.004
-0.010 -0.012 -0.005
-0.003 -0.001 0.000
0.003 -0.007 -0.009
0.001 -0.002 -0.001
-0.003 -0.001 0.007
-0.008 -0.006 0.003
0.008 -0.001 -0.006
-0.010 0.001 -0.006
0.011 0.012 0.001
0.002 -0.001 0.006
-0.000 0.000 0.007
0.003 0.011 -0.008
-0.003 -0.005 0.004
-0.002 0.003 -0.006
-0.000 0.011 0.008
-0.009 0.002 0.004
-0.002 -0.006 0.003
0.001 0.003 -0.001
0.012 -0.005 -0.002
0.003 0.004 -0.007
0.006 -0.007 0.000
-0.002 -0.004 0.006
-0.012 -0.004 -0.005
0.004 0.008 0.004
0.007 -0.011 0.001
-0.007 -0.002 0.001
0.000 0.007 -0.010
-0.004 -0.007 -0.008
0.005 0.001 0.008
0.006 0.000 -0.005
0.005 -0.003 -0.006
-0.006 0.001 0.006
0.000 0.006 0.000
-0.002 0.014 0.009
0.001 -0.004 -0.008
0.002 -0.001 0.002
0.002 0.002 0.006
0.002 -0.004 -0.004
0.003 -0.005 0.004
0.004 -0.000 -0.004
-0.009 -0.006 -0.008
0.000 -0.002 -0.005
0.004 0.001 0.000
0.003 0.005 -0.008
0.004 -0.009 -0.004
0.005 0.003 0.003
0.001 0.007 -0.008
-0.002 0.000 0.010
0.005 0.005 -0.004
0.011 0.002 -0.005
0.012 -0.007 -0.004
-0.001 -0.005 0.003
0.001 0.001 0.009
-0.008 0.007 -0.004
0.007 0.010 0.012
-0.001 -0.006 0.002
-0.000 -0.009 0.004
-0.005 0.007 0.005
-0.001 0.000 -0.001
-0.002 0.015 -0.005
0.000 0.005 -0.002
-0.003 -0.007 0.006
0.004 0.002 -0.008
0.003 0.001 -0.002
-0.007 -0.000 -0.004
0.000 0.000 -0.002
0.004 -0.000 0.003
0.002 0.005 -0.005
-0.002 0.005 0.001
0.006 0.004 -0.002
0.004 -0.001 0.005
0.009 0.005 0.011
-0.008 -0.003 -0.001
-0.002 0.002 -0.002
0.006 0.005 0.002
-0.005 0.003 0.003
0.002 0.000 0.007
-0.003 -0.002 0.003
0.003 0.004 -0.001
-0.007 -0.006 -0.002
0.004 0.004 -0.009
0.003 -0.000 -0.005
0.011 0.001 0.004
0.013 -0.003 -0.002
0.007 -0.007 0.000
0.000 0.005 0.002
-0.005 0.005 0.004
-0.005 -0.003 -0.003
-0.006 0.005 -0.002
-0.001 -0.005 -0.002
0.007 0.004 -0.008
-0.005 0.003 -0.002
-0.003 -0.004 -0.007
0.000 -0.002 0.006
-0.000 -0.005 0.003
0.007 -0.004 -0.009
-0.002 -0.007 0.008
-0.007 -0.002 0.007
0.004 -0.003 -0.004
-0.001 -0.001 0.007
-0.001 -0.007 0.005
0.005 -0.001 0.004
0.000 -0.006 -0.000
-0.006 -0.003 -0.005
0.002 0.001 -0.007
-0.005 -0.000 0.002
0.000 -0.011 0.006
0.009 0.008 0.003
0.003 -0.003 0.001
-0.006 0.001 -0.007
0.003 -0.002 0.004
0.001 -0.002 0.004
-0.006 -0.001 -0.003
0.004 -0.000 0.001
0.003 -0.012 -0.005
0.001 0.005 0.003
0.007 -0.001 0.001
-0.002 -0.002 -0.004
-0.003 -0.001 -0.003
0.000 -0.009 0.002
0.001 0.002 -0.002
-0.003 0.005 -0.001
0.010 -0.007 -0.001
-0.006 -0.004 -0.004
-0.002 0.004 -0.006
0.003 -0.007 -0.002
0.007 0.002 0.001
0.003 0.003 0.003
0.007 -0.005 -0.000
0.003 0.004 0.003
0.007 -0.003 -0.007
0.006 -0.000 -0.003
0.000 -0.002 0.005
0.004 0.002 0.003
0.000 0.005 -0.012
-0.006 -0.000 -0.002
-0.005 0.003 -0.005
0.001 0.001 0.000
-0.004 -0.001 0.006
0.003 0.005 -0.000
-0.009 -0.002 -0.001
0.007 0.006 0.002
-0.004 0.001 -0.001
-0.001 -0.006 0.002
-0.000 0.004 -0.007
-0.006 0.018 -0.004
0.001 0.002 -0.005
0.009 -0.000 0.001
0.009 -0.004 -0.002
-0.002 -0.007 0.001
0.002 0.001 0.003
0.004 0.002 -0.001
0.006 -0.003 0.007
-0.001 0.004 0.009
-0.011 -0.001 -0.002
0.009 -0.002 0.014
-0.008 0.002 -0.002
0.003 -0.003 -0.002
-0.009 0.001 -0.007
-0.007 0.000 -0.001
0.005 -0.007 0.002
0.002 -0.002 -0.004
-0.000 0.004 -0.002
0.004 -0.001 0.009
0.000 -0.001 -0.008
-0.007 0.002 -0.001
0.001 -0.003 -0.001
-0.003 0.001 -0.001
0.009 -0.003 0.006
-0.005 -0.002 -0.004
0.006 0.002 0.001
0.001 -0.005 0.007
0.007 -0.000 0.000
0.003 -0.001 -0.001
-0.002 -0.002 -0.002
0.004 -0.002 -0.002
-0.003 -0.007 0.008
0.003 0.004 -0.003
0.007 0.001 0.007
-0.000 -0.000 -0.003
0.000 0.001 0.007
0.008 0.000 0.006
-0.014 -0.002 0.001
0.004 0.002 -0.000
-0.002 -0.004 0.010
0.006 0.007 0.000
-0.003 0.003 -0.000
-0.001 -0.000 -0.003
-0.004 -0.001 -0.007
0.003 0.004 -0.004
-0.009 0.002 0.001
0.000 -0.007 -0.010
0.009 -0.001 0.003
-0.000 0.002 -0.006
-0.002 -0.007 -0.005
-0.004 -0.009 -0.002
-0.004 -0.006 -0.001
-0.000 -0.004 0.010
0.004 0.006 -0.002
0.004 0.004 -0.005
-0.003 0.015 -0.002
0.002 -0.001 0.004
-0.005 -0.005 0.006
0.001 -0.012 0.000
-0.001 0.004 0.002
0.002 0.000 0.001
-0.006 -0.004 -0.004
-0.007 0.004 0.005
0.003 -0.003 -0.003
-0.002 0.006 0.003
0.009 -0.005 -0.001
-0.006 -0.007 -0.001
-0.002 -0.003 -0.008
0.001 -0.001 0.005
0.003 -0.007 0.002
-0.003 0.008 -0.000
-0.003 -0.002 -0.008
0.006 0.011 -0.009
-0.001 -0.001 -0.003
0.006 0.006 -0.001
0.010 0.000 -0.001
0.001 -0.004 0.007
0.003 -0.002 -0.001
-0.005 0.001 -0.006
0.000 -0.003 0.003
0.005 0.004 -0.001
-0.004 -0.001 -0.000
0.002 -0.003 -0.005
0.001 0.007 0.009
0.004 -0.005 0.007
-0.004 -0.004 0.002
-0.007 0.004 -0.000
0.002 -0.004 0.004
0.003 -0.002 0.005
-0.013 0.002 -0.001
-0.004 0.001 0.002
-0.004 -0.001 -0.000
0.002 0.006 -0.002
0.007 -0.007 0.002
-0.009 0.000 0.004
0.010 0.000 -0.004
0.005 0.000 0.000
0.005 0.005 -0.009
0.000 -0.000 -0.005
-0.008 -0.000 -0.002
-0.004 -0.001 -0.002
0.000 0.008 -0.000
0.009 0.006 0.005
-0.004 -0.001 -0.005
0.002 -0.000 0.002
0.002 0.001 -0.002
-0.005 -0.002 0.004
-0.001 -0.000 0.004
0.002 -0.007 -0.000
-0.004 -0.000 0.002
0.003 0.008 -0.003
-0.001 0.003 0.005
-0.005 0.003 0.003
-0.001 -0.001 0.004
0.002 0.002 -0.004
-0.009 -0.000 -0.001
0.002 -0.004 0.003
0.002 -0.004 0.005
-0.002 -0.003 0.001
-0.000 -0.005 0.003
-0.000 -0.004 -0.009
0.002 0.000 0.001
0.007 -0.012 0.006
0.007 -0.005 0.005
-0.004 -0.005 -0.001
0.009 0.002 0.000
0.004 -0.003 0.007
0.008 0.002 -0.004
0.005 0.001 0.003
0.006 0.002 -0.005
0.007 0.001 0.002
0.003 0.002 0.004
0.001 -0.001 -0.003
-0.003 -0.001 0.005
-0.002 -0.001 -0.001
0.003 0.003 0.010
-0.007 -0.001 0.003
-0.008 0.009 -0.001
-0.004 0.005 -0.011
0.001 -0.005 -0.000
0.002 0.004 0.002
0.010 0.000 -0.002
0.006 -0.000 0.002
-0.020 0.002 -0.000
-0.002 -0.003 0.005
-0.010 0.016 0.006
0.002 0.010 0.001
-0.004 0.005 -0.008
0.003 0.006 0.003
-0.007 0.001 -0.001
-0.004 -0.012 -0.006
-0.003 0.006 0.014
0.004 -0.004 -0.002
0.005 0.003 0.002
0.001 0.006 0.011
0.000 0.001 0.003
-0.002 -0.011 0.002
-0.004 0.007 0.001
0.007 -0.004 0.006
-0.008 0.005 -0.001
0.005 -0.002 0.003
0.003 0.002 0.002
0.008 -0.003 0.007
-0.002 0.006 0.012
-0.004 -0.011 0.001
-0.003 -0.003 -0.002
-0.003 0.007 0.006
0.006 0.012 -0.004
-0.012 0.010 0.001
-0.000 -0.009 -0.007
0.003 -0.001 -0.011
-0.005 0.005 0.006
0.001 0.014 0.005
0.009 0.007 0.004
-0.007 -0.008 -0.004
0.001 0.000 0.002
-0.000 0.002 0.005
0.000 -0.001 -0.013
0.004 -0.004 -0.005
0.004 0.005 0.003
0.005 -0.005 -0.001
-0.003 0.009 0.004
-0.001 0.004 0.002
-0.001 0.002 0.004
-0.001 -0.006 0.002
-0.001 -0.006 -0.004
-0.001 0.000 0.003
-0.001 0.002 -0.002
0.003 0.002 0.003
0.007 -0.001 -0.008
-0.000 0.004 0.000
0.002 -0.009 -0.004
0.003 0.004 -0.004
0.002 -0.004 -0.006
0.000 0.001 0.002
0.004 0.008 0.005
-0.002 0.005 -0.007
0.001 0.005 0.003
0.004 0.010 -0.004
0.004 -0.000 0.006
0.001 0.004 0.008
0.003 -0.001 -0.002
-0.003 0.005 0.007
-0.001 -0.009 -0.003
0.002 -0.005 -0.010
-0.002 -0.010 0.002
-0.002 0.000 0.006
-0.005 -0.011 -0.000
0.002 -0.007 -0.002
-0.002 0.000 -0.003
0.013 -0.001 0.001
-0.002 -0.013 0.007
-0.016 0.007 -0.007
-0.007 -0.001 0.011
0.002 -0.001 -0.004
0.003 -0.002 0.004
-0.010 0.003 0.002
-0.007 -0.005 -0.001
-0.002 0.001 -0.007
-0.004 0.011 -0.004
-0.002 -0.001 -0.001
0.006 -0.003 0.004
-0.004 0.004 -0.001
-0.001 -0.000 0.003
-0.006 -0.005 0.010
0.003 -0.002 0.003
-0.000 -0.011 0.001
-0.001 0.002 -0.004
-0.001 0.006 -0.001
-0.002 0.002 -0.002
0.005 -0.001 0.002
-0.004 -0.006 0.004
0.001 0.003 0.004
-0.007 0.001 -0.010
0.003 -0.005 0.002
0.004 -0.003 -0.000
0.006 -0.008 0.003
0.001 0.005 -0.008
0.000 0.006 0.007
-0.004 -0.001 0.009
-0.007 -0.000 0.001
0.001 -0.005 0.005
0.004 0.009 -0.004
-0.002 0.005 0.009
-0.000 -0.008 -0.001
0.005 0.003 0.006
0.010 -0.002 -0.005
-0.006 -0.001 0.005
0.009 0.001 0.000
-0.001 0.006 -0.004
-0.001 -0.000 -0.000
0.009 -0.004 0.012
-0.003 -0.004 -0.003
0.003 -0.000 0.006
-0.004 -0.008 -0.002
0.001 -0.007 -0.001
0.003 -0.004 -0.004
-0.005 -0.001 0.002
0.014 0.006 -0.006
-0.008 -0.001 0.008
0.003 -0.003 0.005
0.007 0.007 -0.005
0.002 -0.006 -0.004
-0.006 -0.001 -0.007
0.004 -0.000 -0.004
0.002 0.008 0.002
-0.003 -0.001 -0.001
-0.004 -0.009 -0.002
0.006 -0.004 -0.010
-0.000 0.006 -0.009
0.001 0.002 0.003
0.003 0.003 -0.008
0.003 0.007 -0.001
0.002 -0.005 0.007
-0.003 0.008 -0.002
0.003 -0.003 0.009
-0.010 0.002 -0.010
-0.006 0.009 0.005
-0.010 -0.000 -0.003
0.003 0.009 0.003
0.002 0.003 -0.005
0.004 0.005 -0.003
-0.003 0.007 0.001
-0.006 -0.002 -0.002
-0.000 -0.000 -0.001
0.008 0.004 0.007
-0.008 0.001 0.006
0.004 -0.003 -0.004
0.005 -0.001 0.003
0.001 -0.001 0.001
-0.004 0.009 0.003
0.007 -0.003 -0.003
-0.002 -0.004 0.003
0.004 -0.003 -0.002
0.002 -0.004 -0.002
0.008 -0.004 -0.003
0.013 -0.011 -0.006
0.009 -0.002 0.002
0.011 -0.004 -0.003
0.002 -0.000 -0.003
-0.001 -0.007 0.002
0.004 -0.001 -0.001
0.003 -0.003 -0.002
-0.000 0.007 -0.000
-0.001 -0.001 -0.002
-0.005 -0.005 0.004
-0.003 0.000 -0.002
-0.007 -0.002 0.007
-0.002 -0.003 -0.002
-0.002 0.001 -0.002
-0.000 -0.002 0.002
0.002 0.001 0.003
-0.000 0.006 0.002
0.007 -0.000 0.001
-0.003 0.000 0.004
-0.002 0.007 0.000
0.008 -0.005 -0.001
-0.002 0.005 0.003
-0.000 -0.002 -0.000
0.004 0.004 -0.000
-0.002 0.001 0.001
0.001 -0.002 0.009
-0.003 0.008 0.007
0.005 0.009 0.003
-0.002 -0.003 -0.003
0.004 -0.007 -0.007
0.008 0.005 0.002
0.005 0.004 -0.001
-0.007 0.006 0.002
-0.007 0.001 -0.002
-0.001 -0.002 0.003
-0.001 -0.006 0.003
0.002 -0.007 0.002
0.004 -0.001 0.001
-0.004 -0.009 0.003
-0.000 0.002 -0.001
-0.001 0.001 -0.000
0.004 -0.002 -0.007
0.001 -0.007 -0.013
-0.005 -0.002 -0.004
-0.008 -0.001 0.006
0.004 0.000 0.005
-0.002 -0.004 0.003
-0.005 0.002 -0.000
-0.002 -0.002 0.006
-0.008 0.001 -0.001
-0.004 0.000 0.002
-0.000 0.001 0.007
-0.003 0.002 -0.009
0.002 -0.009 0.003
-0.002 0.001 -0.007
0.000 0.004 0.003
-0.000 -0.000 0.006
0.004 -0.003 -0.003
-0.003 -0.000 -0.006
-0.011 -0.001 0.001
0.001 0.005 -0.006
-0.003 -0.007 0.001
-0.001 -0.002 0.000
-0.004 -0.005 0.008
0.004 -0.001 -0.008
-0.001 0.003 0.001
0.005 0.006 -0.000
-0.002 -0.002 -0.002
0.005 -0.002 -0.008
0.002 -0.000 -0.002
-0.010 0.006 0.003
-0.006 0.001 -0.005
-0.007 -0.010 0.004
0.004 -0.002 -0.000
0.009 -0.004 -0.006
0.001 0.003 -0.001
-0.007 -0.004 0.003
0.004 -0.008 -0.006
-0.005 -0.000 0.011
-0.001 0.000 -0.004
0.013 -0.003 -0.003
0.001 -0.007 0.004
-0.000 -0.004 -0.003
-0.009 -0.003 -0.011
-0.002 -0.002 -0.003
-0.003 -0.004 0.006
0.007 -0.001 0.006
-0.002 -0.002 -0.004
0.003 0.003 -0.006
0.001 -0.003 -0.005
-0.000 -0.010 -0.002
0.009 0.002 -0.006
0.003 0.000 -0.002
-0.003 0.000 -0.003
-0.001 0.004 0.004
-0.006 -0.002 0.008
0.009 0.002 0.008
0.006 -0.001 -0.010
-0.000 -0.006 0.001
0.009 0.001 -0.004
-0.006 -0.010 -0.010
0.008 0.004 -0.001
-0.001 -0.000 -0.000
0.007 0.002 -0.010
0.005 -0.010 -0.002
-0.007 0.000 -0.006
-0.007 -0.005 0.004
-0.001 0.003 0.007
0.001 0.003 -0.005
-0.000 -0.006 0.003
0.005 0.005 -0.000
0.004 -0.001 -0.003
0.003 0.004 0.011
0.004 -0.006 -0.005
-0.007 0.000 -0.005
0.007 -0.001 0.003
0.001 0.002 -0.005
-0.000 -0.002 -0.001
0.001 0.003 -0.002
0.004 0.002 0.008
-0.017 -0.003 0.006
-0.013 0.007 0.000
-0.010 0.004 -0.005
-0.005 0.007 -0.002
-0.005 0.010 0.005
-0.002 -0.004 -0.001
0.008 -0.005 -0.006
0.006 -0.001 0.001
0.003 -0.002 -0.012
-0.001 0.006 0.011
-0.001 -0.000 0.007
0.003 0.001 -0.010
-0.002 0.001 -0.008
-0.002 0.009 -0.001
-0.007 -0.009 -0.000
-0.003 -0.004 0.001
0.001 0.001 0.002
-0.006 -0.003 -0.002
-0.000 0.005 -0.004
-0.004 0.007 0.001
-0.007 -0.002 -0.006
-0.006 -0.007 -0.004
0.010 0.005 0.007
0.005 -0.001 0.002
0.001 -0.005 -0.006
0.005 -0.006 0.001
0.003 0.004 0.002
-0.006 0.003 -0.001
-0.005 -0.010 0.002
-0.008 -0.009 0.009
-0.006 -0.002 0.000
0.000 -0.005 -0.004
0.004 -0.001 -0.000
-0.011 -0.003 0.004
-0.004 -0.005 0.002
0.003 0.002 -0.003
0.004 0.008 0.006
-0.008 0.015 -0.007
-0.006 0.002 -0.000
0.002 0.007 0.005
-0.004 0.000 0.005
0.005 0.006 0.004
0.004 -0.003 -0.007
0.002 -0.002 0.006
-0.004 -0.002 -0.002
0.005 0.004 0.000
0.001 0.008 -0.009
0.004 0.005 0.006
0.004 -0.004 -0.003
0.003 -0.003 -0.001
-0.008 -0.006 0.002
-0.002 -0.004 -0.001
0.002 -0.001 0.001
0.000 -0.001 -0.000
-0.004 -0.003 -0.009
-0.006 -0.006 -0.002
0.006 -0.000 0.001
-0.005 0.001 0.008
-0.000 -0.004 -0.006
0.001 -0.005 0.004
-0.005 -0.008 0.002
-0.006 0.003 0.005
-0.003 0.001 0.007
-0.002 0.008 -0.002
-0.005 0.000 0.001
0.006 0.004 0.002
0.003 0.001 0.004
-0.003 -0.005 0.001
0.013 0.004 -0.004
0.007 -0.009 -0.001
0.002 -0.003 -0.003
-0.001 -0.003 -0.004
-0.005 -0.008 -0.005
-0.001 0.005 -0.003
-0.006 0.008 -0.006
0.000 -0.005 -0.004
0.002 0.002 0.006
0.003 0.001 0.003
-0.005 0.006 0.003
0.002 0.003 -0.007
-0.006 0.001 0.001
0.003 0.001 -0.001
0.006 0.002 0.004
0.006 0.006 0.002
0.004 0.001 0.005
0.011 -0.005 -0.004
0.008 0.001 -0.002
-0.003 0.005 0.003
0.010 -0.000 0.005
0.008 -0.007 -0.005
0.001 -0.003 -0.002
-0.003 -0.001 -0.005
-0.006 0.002 0.001
0.005 0.003 0.002
0.004 -0.005 -0.002
0.001 0.005 0.003
-0.001 -0.001 0.001
-0.006 0.004 0.004
0.005 0.005 0.005
-0.009 0.001 -0.007
-0.005 -0.001 0.006
0.002 0.001 0.009
0.001 -0.005 -0.007
-0.004 0.001 -0.008
0.002 0.002 -0.004
0.001 0.003 -0.003
0.004 -0.004 0.003
0.007 0.002 -0.006
0.000 0.000 -0.004
-0.006 -0.002 0.004
0.004 0.006 -0.000
0.010 -0.004 0.002
-0.001 0.007 0.000
-0.005 0.001 -0.006
-0.004 0.005 -0.000
0.004 -0.004 0.006
-0.001 -0.010 -0.004
-0.007 -0.007 0.003
0.002 0.003 -0.004
0.003 -0.007 -0.002
-0.001 -0.003 0.001
-0.000 0.002 0.002
0.005 -0.002 0.003
0.001 0.001 0.001
-0.011 0.010 -0.005
-0.004 -0.002 -0.007
0.009 -0.003 -0.003
-0.004 0.002 0.007
0.001 -0.004 0.007
0.001 -0.004 -0.000
0.001 0.001 0.000
0.000 0.009 0.014
0.001 -0.005 -0.005
0.004 -0.008 -0.001
0.002 0.001 -0.002
0.009 0.004 -0.002
0.004 -0.001 -0.003
-0.002 0.006 -0.003
-0.000 0.005 0.002
0.001 -0.003 0.012
0.004 -0.012 0.007
-0.006 -0.007 -0.003
0.006 -0.001 0.001
-0.008 0.005 -0.001
-0.006 0.002 0.002
0.000 0.006 0.003
0.008 -0.000 0.001
0.004 0.006 -0.002
0.009 0.001 0.000
0.002 -0.004 -0.008
0.010 0.005 -0.005
0.001 0.003 -0.002
0.007 -0.002 0.005
-0.003 0.003 0.008
0.002 -0.002 0.001
0.004 -0.002 -0.002
0.009 0.007 -0.003
-0.007 -0.006 -0.006
-0.001 -0.000 -0.007
0.001 -0.015 0.001
0.008 -0.006 -0.014
0.001 0.004 -0.002
0.001 0.006 0.008
0.003 -0.006 0.001
-0.005 -0.000 -0.001
-0.003 0.008 -0.001
-0.007 0.002 0.003
0.000 -0.004 -0.002
-0.003 -0.003 -0.004
-0.001 -0.007 0.001
-0.004 0.004 0.002
0.008 -0.007 0.007
-0.001 0.003 0.004
0.005 0.000 0.002
-0.000 0.004 -0.004
0.002 0.008 0.010
0.005 0.007 0.003
0.005 0.010 -0.000
-0.008 -0.001 0.001
-0.004 -0.006 -0.002
-0.006 0.005 0.009
0.003 -0.007 0.001
-0.004 0.001 -0.004
0.005 0.004 -0.002
0.003 0.000 0.009
-0.010 0.002 0.006
-0.002 -0.002 0.001
-0.005 -0.003 -0.005
-0.001 -0.010 -0.003
0.003 -0.002 -0.002
0.004 0.008 -0.004
0.006 -0.009 -0.004
0.003 0.001 0.001
0.004 -0.001 0.004
-0.002 -0.003 -0.009
0.003 -0.004 0.005
0.005 -0.001 0.000
0.001 -0.001 -0.007
0.007 -0.003 0.003
0.001 0.001 0.001
0.005 -0.004 0.005
0.001 0.000 -0.002
-0.000 0.003 -0.006
-0.009 -0.001 0.004
-0.001 0.007 0.006
0.007 0.007 0.001
0.003 -0.003 -0.013
0.002 -0.004 -0.001
-0.012 0.004 -0.001
-0.003 -0.006 -0.004
-0.004 -0.005 -0.007
-0.001 -0.002 0.004
-0.009 -0.002 -0.004
0.002 -0.000 0.004
0.009 0.000 0.003
-0.004 -0.001 0.000
0.011 -0.006 -0.001
0.000 -0.004 0.002
0.000 0.001 -0.004
0.004 -0.005 -0.002
0.004 0.007 -0.004
0.003 -0.000 0.005
0.001 0.008 0.008
-0.005 -0.002 -0.004
-0.000 -0.009 -0.008
0.005 0.002 0.004
-0.005 -0.005 -0.001
0.007 0.000 0.001
0.006 0.002 0.001
0.002 -0.001 0.008
-0.001 -0.004 0.003
0.005 -0.002 0.004
0.005 -0.017 -0.009
0.002 -0.005 0.008
0.002 -0.001 0.000
-0.002 -0.003 0.001
0.005 -0.008 0.001
-0.002 0.000 -0.004
0.001 -0.005 -0.000
-0.001 -0.008 0.002
-0.014 -0.002 -0.007
0.001 -0.002 0.004
-0.001 -0.001 0.006
-0.002 -0.000 0.007
0.003 0.010 0.002
-0.003 0.005 0.005
-0.001 0.003 -0.000
0.002 0.000 -0.001
0.008 0.002 -0.007
0.001 -0.001 0.002
0.001 0.002 -0.008
-0.008 0.007 -0.000
0.007 0.003 -0.003
-0.008 0.003 0.003
0.009 -0.001 0.000
-0.009 -0.003 0.001
-0.002 -0.004 0.007
0.008 -0.005 0.000
-0.002 0.007 0.001
0.003 -0.005 0.007
-0.001 0.009 0.005
-0.003 0.003 0.001
-0.001 0.004 -0.000
0.000 -0.003 -0.004
0.000 0.001 0.005
-0.007 0.001 0.008
-0.003 -0.005 -0.005
0.004 -0.006 0.000
-0.003 -0.003 -0.002
-0.002 -0.002 -0.000
0.001 -0.002 0.002
-0.002 -0.002 0.000
-0.009 -0.004 -0.003
-0.005 -0.001 -0.004
-0.005 0.005 0.010
0.005 0.001 0.006
0.002 -0.001 0.001
-0.002 -0.011 -0.004
-0.004 0.002 -0.002
-0.009 -0.000 0.001
0.004 0.002 0.012
-0.004 0.007 0.005
-0.003 -0.001 -0.004
-0.001 -0.002 -0.002
-0.000 -0.005 0.006
0.004 -0.003 0.004
-0.005 -0.009 0.002
0.003 -0.004 0.003
0.010 0.015 -0.004
0.002 -0.006 0.014
-0.002 0.004 0.000
-0.005 -0.001 -0.007
-0.003 -0.001 0.001
-0.011 -0.000 0.013
-0.005 0.002 -0.002
-0.014 -0.005 -0.003
0.004 -0.000 -0.001
0.003 0.001 -0.001
0.003 -0.007 -0.001
0.006 -0.011 -0.004
0.001 0.001 -0.002
0.002 -0.004 0.005
0.001 0.009 0.004
0.003 0.007 -0.004
-0.001 -0.009 0.004
0.008 -0.002 -0.006
0.006 -0.004 -0.003
0.008 -0.002 -0.001
0.008 0.003 -0.005
0.008 -0.009 0.005
0.002 -0.003 -0.004
-0.006 0.009 0.001
-0.003 0.003 0.006
0.002 0.003 0.005
0.000 0.002 -0.001
-0.005 -0.006 0.002
-0.004 -0.000 -0.001
0.005 0.001 0.002
-0.001 -0.001 -0.002
0.001 -0.009 -0.000
0.002 0.002 -0.005
-0.002 -0.002 -0.003
-0.006 -0.005 0.000
0.002 0.001 -0.004
0.002 -0.001 -0.002
-0.005 -0.003 0.004
-0.001 -0.001 -0.005
0.014 -0.011 -0.010
-0.003 0.001 0.009
0.003 0.002 0.005
0.000 -0.010 0.001
0.001 0.011 -0.004
0.006 -0.007 0.008
0.001 0.004 0.004
0.003 0.000 -0.003
-0.001 -0.004 -0.001
-0.008 0.001 0.005
0.006 0.007 0.001
-0.001 -0.001 0.002
0.004 0.002 -0.007
0.007 0.002 0.005
0.000 -0.001 0.010
-0.005 -0.008 0.010
0.001 -0.002 -0.003
-0.010 0.009 0.004
0.003 0.004 -0.005
0.002 0.005 -0.011
0.003 0.004 0.001
-0.004 -0.001 -0.002
0.002 -0.003 0.004
-0.003 -0.003 0.006
-0.001 0.003 -0.006
0.008 -0.007 0.000
-0.001 -0.004 -0.001
0.006 0.009 -0.001
-0.002 -0.009 0.009
-0.005 -0.005 0.001
0.004 0.008 0.011
0.004 -0.002 -0.003
-0.001 0.004 0.005
0.003 -0.009 -0.003
0.007 -0.003 -0.000
0.014 -0.000 0.007
0.009 0.004 -0.002
-0.011 -0.004 0.003
0.003 0.006 -0.006
0.001 -0.010 -0.004
0.003 -0.011 0.004
0.009 -0.007 -0.001
0.009 0.003 0.002
0.001 -0.007 -0.001
0.006 0.000 0.004
-0.002 -0.004 -0.002
-0.005 -0.007 -0.000
-0.001 -0.005 0.003
-0.005 0.002 0.002
0.008 0.002 0.004
0.000 -0.007 0.004
0.008 -0.001 0.010
0.005 0.010 -0.001
-0.004 0.000 -0.004
0.001 -0.001 0.001
-0.000 -0.005 -0.003
0.006 -0.000 -0.007
-0.010 -0.002 0.001
-0.006 -0.009 0.003
0.016 0.004 -0.005
-0.001 -0.001 -0.006
-0.007 -0.001 0.004
0.001 -0.003 0.003
0.003 -0.005 -0.006
0.003 0.006 0.002
0.006 0.007 -0.008
0.002 0.007 0.006
0.007 -0.003 0.003
0.004 -0.003 0.001
-0.007 -0.004 0.002
0.005 -0.000 0.008
0.007 -0.005 -0.001
-0.003 0.004 0.004
-0.004 0.005 -0.007
0.006 -0.012 -0.001
-0.004 0.003 0.001
-0.011 -0.007 -0.003
0.006 0.008 0.003
0.007 -0.004 0.002
0.001 -0.005 -0.002
-0.002 0.002 0.002
-0.003 -0.003 -0.010
0.003 -0.001 -0.000
0.003 -0.002 -0.005
-0.003 -0.002 0.001
-0.003 -0.002 -0.007
-0.002 -0.009 -0.003
0.003 0.001 -0.001
-0.001 0.005 -0.006
0.002 -0.004 0.001
-0.001 -0.003 0.002
-0.003 -0.006 -0.002
-0.006 0.001 -0.003
-0.006 0.002 0.002
-0.001 -0.001 0.005
-0.001 0.001 -0.006
0.003 -0.001 0.003
-0.001 -0.004 -0.006
-0.001 -0.002 -0.006
0.006 0.005 -0.010
-0.011 -0.008 0.001
0.013 -0.006 -0.002
0.007 -0.002 0.006
0.005 -0.000 0.004
0.005 -0.007 -0.001
-0.003 0.000 -0.006
-0.005 0.000 -0.000
0.007 0.001 0.007
0.007 0.006 -0.018
-0.004 0.002 -0.007
-0.003 0.003 0.000
-0.002 0.009 -0.002
0.006 -0.000 0.000
-0.002 -0.004 -0.001
-0.007 0.003 0.001
-0.002 0.004 -0.005
-0.010 0.002 -0.007
-0.007 0.001 0.005
-0.004 -0.004 0.008
-0.007 0.004 0.002
-0.004 -0.001 -0.004
-0.003 -0.001 -0.004
-0.008 0.004 -0.003
0.004 -0.001 0.014
0.003 -0.007 -0.007
-0.004 -0.002 -0.008
-0.006 0.000 -0.008
-0.000 0.001 -0.005
0.003 0.000 0.005
0.003 -0.001 -0.001
0.002 0.002 -0.008
0.005 -0.003 0.006
0.001 -0.003 -0.000
0.007 -0.004 -0.009
-0.001 0.006 0.008
0.005 -0.011 -0.001
-0.002 -0.001 -0.005
-0.001 -0.006 0.012
0.000 -0.003 -0.006
0.005 0.003 0.006
0.002 -0.002 -0.004
-0.004 -0.002 0.003
-0.003 0.001 0.004
-0.002 0.005 0.002
0.002 -0.000 0.001
-0.004 -0.004 0.001
0.004 -0.001 0.003
-0.001 -0.004 0.000
0.002 -0.003 -0.003
-0.002 0.001 -0.007
0.001 0.001 0.001
-0.003 0.001 -0.006
-0.004 0.004 -0.007
-0.003 -0.003 0.003
-0.007 -0.003 -0.005
0.008 -0.001 -0.003
0.001 0.004 -0.010
-0.005 0.001 -0.003
-0.007 -0.004 0.001
0.002 0.010 -0.008
-0.007 -0.006 0.005
-0.004 -0.008 0.004
-0.004 0.006 0.001
-0.003 0.004 0.004
0.008 -0.002 -0.002
0.007 0.006 0.001
-0.004 -0.005 -0.007
-0.005 -0.001 -0.006
0.004 -0.013 -0.004
-0.003 0.003 0.003
-0.006 0.001 -0.005
0.001 -0.006 0.001
0.007 0.010 0.005
-0.005 -0.003 -0.005
-0.003 -0.009 -0.003
0.006 0.011 0.002
0.001 0.003 -0.008
-0.004 0.004 -0.001
-0.002 0.004 -0.010
0.006 -0.004 0.003
0.000 0.004 0.005
-0.005 0.004 0.003
0.007 -0.003 0.006
0.004 -0.002 0.005
-0.002 0.005 -0.001
0.001 0.000 0.005
-0.000 0.003 0.003
-0.004 0.005 0.007
0.003 0.002 -0.004
0.006 -0.008 0.001
0.008 -0.003 0.003
-0.004 0.003 -0.007
-0.002 -0.003 0.001
-0.009 0.008 0.002
-0.002 0.007 -0.000
0.001 0.001 0.008
0.001 -0.005 0.000
0.002 -0.000 -0.003
-0.004 -0.008 0.002
-0.004 -0.003 0.003
0.005 -0.005 -0.002
-0.002 0.003 -0.005
-0.004 0.002 -0.003
-0.005 -0.000 -0.005
-0.001 0.006 -0.001
-0.001 -0.002 -0.008
0.001 0.005 0.006
0.014 -0.001 0.001
-0.006 0.009 0.005
0.005 0.003 -0.001
-0.013 0.006 0.003
0.001 -0.004 0.004
0.001 0.001 -0.006
-0.006 -0.000 -0.001
-0.005 0.009 -0.002
-0.000 0.001 0.007
-0.004 -0.001 -0.006
0.005 0.002 0.001
0.001 0.009 -0.001
-0.003 -0.003 0.005
0.003 0.002 -0.003
0.003 0.003 0.001
-0.001 0.002 0.002
-0.002 -0.002 -0.009
0.003 -0.001 0.008
-0.009 0.001 0.003
-0.003 0.002 0.001
0.003 -0.001 -0.016
0.000 0.000 -0.004
-0.007 0.003 0.002
0.008 -0.004 0.006
0.000 -0.002 0.002
0.004 -0.003 0.008
0.000 -0.006 -0.006
0.005 -0.003 0.000
0.001 -0.001 0.005
-0.002 -0.006 -0.012
-0.001 -0.001 0.006
-0.004 0.005 -0.001
0.009 -0.005 -0.002
0.003 0.006 0.004
-0.007 0.005 -0.000
-0.008 -0.003 -0.002
-0.004 0.007 0.003
0.006 -0.004 -0.008
0.002 0.000 0.004
0.003 0.001 0.004
0.000 0.001 0.010
0.006 -0.005 -0.008
0.007 -0.002 -0.001
-0.002 0.002 -0.002
-0.006 -0.009 -0.012
-0.005 0.006 -0.005
-0.000 0.006 0.007
-0.003 0.004 -0.002
-0.010 0.005 0.001
-0.004 0.001 0.002
0.001 -0.005 -0.001
0.002 0.004 -0.001
-0.005 0.002 0.006
-0.003 0.003 0.005
0.005 0.007 0.001
0.007 0.007 -0.004
0.002 0.001 -0.003
-0.002 -0.010 0.004
0.004 0.006 0.007
-0.003 -0.001 0.008
0.005 -0.004 -0.012
-0.001 -0.005 0.000
0.005 -0.007 0.001
-0.006 0.012 0.000
0.002 -0.005 -0.011
-0.005 -0.005 0.006
-0.006 0.004 0.002
-0.001 -0.012 -0.003
0.005 0.003 0.001
-0.007 0.001 0.001
-0.002 0.002 -0.004
-0.010 -0.003 -0.003
0.006 0.004 -0.000
-0.003 0.003 0.007
-0.005 -0.003 0.006
0.002 -0.002 0.006
0.003 -0.005 0.001
-0.000 0.008 0.003
0.002 0.001 0.003
-0.007 -0.007 0.002
0.002 -0.002 -0.010
-0.005 0.003 0.001
-0.003 -0.005 0.001
-0.001 -0.001 -0.003
0.001 0.001 -0.003
0.008 -0.003 0.001
-0.008 -0.005 0.005
0.004 0.001 -0.003
0.002 -0.005 0.005
-0.013 -0.002 -0.004
0.006 -0.001 0.006
0.007 0.002 -0.008
-0.004 -0.002 0.002
0.002 -0.007 0.004
-0.005 -0.002 0.001
-0.001 0.008 0.006
-0.007 -0.006 0.006
0.001 0.003 0.000
0.006 0.004 0.004
-0.003 0.003 -0.008
-0.001 -0.003 -0.004
-0.005 -0.010 0.006
-0.001 -0.001 0.003
0.005 0.007 -0.002
0.001 -0.005 0.004
0.000 0.005 0.004
0.004 0.003 0.000
-0.006 0.002 0.008
-0.002 -0.003 0.003
0.008 -0.005 -0.012
-0.003 0.000 -0.001
-0.001 -0.003 -0.003
-0.004 0.002 0.003
-0.008 0.008 0.002
0.003 -0.001 0.001
-0.006 0.008 0.007
-0.001 -0.007 -0.002
0.003 -0.002 -0.004
0.001 -0.004 0.007
0.005 0.003 -0.004
0.001 0.006 -0.010
0.001 0.007 0.009
-0.005 0.001 0.005
0.006 -0.009 -0.010
0.001 0.002 -0.001
-0.002 0.006 0.007
-0.003 0.001 -0.006
0.009 -0.007 -0.005
-0.004 -0.005 0.006
0.012 0.001 -0.002
0.004 -0.005 0.007
-0.000 0.002 -0.003
-0.001 -0.008 0.000
0.004 -0.009 -0.005
-0.002 -0.002 -0.000
-0.000 0.001 -0.000
-0.008 0.002 0.006
0.001 -0.009 0.001
0.002 -0.005 0.000
0.006 0.008 0.001
0.003 -0.001 -0.002
0.007 0.005 0.003
-0.003 0.007 0.005
-0.006 0.005 0.001
0.001 -0.010 -0.007
0.005 -0.004 0.004
-0.007 -0.007 0.010
0.005 -0.001 0.001
-0.004 0.002 0.006
-0.002 0.002 -0.008
0.009 0.005 -0.000
-0.002 0.007 -0.003
0.002 -0.002 -0.005
0.005 -0.002 0.002
-0.002 -0.001 -0.001
-0.003 0.004 -0.000
0.004 0.004 0.006
-0.002 0.003 -0.001
-0.000 -0.004 -0.002
0.003 -0.002 -0.004
0.004 0.002 -0.006
0.001 0.006 0.005
-0.003 -0.006 -0.002
0.007 0.004 -0.011
0.004 -0.011 0.010
0.004 -0.002 0.001
0.003 -0.002 0.002
-0.001 -0.001 0.008
-0.010 0.000 -0.007
-0.001 -0.004 0.013
-0.003 -0.001 -0.003
0.004 -0.003 -0.003
0.009 0.004 0.001
0.012 -0.003 -0.004
-0.004 0.006 -0.003
0.006 -0.003 -0.009
-0.004 0.001 0.006
0.007 0.002 0.003
-0.013 0.001 0.000
-0.002 -0.003 0.004
0.006 0.010 -0.001
-0.004 0.009 -0.002
-0.003 -0.007 0.002
0.003 0.004 0.001
0.003 0.003 0.003
0.006 0.004 0.001
-0.003 0.004 -0.003
-0.001 -0.004 0.011
-0.005 0.003 0.003
0.004 -0.000 0.000
-0.001 -0.014 -0.004
0.007 -0.004 0.001
0.013 -0.005 -0.003
-0.001 -0.010 -0.004
-0.007 0.003 -0.001
-0.011 0.004 0.005
-0.002 0.005 0.003
-0.005 0.001 0.001
-0.004 -0.005 0.002
0.012 -0.000 0.001
-0.005 -0.001 -0.001
-0.002 -0.003 -0.000
-0.003 0.006 0.010
-0.004 -0.002 0.002
0.003 -0.004 -0.003
0.003 -0.008 0.011
0.002 -0.002 -0.001
-0.005 0.009 -0.000
-0.002 0.009 0.005
-0.001 0.002 -0.002
-0.002 -0.001 0.001
0.005 0.010 -0.011
0.012 0.005 0.000
-0.002 -0.009 0.006
-0.005 0.003 -0.002
-0.008 0.002 0.002
-0.005 0.004 0.009
0.002 0.002 -0.004
-0.005 -0.002 0.000
0.000 -0.001 0.012
0.003 -0.005 -0.006
-0.009 -0.005 0.003
-0.001 -0.003 0.003
0.003 0.002 -0.000
-0.000 -0.007 -0.009
-0.004 -0.004 -0.004
-0.001 -0.002 -0.007
-0.001 0.002 -0.002
0.004 0.002 0.002
-0.002 0.002 0.003
-0.010 0.005 -0.003
0.003 -0.012 -0.002
-0.008 -0.001 0.001
0.002 0.000 -0.006
0.007 -0.007 -0.002
-0.004 -0.003 -0.007
0.005 0.004 0.000
-0.001 -0.005 -0.001
-0.005 0.000 0.002
-0.001 0.002 0.003
0.004 0.010 -0.007
-0.006 -0.006 -0.001
-0.008 -0.003 0.004
0.004 0.008 0.004
0.005 -0.003 -0.002
0.004 0.004 -0.010
-0.007 -0.005 -0.004
0.007 0.009 0.002
0.002 0.010 0.002
0.003 0.002 0.002
0.007 0.004 0.000
-0.002 0.001 -0.008
0.002 0.001 0.002
-0.006 0.002 0.001
-0.000 0.002 -0.004
-0.007 0.002 -0.011
0.003 0.010 0.002
0.004 0.008 0.005
0.011 -0.004 -0.002
0.002 -0.008 -0.000
0.000 0.006 0.005
0.004 0.003 0.000
0.001 0.004 0.005
-0.004 0.002 -0.000
0.001 0.006 -0.001
-0.005 -0.005 -0.003
0.003 -0.001 -0.003
0.004 0.001 0.004
0.011 0.009 0.002
0.002 0.006 0.006
-0.002 -0.006 0.004
0.001 0.003 0.003
-0.003 -0.003 0.005
-0.001 -0.004 -0.001
0.002 -0.003 0.009
0.004 -0.007 0.001
0.008 0.016 -0.002
0.000 -0.007 0.003
0.002 0.001 -0.005
0.004 0.009 0.007
0.002 -0.000 0.004
-0.001 -0.013 -0.009
0.007 0.007 -0.001
-0.004 -0.002 -0.006
-0.001 0.009 -0.003
-0.004 -0.007 0.001
-0.005 0.003 -0.002
0.008 0.003 0.002
-0.007 0.000 0.002
0.002 0.002 0.001
-0.006 -0.012 -0.006
0.005 0.004 0.006
0.002 0.001 0.000
-0.009 0.001 -0.003
-0.003 -0.005 -0.000
0.005 0.004 -0.005
0.001 -0.000 -0.010
0.005 -0.003 0.003
-0.004 0.004 0.006
0.001 0.003 -0.003
-0.002 -0.006 0.005
0.006 -0.002 0.000
-0.003 -0.007 -0.003
-0.006 -0.010 0.001
-0.005 -0.000 -0.013
0.000 -0.003 -0.003
0.004 -0.001 0.001
0.000 0.002 -0.004
-0.000 -0.001 0.004
-0.003 0.004 0.003
-0.003 0.004 -0.002
-0.003 -0.004 -0.005
0.002 -0.001 -0.002
0.004 0.004 0.001
-0.010 0.002 -0.010
-0.004 -0.001 0.008
-0.012 -0.008 -0.004
0.003 -0.008 -0.004
0.006 0.004 -0.003
0.005 0.000 -0.005
-0.004 -0.003 -0.005
0.002 0.005 -0.007
0.003 -0.005 -0.000
0.002 0.005 -0.000
0.001 0.008 0.008
0.005 0.004 0.003
0.008 0.004 -0.003
0.001 0.002 -0.007
-0.003 0.009 -0.006
0.003 0.002 0.005
-0.004 -0.004 0.000
-0.003 0.008 0.001
0.004 -0.005 0.003
0.012 -0.000 -0.006
0.006 -0.002 -0.006
-0.006 -0.006 0.003
-0.004 -0.004 -0.002
0.002 0.004 0.006
-0.002 0.005 -0.004
0.009 0.003 0.001
-0.008 0.005 -0.002
-0.003 -0.004 -0.003
0.002 0.002 0.000
0.009 -0.006 0.001
-0.007 0.003 0.003
0.001 0.003 0.003
0.002 -0.007 0.004
0.009 0.006 -0.001
0.010 0.001 0.006
0.003 0.007 -0.008
-0.004 0.003 -0.001
-0.002 0.008 -0.003
0.002 0.002 -0.001
-0.012 -0.009 -0.001
0.011 -0.004 -0.000
0.010 0.000 0.003
0.002 -0.004 -0.004
-0.003 -0.000 -0.004
-0.002 0.001 0.006
0.012 -0.004 0.001
-0.005 -0.003 -0.009
0.009 -0.002 0.005
-0.005 -0.012 0.009
-0.008 -0.005 0.006
0.000 -0.001 0.007
-0.001 0.004 -0.006
0.007 -0.003 0.001
-0.004 -0.004 -0.001
0.005 -0.001 0.001
-0.002 0.007 -0.007
-0.008 0.007 -0.011
0.009 -0.000 0.002
0.002 -0.003 0.003
0.010 0.006 -0.004
0.006 -0.006 -0.001
0.001 0.006 -0.007
0.005 -0.002 -0.008
0.005 -0.002 -0.010
0.004 -0.008 -0.002
-0.006 -0.004 0.005
0.003 -0.008 -0.001
0.000 0.007 0.002
-0.006 -0.006 0.003
0.004 -0.003 -0.003
0.003 0.001 -0.013
-0.001 0.004 -0.007
0.004 -0.006 0.001
-0.004 -0.008 0.001
-0.001 0.008 0.004
-0.008 0.002 0.005
0.004 0.009 0.010
-0.004 0.002 0.012
0.006 -0.003 -0.008
-0.008 0.003 -0.001
-0.001 -0.003 -0.004
0.003 -0.000 0.002
-0.008 0.009 0.006
0.005 -0.010 0.004
-0.007 0.002 0.006
0.005 0.004 0.009
0.001 -0.004 -0.003
0.000 0.004 -0.005
0.004 -0.000 -0.002
-0.005 -0.002 0.002
-0.001 0.004 -0.008
-0.007 -0.005 0.006
-0.001 0.000 0.003
0.003 -0.003 -0.007
-0.002 -0.008 -0.000
-0.004 0.001 0.001
-0.002 0.003 0.014
-0.009 0.012 -0.005
-0.007 -0.005 0.004
0.001 -0.003 -0.003
-0.004 0.003 0.006
-0.001 -0.003 -0.002
-0.012 -0.000 0.002
-0.002 -0.003 0.006
0.002 0.002 0.003
0.001 0.007 -0.007
-0.000 -0.011 -0.002
0.010 -0.006 -0.006
-0.000 0.004 0.003
-0.003 0.008 -0.000
0.006 0.008 -0.005
-0.007 0.003 0.001
0.000 0.001 -0.001
0.008 -0.015 0.006
0.001 -0.001 -0.005
0.006 -0.006 0.001
0.006 -0.008 0.002
0.002 0.002 -0.002
0.003 0.005 -0.002
0.010 -0.006 -0.003
0.006 -0.001 -0.005
-0.002 0.008 0.004
-0.005 -0.009 0.007
0.001 -0.002 -0.005
-0.010 -0.007 0.002
-0.002 0.008 0.005
-0.003 -0.005 0.006
-0.002 0.013 0.000
-0.007 -0.010 -0.004
0.007 -0.001 -0.013
-0.003 -0.001 0.007
0.002 -0.001 0.002
0.011 0.005 -0.004
0.003 0.006 0.012
0.001 -0.002 0.002
-0.002 0.001 -0.004
0.000 -0.007 0.004
0.004 -0.008 0.004
-0.003 0.007 0.005
0.005 0.003 -0.005
-0.010 0.001 -0.006
0.001 -0.007 0.004
0.003 -0.006 -0.005
0.002 0.004 0.001
-0.003 0.001 -0.001
-0.003 -0.007 0.000
-0.004 -0.001 -0.010
0.004 -0.003 0.000
0.008 0.008 0.003
-0.005 -0.000 0.002
0.001 0.001 0.004
0.003 0.006 0.004
-0.003 -0.002 -0.000
0.002 -0.002 -0.000
-0.002 -0.003 0.002
0.005 0.009 0.005
-0.002 0.006 -0.007
0.002 -0.003 -0.003
0.010 -0.002 0.001
0.003 -0.000 -0.007
0.002 -0.002 -0.001
-0.000 0.002 0.002
-0.008 0.001 0.009
-0.010 -0.005 -0.003
-0.010 -0.009 -0.005
0.006 -0.002 -0.005
-0.001 0.002 0.002
0.000 0.013 0.001
0.002 -0.003 -0.004
-0.006 -0.006 0.003
0.001 -0.003 -0.002
0.005 -0.001 0.000
0.001 0.002 -0.004
-0.012 -0.010 0.002
-0.003 -0.002 -0.009
-0.004 0.001 0.000
-0.005 -0.006 0.010
-0.001 -0.001 -0.007
-0.004 -0.001 -0.006
0.000 -0.006 -0.004
-0.004 -0.008 -0.008
0.001 -0.005 -0.001
-0.001 0.002 0.004
-0.003 -0.006 0.001
0.004 -0.002 -0.000
-0.001 -0.001 0.003
-0.002 0.003 0.002
0.011 -0.004 0.006
0.004 -0.006 0.003
0.003 -0.003 -0.012
0.004 -0.006 -0.001
-0.009 0.003 -0.009
-0.003 -0.003 -0.000
-0.007 0.002 0.002
-0.002 -0.001 -0.014
0.008 -0.001 0.003
0.001 0.000 0.003
-0.003 0.005 0.008
0.001 -0.001 0.005
0.002 -0.002 -0.002
0.001 0.004 -0.003
0.004 0.010 0.003
-0.000 0.003 -0.002
-0.006 -0.004 -0.007
0.005 -0.002 -0.009
0.003 0.002 0.002
-0.007 -0.006 0.009
-0.003 0.002 0.001
-0.007 -0.007 0.002
-0.002 -0.001 0.005
-0.008 -0.000 0.006
0.004 -0.001 0.002
0.003 -0.004 -0.007
0.004 0.000 0.009
-0.003 0.005 0.004
0.002 0.000 -0.005
-0.001 -0.002 0.000
-0.005 0.001 0.009
-0.004 0.003 -0.009
0.003 0.001 -0.005
0.003 0.001 0.009
0.001 0.002 -0.001
-0.006 0.013 0.001
0.002 0.000 -0.007
-0.007 -0.008 0.007
0.003 -0.002 -0.007
-0.004 -0.001 -0.006
0.004 -0.004 -0.001
-0.001 -0.011 0.004
0.000 -0.011 -0.002
-0.002 -0.005 0.002
0.006 0.002 -0.007
-0.003 -0.010 0.001
-0.005 0.001 0.004
0.004 0.001 -0.001
-0.008 0.011 0.011
-0.000 0.002 -0.006
-0.002 0.000 -0.003
0.009 0.002 -0.003
-0.002 0.001 -0.008
0.002 -0.000 0.004
0.002 -0.003 -0.003
0.007 0.002 0.003
0.003 -0.000 -0.005
0.009 -0.001 0.006
-0.000 0.006 -0.004
-0.007 -0.001 -0.002
0.003 0.002 -0.008
-0.004 -0.007 -0.004
-0.000 -0.003 0.006
0.002 -0.004 0.006
0.005 0.001 -0.002
0.010 0.004 -0.005
0.001 -0.004 0.004
-0.005 -0.003 -0.003
0.002 -0.005 0.000
-0.011 0.004 -0.013
0.001 0.001 -0.002
0.005 0.006 0.005
0.006 0.002 -0.002
0.001 0.006 -0.000
-0.012 -0.008 0.009
-0.004 -0.003 0.005
0.004 0.003 0.001
-0.011 0.011 -0.002
0.005 0.001 -0.003
-0.001 -0.001 0.008
-0.006 0.002 0.009
-0.003 0.000 -0.006
0.008 -0.006 0.003
-0.010 -0.004 0.001
-0.006 -0.001 -0.007
0.000 -0.006 -0.005
0.001 -0.010 0.003
-0.004 0.008 -0.003
-0.004 0.001 0.005
-0.012 -0.003 0.006
-0.005 -0.006 -0.008
-0.002 -0.006 0.002
-0.008 -0.002 -0.001
-0.003 -0.001 -0.005
-0.004 0.006 0.002
0.002 0.005 0.002
-0.002 0.003 -0.001
0.009 0.001 0.000
0.008 0.004 -0.004
0.002 -0.006 -0.001
0.001 0.001 -0.001
-0.005 0.002 0.003
-0.003 -0.000 0.002
0.002 0.002 0.002
0.003 0.004 0.002
-0.003 0.002 -0.003
-0.003 0.002 0.000
-0.003 0.003 -0.004
0.002 -0.007 0.007
0.002 0.002 0.000
-0.007 -0.008 0.000
-0.002 0.002 0.005
0.002 -0.005 0.003
-0.003 0.002 0.003
-0.003 0.007 -0.002
0.000 0.006 0.001
-0.004 -0.002 0.001
-0.002 -0.003 0.005
-0.001 0.009 -0.001
-0.005 -0.001 0.005
-0.003 0.006 0.000
0.002 -0.004 0.000
-0.000 0.005 -0.002
-0.008 -0.006 -0.003
0.003 -0.004 -0.005
-0.002 -0.000 -0.000
-0.006 -0.002 0.005
0.002 0.002 -0.004
-0.001 -0.006 0.003
0.004 -0.001 -0.002
-0.004 -0.001 0.008
-0.004 0.001 0.005
-0.000 -0.007 0.002
0.008 0.001 -0.000
-0.000 -0.011 0.002
-0.002 -0.005 0.006
-0.005 0.000 -0.006
0.002 -0.007 0.001
0.001 0.004 -0.006
-0.002 -0.004 0.004
-0.009 -0.002 0.002
0.001 -0.008 0.006
0.000 0.005 -0.002
0.000 0.001 -0.002
0.011 -0.001 0.002
-0.003 -0.003 -0.001
-0.004 -0.005 0.000
-0.002 0.011 -0.001
-0.003 0.003 0.009
-0.008 0.006 -0.005
-0.002 -0.007 -0.002
-0.007 -0.003 -0.002
-0.001 0.001 0.001
-0.000 0.006 0.001
0.006 0.001 -0.003
-0.007 -0.014 -0.002
-0.006 -0.000 0.006
-0.011 0.003 -0.008
-0.009 0.011 0.004
-0.015 0.007 -0.001
0.007 -0.005 0.001
0.001 -0.010 0.001
0.004 -0.005 0.003
0.003 0.000 0.006
0.003 0.008 0.001
0.005 -0.001 0.003
0.002 0.002 0.004
-0.002 -0.002 -0.009
0.001 -0.006 -0.004
-0.002 0.003 0.003
0.002 -0.001 0.001
-0.004 0.008 0.008
-0.003 -0.006 -0.006
-0.005 -0.005 0.002
0.001 0.004 0.001
0.001 -0.001 0.008
0.008 -0.004 0.002
-0.001 -0.001 -0.003
-0.006 -0.001 0.005
0.007 0.005 0.001
0.007 -0.000 -0.001
-0.007 0.006 0.005
-0.005 -0.006 0.010
0.001 -0.005 -0.002
0.003 0.005 0.004
0.008 0.004 0.002
0.006 -0.003 -0.003
-0.007 0.004 -0.004
0.001 0.001 -0.002
-0.002 0.005 0.008
-0.002 -0.004 0.010
0.000 -0.003 -0.002
0.004 -0.000 0.000
-0.006 -0.004 0.006
0.002 0.005 -0.009
-0.003 0.002 0.003
0.010 0.001 -0.004
-0.004 -0.007 0.007
-0.001 -0.003 0.006
0.007 -0.002 -0.003
0.001 -0.008 0.002
0.003 0.001 0.004
0.000 0.001 0.007
0.001 0.008 0.004
-0.001 -0.000 -0.003
0.006 0.014 -0.001
0.001 0.002 0.000
-0.001 0.003 -0.007
-0.004 0.001 0.000
0.001 0.003 0.006
-0.005 -0.003 0.005
0.000 0.001 0.006
-0.009 0.007 0.001
-0.006 0.006 0.009
0.008 -0.001 0.003
0.003 -0.007 0.013
-0.005 0.010 -0.000
0.001 -0.001 0.007
0.009 0.001 -0.003
-0.003 0.003 -0.011
-0.008 0.000 0.002
-0.002 -0.002 -0.009
-0.002 -0.001 0.001
0.003 -0.010 0.008
-0.011 0.003 -0.002
0.005 0.003 -0.001
-0.002 -0.008 -0.000
-0.004 -0.005 -0.006
0.000 -0.002 0.004
-0.003 -0.007 -0.004
0.000 -0.009 0.007
-0.001 -0.001 0.001
0.003 0.003 -0.004
-0.004 0.010 -0.011
-0.005 -0.004 0.004
0.001 0.002 -0.004
0.002 -0.005 -0.003
-0.004 -0.004 -0.005
0.001 0.001 -0.004
-0.002 0.002 0.001
0.007 -0.001 0.002
0.003 -0.005 -0.005
-0.007 0.002 -0.001
0.001 0.001 0.001
0.003 -0.002 0.004
0.003 -0.007 -0.001
0.008 0.018 -0.000
0.000 -0.008 0.001
-0.000 -0.003 0.009
0.001 -0.005 -0.005
0.004 -0.003 -0.005
-0.008 -0.001 0.003
0.004 0.001 0.008
-0.006 0.001 0.002
-0.008 -0.001 -0.005
0.001 -0.004 0.003
0.008 -0.001 -0.003
-0.006 0.002 -0.005
0.005 0.008 0.009
0.009 0.001 0.002
-0.004 -0.007 0.004
-0.007 0.005 -0.004
-0.001 0.009 0.001
0.003 -0.001 0.004
-0.001 -0.005 -0.005
-0.008 -0.006 0.003
-0.000 -0.005 0.004
0.001 0.002 -0.005
-0.002 0.002 -0.001
0.005 0.004 0.007
0.002 -0.003 0.000
0.012 0.005 -0.001
0.004 -0.001 -0.002
0.006 0.002 0.005
0.009 -0.002 0.002
0.005 0.004 -0.002
0.000 0.010 -0.003
0.002 0.002 -0.007
0.003 -0.007 0.001
0.006 -0.002 -0.008
-0.000 -0.000 0.001
0.001 0.001 -0.007
0.005 -0.011 -0.002
0.004 -0.004 -0.007
-0.004 -0.002 0.010
-0.007 0.002 -0.001
-0.004 -0.007 -0.006
0.002 0.003 0.007
-0.005 -0.011 0.003
0.003 0.006 -0.009
0.007 0.001 0.010
-0.001 0.007 -0.003
0.011 -0.003 -0.008
0.001 0.006 0.006
-0.000 0.002 -0.000
0.007 0.005 -0.003
0.005 -0.000 0.006
-0.002 0.000 -0.003
-0.008 -0.006 0.006
0.003 -0.004 0.002
0.000 0.004 -0.002
-0.000 -0.006 0.006
0.003 0.001 0.012
0.006 0.007 0.002
-0.003 0.002 0.000
-0.002 0.006 -0.002
0.001 0.001 -0.007
0.003 0.004 0.000
0.001 -0.002 -0.003
-0.003 -0.009 0.003
-0.007 -0.002 -0.010
-0.003 0.003 0.000
0.000 0.001 -0.008
0.004 -0.002 0.000
0.002 -0.013 0.007
-0.002 0.003 -0.002
-0.003 0.007 -0.006
0.001 -0.003 0.003
0.004 0.003 0.003
-0.003 -0.001 0.002
0.006 0.002 -0.001
0.001 0.005 0.002
0.004 -0.002 0.005
-0.002 0.000 0.003
-0.007 -0.001 0.001
0.001 0.004 -0.012
-0.008 0.005 0.004
0.010 -0.001 0.006
0.011 -0.011 -0.008
-0.002 -0.007 0.008
-0.001 -0.004 0.006
0.003 -0.003 0.003
-0.005 -0.003 0.006
-0.004 -0.002 -0.002
-0.003 -0.013 -0.008
0.001 0.007 0.003
-0.003 -0.001 -0.008
-0.001 -0.001 -0.003
0.003 0.002 0.003
0.011 0.003 -0.010
-0.007 -0.000 -0.004
-0.001 0.007 0.000
-0.006 0.007 -0.001
-0.000 0.001 0.003
-0.004 0.000 0.006
0.006 -0.004 0.000
0.008 -0.001 -0.007
-0.003 0.003 -0.001
0.000 0.001 -0.001
0.003 0.007 0.002
0.003 0.006 0.004
0.006 -0.010 0.000
0.002 -0.001 -0.004
-0.001 -0.004 0.002
0.003 -0.001 0.005
-0.003 -0.003 0.000
-0.002 0.005 -0.001
0.003 0.005 -0.008
-0.000 0.001 -0.009
0.000 -0.001 -0.007
0.007 0.001 -0.011
-0.002 -0.002 -0.001
-0.004 -0.005 0.001
-0.005 0.005 0.002
0.001 -0.003 0.001
0.000 0.001 -0.008
-0.000 -0.011 0.001
0.012 -0.005 -0.004
0.004 -0.004 -0.005
-0.001 0.001 0.004
-0.002 -0.003 -0.001
-0.004 0.001 0.007
-0.004 -0.006 -0.000
-0.003 -0.007 -0.007
-0.009 -0.000 -0.004
0.009 0.002 -0.005
-0.006 -0.002 -0.007
-0.000 0.005 -0.002
-0.003 -0.010 -0.007
0.000 -0.001 0.001
-0.007 0.004 -0.003
-0.009 -0.006 -0.003
-0.000 -0.008 0.004
-0.000 0.004 0.007
-0.001 -0.003 0.003
-0.009 0.005 -0.000
-0.002 -0.006 -0.007
-0.002 0.002 -0.000
-0.012 -0.003 0.003
0.009 -0.001 0.002
0.000 -0.002 -0.006
-0.005 -0.007 0.002
0.004 -0.001 -0.003
0.005 0.011 -0.009
0.003 0.001 0.002
0.003 0.008 -0.001
0.011 -0.006 0.004
-0.007 -0.007 0.002
0.004 -0.003 0.003
-0.004 0.006 -0.007
0.001 0.001 0.001
0.000 -0.001 -0.013
-0.007 0.005 0.003
0.007 0.000 0.008
-0.001 0.005 -0.002
-0.003 0.005 -0.007
0.008 0.009 -0.000
0.007 -0.003 -0.001
0.001 -0.003 0.004
0.004 0.003 -0.003
-0.008 0.002 -0.002
-0.008 -0.006 -0.001
0.008 0.002 -0.004
-0.005 -0.005 -0.005
0.001 0.006 0.014
0.009 -0.002 0.005
0.000 0.009 0.003
-0.002 0.005 -0.004
-0.003 -0.002 -0.001
-0.010 0.005 0.013
-0.006 0.007 -0.008
-0.000 -0.004 0.001
0.003 -0.006 -0.001
0.004 -0.005 0.006
0.006 -0.002 0.007
-0.010 -0.003 0.003
0.005 0.006 0.005
0.000 0.003 0.000
-0.007 0.005 0.003
-0.001 -0.003 0.010
-0.005 0.000 -0.004
-0.000 0.006 0.002
-0.002 0.004 0.005
-0.000 -0.002 -0.004
-0.009 0.008 -0.004
-0.006 -0.004 -0.006
0.006 -0.000 -0.005
-0.004 -0.005 0.006
-0.007 0.000 0.002
0.002 0.001 -0.001
-0.012 -0.000 -0.002
-0.007 0.007 0.006
-0.002 0.002 0.000
-0.009 -0.002 0.004
-0.001 -0.005 0.006
0.002 -0.006 -0.003
-0.002 -0.005 0.004
-0.003 0.001 0.009
-0.003 -0.006 0.000
-0.002 -0.002 -0.005
-0.008 -0.002 -0.006
-0.006 0.014 0.012
0.012 -0.002 -0.005
0.003 -0.005 -0.001
-0.005 0.004 -0.001
0.002 -0.003 -0.001
-0.009 -0.001 -0.002
0.002 -0.002 -0.005
0.000 0.007 -0.001
0.009 -0.013 -0.004
-0.001 -0.007 -0.014
0.000 -0.005 -0.004
-0.001 -0.001 -0.003
0.003 -0.004 0.006
0.006 -0.008 -0.004
0.005 -0.006 -0.003
0.001 0.005 0.006
-0.001 0.003 0.002
0.008 -0.000 -0.001
-0.001 -0.006 -0.007
-0.013 0.007 0.010
-0.009 0.004 0.002
-0.001 0.003 -0.001
0.013 0.005 -0.004
-0.005 0.007 -0.001
-0.001 0.001 0.000
0.006 -0.005 -0.012
-0.003 -0.004 -0.003
-0.008 -0.005 -0.007
0.005 -0.005 -0.001
0.007 -0.002 0.002
0.005 0.003 -0.003
-0.005 0.006 0.001
-0.004 -0.002 -0.000
-0.009 0.002 0.005
-0.003 -0.004 -0.002
-0.001 0.010 0.004
0.001 -0.003 0.000
-0.001 -0.006 -0.002
0.002 -0.005 -0.007
-0.001 -0.002 -0.009
0.006 0.006 0.010
-0.002 0.003 0.006
0.003 0.006 0.001
-0.002 0.002 0.002
0.003 0.005 0.001
-0.001 0.006 -0.001
-0.004 0.005 -0.011
0.006 0.004 0.000
0.006 -0.002 0.002
-0.007 -0.006 0.002
-0.002 -0.006 0.005
-0.000 -0.003 -0.001
0.008 0.005 0.000
0.003 -0.003 0.009
0.007 -0.002 0.001
0.005 0.005 0.005
0.003 0.002 -0.008
0.007 -0.002 0.001
-0.000 0.005 -0.002
-0.006 0.007 0.003
0.008 -0.000 0.002
0.005 -0.005 -0.008
-0.004 -0.003 0.009
0.013 -0.001 0.000
-0.002 -0.001 0.002
0.002 -0.002 -0.001
-0.003 -0.004 -0.002
0.003 0.002 -0.003
0.005 0.000 0.005
-0.001 0.009 0.007
0.004 0.007 -0.003
0.009 -0.006 0.000
-0.003 -0.010 -0.006
-0.002 0.002 -0.002
0.005 -0.002 -0.005
0.007 0.006 -0.001
-0.008 -0.005 -0.003
0.000 0.006 0.000
0.001 0.002 -0.006
0.006 0.008 0.003
0.008 -0.001 0.000
0.007 -0.001 -0.003
0.009 -0.001 -0.004
-0.000 -0.011 0.005
0.007 -0.006 -0.003
0.009 0.005 -0.002
-0.001 0.002 0.007
0.004 0.003 -0.001
0.008 0.003 -0.005
-0.002 0.009 -0.009
-0.005 0.003 -0.001
-0.006 -0.018 -0.002
0.006 -0.005 -0.006
0.004 0.007 -0.004
-0.002 -0.008 -0.000
-0.004 -0.001 -0.012
0.005 -0.009 -0.007
-0.001 -0.010 -0.008
-0.005 -0.009 -0.004
-0.001 0.009 0.004
-0.012 -0.001 -0.004
0.002 -0.002 0.002
0.003 -0.002 -0.008
-0.002 0.003 0.003
-0.001 0.003 -0.000
-0.006 0.001 0.004
0.007 -0.003 0.001
-0.001 -0.007 0.002
-0.005 0.000 -0.003
-0.003 -0.000 0.000
0.002 -0.002 -0.001
0.002 -0.002 0.000
-0.003 -0.000 0.004
0.004 0.004 0.006
0.001 0.005 -0.002
0.005 0.004 0.008
0.004 0.003 0.002
-0.003 -0.003 0.004
-0.006 0.008 0.001
0.003 0.005 0.001
-0.000 -0.011 0.002
0.003 -0.007 0.001
-0.001 0.005 -0.009
-0.003 -0.001 -0.004
0.001 -0.010 -0.011
-0.000 0.003 -0.004
0.002 0.002 0.003
0.000 -0.009 -0.000
0.001 0.008 -0.007
0.011 -0.000 -0.005
-0.001 0.006 0.000
-0.004 0.003 0.005
0.000 0.009 0.011
-0.012 0.000 0.009
0.002 0.007 0.003
-0.007 -0.003 -0.000
0.007 -0.000 -0.002
-0.003 0.001 0.001
0.011 -0.001 -0.006
0.003 0.001 0.001
-0.004 0.002 -0.002
-0.003 -0.003 0.005
-0.007 -0.000 -0.001
0.004 -0.001 0.005
-0.004 0.002 0.001
0.000 0.008 0.003
0.001 0.005 0.002
-0.001 0.005 0.011
-0.003 0.003 0.001
0.000 -0.009 -0.003
-0.004 0.007 -0.006
0.007 -0.005 -0.001
-0.002 -0.003 -0.008
0.007 0.006 0.006
0.005 0.005 0.006
-0.004 0.003 0.007
0.002 -0.001 -0.004
-0.001 -0.002 -0.015
0.002 0.008 0.003
0.001 -0.004 -0.001
0.007 -0.007 0.011
-0.008 0.004 -0.003
-0.002 -0.011 0.005
0.002 0.005 -0.002
0.007 0.001 -0.001
-0.002 0.006 0.002
0.002 -0.007 -0.000
-0.005 -0.004 -0.009
0.003 -0.001 0.000
-0.005 0.001 -0.005
-0.000 0.003 0.002
0.003 -0.003 -0.010
0.001 -0.005 -0.002
-0.006 -0.001 0.003
-0.002 -0.006 0.001
0.001 0.000 0.001
0.006 0.008 0.004
-0.002 0.002 -0.007
0.000 0.009 -0.000
-0.000 -0.004 0.006
-0.001 0.002 -0.002
-0.006 -0.001 -0.005
-0.003 -0.003 0.009
0.003 0.002 -0.003
0.003 -0.001 0.006
-0.001 0.009 -0.001
0.000 -0.002 -0.000
-0.005 -0.006 -0.008
-0.004 -0.005 0.001
-0.003 -0.001 0.007
0.003 -0.008 0.002
0.003 -0.001 -0.005
0.002 -0.001 0.001
0.003 0.002 -0.002
-0.008 0.000 -0.001
-0.001 0.002 0.003
-0.005 0.004 0.002
0.001 0.000 0.011
0.002 -0.000 -0.008
-0.001 0.002 -0.006
-0.001 0.001 0.004
-0.008 -0.001 -0.001
0.000 0.002 0.004
0.005 0.013 0.001
0.002 -0.001 -0.000
-0.005 -0.001 -0.003
-0.006 0.001 -0.003
0.001 -0.001 0.003
0.007 0.003 -0.002
-0.002 0.001 -0.002
-0.002 0.006 0.001
-0.002 0.001 -0.001
-0.003 0.001 -0.002
-0.003 0.004 -0.003
0.007 -0.006 0.002
0.002 0.002 0.001
0.005 -0.001 -0.002
-0.002 0.010 -0.005
0.005 -0.004 0.003
0.006 -0.006 -0.004
0.004 0.006 -0.003
0.009 -0.001 0.002
0.006 -0.004 0.008
-0.004 -0.000 -0.002
0.012 0.000 0.004
0.006 -0.002 0.004
-0.002 -0.009 -0.002
0.000 -0.011 -0.006
-0.000 0.002 0.003
-0.000 -0.003 0.003
-0.007 0.004 -0.008
0.005 -0.005 0.008
-0.002 -0.003 -0.005
0.003 -0.006 -0.001
0.002 -0.004 -0.005
-0.003 -0.007 -0.004
-0.000 -0.008 0.000
0.000 0.001 -0.000
-0.012 -0.005 0.002
-0.001 -0.006 0.008
0.006 -0.007 -0.001
0.003 0.008 -0.011
0.003 -0.002 0.001
-0.001 0.008 0.010
-0.001 -0.005 0.013
0.002 -0.005 0.006
-0.001 -0.002 0.005
-0.009 0.005 0.001
0.002 0.001 -0.008
-0.004 0.002 0.003
-0.000 -0.008 -0.001
-0.004 -0.004 0.002
0.002 -0.008 -0.001
0.003 0.001 -0.001
0.000 -0.006 0.009
0.001 -0.004 -0.009
-0.009 -0.003 0.005
-0.003 -0.001 -0.005
0.007 0.011 -0.014
-0.002 0.002 0.002
-0.003 -0.002 0.003
0.008 -0.009 -0.003
0.002 -0.005 -0.003
0.007 0.001 -0.003
0.002 -0.007 0.001
0.002 0.006 0.003
0.001 -0.001 -0.001
0.006 0.006 0.003
0.000 -0.004 -0.007
-0.002 0.004 0.001
0.006 -0.001 -0.008
-0.003 0.004 0.001
0.001 -0.000 -0.003
0.003 -0.003 0.002
0.000 -0.008 0.008
-0.001 0.004 0.003
-0.000 -0.002 0.001
-0.003 -0.004 -0.003
-0.008 -0.005 -0.001
0.003 -0.010 0.002
0.007 0.004 0.007
-0.006 -0.005 -0.007
0.007 0.011 -0.008
-0.001 -0.007 -0.009
-0.005 0.007 -0.003
0.004 0.003 -0.004
0.007 -0.005 -0.003
0.002 -0.002 -0.001
0.004 0.006 -0.009
0.000 0.006 0.008
-0.013 -0.004 0.000
-0.002 0.004 0.002
0.003 -0.001 -0.001
0.005 0.003 0.002
0.001 -0.004 -0.004
0.001 0.005 -0.005
0.002 0.002 -0.001
-0.001 0.003 -0.004
0.007 -0.009 0.003
0.003 0.007 -0.010
-0.005 0.005 -0.004
-0.000 0.005 -0.005
-0.005 -0.005 -0.000
-0.004 0.000 -0.001
0.002 -0.003 0.003
0.004 0.004 0.002
-0.002 0.001 -0.007
0.002 0.005 -0.003
0.007 0.004 0.010
-0.006 0.000 -0.003
-0.002 0.004 0.006
-0.000 -0.002 -0.005
-0.000 0.001 0.003
0.005 -0.003 -0.003
0.007 0.001 -0.009
0.008 -0.003 0.004
-0.002 0.000 0.008
-0.009 -0.002 -0.004
-0.001 -0.002 0.005
0.002 -0.002 0.008
0.004 -0.004 -0.002
-0.003 0.001 -0.002
0.004 -0.003 0.000
-0.003 -0.003 0.004
-0.008 0.001 0.004
0.007 -0.005 0.006
-0.001 0.000 0.001
-0.007 0.007 0.003
-0.003 -0.003 0.012
-0.001 -0.000 -0.008
-0.001 0.003 -0.003
0.001 0.002 -0.002
0.005 -0.001 -0.000
-0.000 -0.009 0.003
0.004 0.004 0.002
-0.000 0.003 0.014
-0.006 0.003 0.002
0.004 -0.007 0.010
0.006 -0.001 0.009
0.001 0.011 0.001
-0.010 -0.000 -0.002
-0.007 -0.005 0.001
-0.004 0.005 -0.008
-0.001 0.002 0.002
-0.003 0.001 -0.005
-0.004 -0.007 0.007
-0.002 -0.005 -0.001
0.007 0.009 -0.004
0.009 -0.000 0.006
0.004 -0.004 -0.003
-0.008 0.000 0.002
-0.001 -0.006 0.002
0.004 0.001 -0.003
0.002 -0.005 0.001
0.002 0.005 0.009
0.009 0.004 -0.003
0.003 -0.007 -0.000
-0.001 -0.003 0.003
-0.002 0.010 -0.001
0.010 0.001 -0.005
0.001 0.011 -0.001
0.000 0.003 0.004
0.004 -0.008 -0.004
-0.003 0.015 -0.004
0.001 0.013 0.003
0.007 0.004 -0.008
-0.002 -0.001 -0.009
-0.010 0.005 0.010
-0.005 -0.001 0.007
0.005 -0.007 -0.000
0.002 -0.009 -0.003
-0.003 -0.012 -0.004
0.001 0.002 -0.007
0.003 -0.001 -0.001
-0.003 -0.011 0.004
0.002 -0.000 -0.003
-0.007 0.002 -0.002
0.003 0.003 -0.003
-0.004 -0.001 0.002
-0.009 0.001 -0.007
-0.002 0.012 -0.005
-0.005 -0.002 -0.001
-0.007 0.002 0.003
0.003 0.002 -0.001
-0.005 0.000 0.003
-0.004 -0.001 0.000
0.011 0.006 0.007
0.004 -0.003 0.003
0.008 -0.005 0.000
0.001 0.003 0.006
-0.001 -0.001 0.016
-0.002 -0.007 0.001
-0.003 -0.001 -0.001
-0.011 0.000 0.001
0.006 0.001 0.006
0.008 0.003 0.002
-0.002 0.003 -0.002
-0.012 -0.001 0.006
0.004 -0.001 -0.004
-0.001 -0.000 -0.006
-0.005 -0.000 0.001
0.003 -0.004 -0.010
-0.001 0.005 -0.007
-0.004 -0.003 0.008
0.006 -0.002 0.004
-0.004 -0.000 -0.009
-0.005 -0.005 -0.006
0.003 -0.005 0.005
0.003 0.001 0.006
0.001 -0.004 -0.002
0.003 -0.006 0.005
-0.001 0.003 0.001
-0.004 0.008 -0.001
0.002 -0.003 -0.004
0.000 -0.003 -0.000
0.001 -0.003 0.005
0.003 -0.010 -0.005
-0.002 -0.005 -0.004
0.003 0.002 -0.008
-0.007 0.001 -0.002
0.004 -0.003 0.000
-0.004 -0.001 0.003
0.002 -0.006 0.005
-0.000 0.002 0.002
-0.002 0.004 -0.004
-0.002 -0.006 -0.008
0.011 -0.001 -0.002
0.009 -0.009 0.006
0.001 -0.001 -0.001
-0.001 0.007 0.005
-0.001 -0.004 0.000
-0.005 -0.004 -0.002
-0.004 -0.003 -0.002
-0.005 0.008 -0.011
0.003 0.003 -0.001
-0.001 0.001 0.000
0.003 0.003 -0.002
-0.005 0.002 0.003
0.004 -0.003 0.012
-0.009 0.009 -0.004
-0.001 0.009 0.009
0.008 0.004 0.002
-0.007 -0.006 -0.000
0.003 0.004 0.004
0.007 0.007 0.000
-0.010 0.005 -0.001
-0.002 0.001 -0.006
-0.001 -0.007 -0.012
-0.004 0.007 0.001
0.004 -0.001 0.002
-0.009 -0.004 -0.004
-0.007 0.001 0.002
0.002 -0.000 0.003
0.000 0.001 -0.003
0.003 0.002 -0.005
-0.003 0.005 -0.007
-0.002 0.005 0.003
0.005 0.003 -0.002
-0.009 0.010 0.004
-0.004 0.001 -0.003
-0.001 0.003 -0.004
0.009 -0.002 -0.002
0.006 -0.006 0.001
0.011 0.000 0.001
-0.003 -0.005 -0.001
0.011 0.005 0.003
0.003 0.005 -0.002
-0.000 -0.000 0.002
-0.005 -0.007 -0.004
0.002 -0.005 0.004
-0.006 -0.001 -0.007
0.003 -0.008 -0.010
0.000 0.002 0.004
0.001 0.002 0.001
0.001 0.007 -0.001
-0.005 0.007 0.005
0.003 -0.003 0.002
0.008 -0.002 0.003
-0.007 -0.005 0.005
0.003 -0.002 -0.005
-0.004 0.010 0.000
0.004 0.003 0.001
0.002 -0.002 0.006
0.000 -0.002 0.003
-0.000 0.002 -0.004
-0.009 -0.011 -0.007
-0.005 -0.003 0.000
0.002 0.003 -0.006
0.009 -0.001 -0.003
-0.000 0.001 0.002
-0.003 0.008 -0.008
0.002 0.004 -0.000
-0.005 0.000 0.005
0.000 -0.003 -0.010
0.002 -0.010 0.005
-0.004 0.006 0.005
-0.000 -0.001 0.010
-0.001 -0.001 -0.002
-0.004 0.000 -0.001
-0.013 -0.005 0.006
0.004 0.012 -0.008
-0.010 0.005 -0.005
0.004 -0.003 0.006
-0.002 -0.001 0.008
0.004 -0.003 -0.014
0.008 -0.001 0.001
-0.005 -0.001 -0.004
-0.003 -0.013 0.004
0.001 -0.004 0.006
-0.001 -0.002 -0.005
0.008 0.011 -0.005
-0.005 -0.001 0.004
0.000 -0.001 0.004
0.001 -0.001 -0.001
-0.002 0.005 -0.000
-0.000 -0.000 0.005
-0.002 0.010 -0.004
-0.007 0.001 0.002
-0.002 0.016 0.002
0.006 0.003 0.002
-0.005 0.001 0.003
-0.007 -0.012 0.006
0.003 0.002 -0.001
0.004 -0.007 -0.003
-0.003 0.006 -0.001
-0.003 0.004 0.005
-0.001 0.002 -0.006
-0.003 -0.005 -0.001
0.004 -0.004 0.003
0.004 -0.005 0.011
-0.001 -0.005 -0.005
0.002 -0.001 0.001
-0.012 -0.005 -0.007
0.004 -0.003 -0.003
0.000 0.006 0.004
0.004 -0.004 -0.002
0.000 -0.005 -0.000
0.000 0.004 -0.010
-0.002 0.000 0.009
0.003 -0.003 -0.004
0.003 0.002 -0.004
0.001 0.008 0.003
-0.004 -0.007 0.003
0.001 0.005 0.006
-0.004 0.000 -0.004
-0.009 -0.001 0.004
0.001 -0.000 -0.008
0.001 0.000 0.000
-0.002 -0.002 0.003
0.002 -0.009 0.002
-0.002 0.001 0.004
0.004 0.009 -0.001
0.003 -0.005 0.003
-0.007 0.004 -0.005
-0.006 0.003 0.004
0.008 -0.002 -0.003
-0.000 -0.006 -0.004
0.001 -0.006 -0.011
-0.007 0.000 -0.006
0.005 0.004 0.003
-0.001 0.001 -0.006
0.002 0.004 0.000
-0.006 -0.008 -0.001
-0.001 0.011 -0.007
-0.008 0.002 -0.002
0.014 -0.006 0.008
-0.005 -0.000 -0.001
-0.005 0.007 0.003
-0.005 0.006 -0.004
0.007 0.001 -0.004
0.000 -0.004 -0.009
0.007 -0.003 -0.004
-0.007 0.001 -0.010
-0.005 0.001 -0.006
0.003 0.003 0.004
-0.001 -0.004 -0.003
0.009 0.003 0.001
0.002 0.009 0.007
-0.008 0.001 0.009
-0.001 -0.000 -0.004
0.002 -0.002 0.007
-0.005 -0.002 0.001
-0.002 -0.002 0.001
-0.002 0.001 -0.007
0.006 -0.010 -0.003
0.007 -0.011 0.010
-0.003 -0.001 -0.000
0.005 -0.001 0.003
0.005 0.008 0.001
-0.003 -0.006 -0.003
-0.002 -0.003 0.004
-0.010 -0.003 0.004
-0.002 -0.001 0.003
0.007 0.006 -0.004
-0.009 0.000 -0.005
-0.002 -0.004 0.006
-0.003 -0.001 0.005
0.002 -0.001 0.001
0.008 0.004 -0.001
0.002 0.001 0.007
-0.002 0.003 0.011
-0.004 -0.000 0.008
0.009 0.004 0.002
-0.000 -0.009 -0.004
0.005 -0.002 -0.001
0.001 -0.001 -0.002
-0.011 0.002 -0.000
0.001 -0.002 0.003
-0.004 0.007 0.004
0.005 -0.001 -0.011
-0.005 -0.009 0.000
0.002 0.010 -0.003
-0.002 -0.008 0.014
0.003 0.006 -0.002
-0.002 -0.001 -0.011
-0.004 -0.000 0.001
0.006 0.001 -0.003
-0.004 -0.003 0.009
0.001 -0.000 0.008
0.003 0.002 -0.006
0.005 -0.006 -0.000
-0.006 0.008 0.003
-0.002 -0.005 -0.002
0.001 -0.010 0.004
0.005 -0.001 0.002
0.005 0.003 0.001
-0.003 -0.002 -0.000
-0.010 0.002 -0.006
0.001 -0.000 -0.002
-0.009 0.002 0.001
0.001 0.001 -0.004
0.006 0.000 0.004
-0.004 -0.004 0.001
0.001 -0.000 0.006
-0.008 0.000 -0.007
0.009 0.001 0.008
0.008 -0.003 -0.002
0.007 -0.004 -0.001
-0.002 -0.006 0.010
0.004 -0.002 -0.007
-0.001 0.003 0.009
0.010 0.001 0.008
0.001 0.005 0.001
-0.003 0.008 -0.001
-0.003 -0.004 0.004
0.004 0.004 0.001
-0.007 0.006 0.003
0.002 -0.005 -0.004
0.003 -0.004 0.003
0.001 0.002 0.005
0.004 0.001 -0.004
-0.001 0.007 0.001
0.009 -0.007 0.008
-0.005 -0.007 -0.005
-0.005 0.008 -0.005
0.002 -0.001 -0.008
0.002 0.001 -0.006
0.005 -0.004 -0.009
0.005 -0.002 -0.006
-0.003 -0.003 -0.000
-0.006 0.006 0.002
-0.001 0.009 0.001
0.002 -0.001 0.000
0.006 -0.003 0.004
-0.004 -0.003 -0.005
-0.007 0.003 -0.006
0.005 0.005 -0.002
0.004 0.002 0.005
-0.005 0.002 0.006
-0.001 0.002 -0.003
0.011 0.004 -0.001
0.007 -0.001 0.002
0.004 0.008 -0.002
0.010 0.005 0.005
0.004 0.006 0.002
0.001 0.007 0.002
0.004 -0.005 0.008
0.002 0.007 0.003
-0.000 0.004 -0.004
-0.009 -0.005 0.006
-0.004 -0.003 0.005
0.003 -0.004 -0.000
-0.002 0.004 0.002
-0.005 -0.006 -0.008
0.003 0.003 0.001
-0.004 -0.006 0.004
-0.013 0.002 -0.002
-0.002 0.011 0.003
0.001 -0.001 -0.007
-0.006 -0.009 -0.001
-0.007 -0.000 -0.002
0.003 0.001 -0.001
-0.001 -0.005 0.002
-0.000 0.010 0.005
0.001 0.006 -0.006
-0.003 -0.007 0.004
0.004 -0.005 0.005
0.002 -0.005 -0.001
-0.001 0.009 -0.001
0.004 0.000 0.009
-0.004 0.004 -0.000
-0.002 0.000 0.008
0.003 -0.003 -0.004
0.005 0.006 -0.004
-0.004 -0.003 -0.006
0.003 0.001 -0.002
-0.008 -0.002 -0.006
0.004 0.003 0.003
-0.001 0.004 0.005
0.003 0.007 -0.001
-0.006 -0.006 0.008
-0.006 0.003 0.000
-0.001 0.006 0.007
-0.004 0.001 0.001
-0.007 0.003 0.003
-0.000 0.008 -0.008
0.004 -0.003 -0.005
0.004 -0.001 -0.002
0.009 -0.006 -0.006
-0.004 0.002 -0.000
-0.000 -0.005 -0.005
0.002 -0.009 0.003
-0.001 0.006 0.002
0.002 0.001 -0.011
0.002 -0.001 0.005
-0.004 -0.005 0.005
-0.004 0.004 -0.007
-0.000 0.002 -0.001
-0.001 0.004 -0.010
-0.004 -0.008 -0.005
-0.004 0.002 -0.001
0.003 0.006 0.007
-0.001 -0.015 0.001
0.006 -0.006 -0.003
0.003 0.002 0.003
0.003 -0.010 0.004
-0.003 0.011 0.008
-0.001 0.007 -0.003
0.002 0.003 0.004
-0.007 0.011 0.002
0.006 -0.002 0.000
-0.001 0.001 -0.001
0.003 0.011 -0.007
-0.004 -0.009 -0.001
-0.001 0.002 -0.003
-0.009 -0.005 0.002
-0.001 0.010 0.008
-0.000 0.003 0.003
0.008 0.004 -0.001
-0.004 -0.004 -0.000
-0.004 -0.004 0.001
-0.008 -0.005 0.010
-0.011 0.005 0.001
-0.004 0.004 -0.006
0.001 -0.001 -0.000
-0.000 0.003 0.004
0.007 -0.003 -0.000
0.003 0.003 -0.007
-0.001 0.003 0.009
-0.009 0.005 -0.007
0.002 0.000 -0.003
-0.001 0.002 0.005
-0.000 0.005 -0.006
-0.004 -0.007 0.001
0.002 0.004 0.000
0.004 -0.009 0.001
-0.004 0.003 -0.002
0.000 0.008 0.007
0.000 -0.004 0.004
-0.001 -0.001 -0.002
-0.004 0.001 0.006
0.005 -0.002 -0.008
-0.009 0.001 -0.005
0.000 0.000 0.004
-0.010 -0.000 0.000
-0.002 0.001 -0.004
-0.002 0.005 -0.005
0.002 0.003 -0.002
-0.001 -0.005 0.002
-0.004 -0.005 0.003
0.002 0.003 -0.009
-0.009 -0.003 -0.003
-0.001 -0.001 -0.002
-0.009 0.007 0.004
0.007 -0.004 -0.007
-0.002 -0.005 -0.001
0.001 0.003 -0.010
-0.002 0.001 0.009
0.004 -0.002 0.002
0.008 0.001 -0.000
0.012 0.001 0.004
0.003 -0.003 0.000
-0.001 0.003 0.001
-0.004 -0.000 0.003
0.002 -0.007 0.006
0.006 -0.000 0.002
0.007 0.004 0.000
-0.005 0.009 0.001
-0.002 -0.002 -0.001
-0.009 0.002 0.006
-0.002 0.004 -0.001
-0.000 -0.001 0.003
-0.001 0.007 -0.004
0.001 0.011 0.007
-0.005 -0.002 0.005
-0.003 0.000 0.001
-0.005 0.000 -0.004
0.005 0.003 0.002
0.005 -0.001 0.001
0.005 -0.007 -0.003
-0.005 0.008 0.002
-0.000 0.005 0.009
-0.004 0.000 0.004
0.005 -0.008 0.001
-0.003 -0.001 0.000
-0.004 -0.002 0.004
0.003 0.004 -0.005
-0.002 0.008 0.000
0.000 -0.009 -0.004
-0.001 -0.003 -0.004
-0.002 -0.006 0.010
-0.012 0.002 0.001
-0.002 -0.005 0.000
-0.003 -0.000 -0.003
-0.012 0.005 0.005
0.001 0.004 0.008
-0.008 0.001 -0.005
-0.001 -0.002 0.005
-0.003 0.011 -0.003
-0.005 -0.004 -0.003
-0.002 -0.002 -0.003
-0.000 -0.006 -0.005
-0.004 -0.000 -0.011
0.003 0.007 -0.004
0.002 -0.002 -0.009
-0.001 0.005 0.000
0.001 0.002 0.004
-0.001 0.003 0.007
-0.004 -0.001 0.005
0.002 0.003 0.004
-0.003 -0.001 -0.008
-0.008 -0.001 0.009
0.004 -0.005 -0.002
0.007 -0.003 0.002
-0.007 -0.002 0.003
0.001 -0.000 -0.004
-0.000 0.002 0.002
-0.006 0.000 -0.004
0.001 -0.007 -0.002
0.009 0.005 -0.005
-0.003 0.001 0.003
-0.015 0.008 0.005
0.002 0.002 0.003
-0.003 0.001 -0.001
-0.005 -0.000 -0.002
-0.004 -0.002 -0.000
-0.005 -0.002 -0.004
0.004 -0.002 0.006
-0.010 -0.002 0.007
-0.010 0.009 -0.003
-0.002 -0.009 -0.005
-0.002 0.002 -0.007
-0.005 -0.002 -0.001
0.001 -0.004 0.004
-0.004 -0.007 0.001
0.006 0.012 -0.000
-0.002 0.002 -0.000
-0.001 -0.006 0.002
0.004 0.000 0.004
0.003 -0.000 0.011
-0.001 -0.001 -0.001
0.006 0.007 0.002
-0.000 0.007 0.009
-0.002 0.007 -0.009
0.007 -0.000 -0.006
0.000 0.006 -0.006
0.000 -0.001 0.010
0.002 0.005 0.007
0.002 -0.002 -0.008
0.005 0.007 0.002
0.002 0.001 -0.014
-0.004 0.002 0.006
0.009 0.001 0.003
-0.004 -0.003 -0.011
-0.010 -0.006 -0.012
-0.001 -0.008 0.005
-0.001 -0.002 0.003
-0.005 -0.000 -0.002
-0.004 0.001 0.002
0.006 0.004 0.007
0.000 -0.000 -0.001
0.005 -0.004 0.005
-0.002 -0.006 -0.002
0.001 0.007 0.004
0.003 0.006 0.008
-0.002 0.001 -0.003
-0.001 0.001 -0.001
-0.004 0.004 -0.006
0.003 -0.002 0.000
-0.003 0.007 0.003
0.001 0.002 -0.001
0.003 0.004 0.010
0.002 0.004 -0.001
-0.004 -0.007 0.000
-0.004 0.006 -0.007
0.002 0.001 -0.001
0.003 -0.004 -0.003
-0.001 -0.001 -0.004
0.003 -0.008 0.002
0.007 -0.009 -0.000
0.001 -0.002 0.001
-0.004 -0.001 0.000
0.005 0.005 0.001
0.003 -0.004 -0.003
-0.005 0.005 0.008
0.002 -0.007 -0.007
0.005 0.000 -0.004
0.006 0.009 0.007
-0.002 0.005 0.000
0.001 0.002 -0.005
-0.005 -0.002 -0.008
0.006 -0.000 0.005
-0.004 0.006 -0.004
0.013 0.006 -0.006
0.005 -0.003 -0.008
0.004 0.005 -0.001
0.006 0.001 0.009
-0.005 0.012 -0.003
0.004 0.013 0.000
-0.003 -0.006 0.011
0.004 -0.001 0.001
-0.009 -0.003 0.001
0.003 0.000 0.003
-0.003 0.003 0.002
0.001 0.002 0.000
0.008 0.003 -0.004
-0.005 0.001 -0.007
0.001 -0.003 -0.010
-0.005 -0.008 -0.002
-0.008 0.002 0.001
0.000 -0.003 0.002
-0.011 0.003 -0.007
-0.004 0.002 0.005
0.003 -0.000 -0.007
0.001 0.007 0.001
-0.005 -0.005 0.008
-0.006 -0.005 0.006
-0.004 0.002 0.002
0.001 0.005 -0.004
0.006 -0.004 0.002
-0.007 0.006 0.012
0.003 -0.003 0.001
-0.004 -0.009 -0.002
0.000 -0.001 -0.002
0.006 -0.007 0.004
0.000 -0.004 -0.002
-0.006 0.002 0.005
-0.001 0.001 -0.004
-0.000 0.007 -0.007
-0.005 -0.005 0.001
-0.004 0.001 -0.005
-0.001 0.003 -0.014
-0.005 -0.001 -0.001
-0.003 -0.006 0.010
-0.003 -0.002 0.003
-0.007 -0.002 0.000
-0.001 0.002 -0.005
0.000 0.006 -0.005
-0.000 0.005 -0.003
0.009 -0.003 -0.001
-0.001 0.001 -0.003
0.006 -0.004 -0.003
0.008 0.002 0.000
0.002 0.007 0.005
-0.004 -0.004 -0.002
0.013 -0.001 -0.003
0.004 -0.008 -0.001
-0.006 -0.002 0.001
-0.002 0.002 0.007
-0.001 0.004 -0.003
0.002 -0.000 0.007
-0.004 -0.001 0.000
0.004 -0.001 -0.006
-0.008 0.003 -0.005
0.002 0.002 -0.000
0.004 -0.010 -0.001
0.000 0.009 -0.004
0.004 0.000 -0.005
-0.000 -0.009 -0.001
0.007 -0.009 -0.007
-0.002 -0.004 -0.001
0.001 -0.002 0.001
-0.001 0.007 0.004
-0.001 0.000 0.001
-0.001 0.002 -0.002
0.008 0.003 -0.006
-0.003 -0.003 -0.009
0.007 0.005 0.000
-0.003 0.004 -0.008
0.002 0.002 0.007
-0.002 -0.003 0.010
0.002 0.007 -0.001
-0.004 -0.002 0.004
0.014 -0.003 0.003
-0.003 0.007 0.007
0.001 0.002 0.004
-0.015 0.007 0.013
0.002 -0.005 -0.002
0.001 0.011 0.005
0.005 0.001 -0.002
0.003 0.015 -0.003
-0.001 0.005 0.007
-0.000 -0.005 -0.007
0.005 -0.006 0.003
-0.002 0.004 0.008
0.006 0.008 -0.002
-0.003 0.006 -0.008
0.006 -0.006 0.000
0.003 -0.005 0.003
-0.001 -0.001 0.006
-0.003 0.005 0.005
0.010 -0.005 0.005
0.005 -0.001 -0.005
-0.005 0.004 0.005
0.007 -0.000 -0.001
-0.012 -0.002 0.003
-0.005 -0.002 0.004
0.003 -0.000 -0.010
-0.004 -0.005 0.006
-0.007 0.003 0.004
0.002 -0.002 0.010
-0.004 -0.002 0.004
0.003 -0.002 -0.004
0.001 -0.012 -0.009
0.004 -0.013 -0.002
-0.000 -0.004 -0.003
0.003 -0.001 -0.012
0.003 0.001 0.000
-0.004 -0.009 0.010
-0.000 0.005 0.002
-0.000 0.008 0.006
0.006 -0.004 -0.005
0.006 0.001 -0.001
-0.004 -0.007 0.006
0.001 -0.005 -0.001
-0.006 -0.003 -0.004
0.002 0.002 -0.001
0.009 0.000 -0.002
0.003 0.005 -0.006
0.009 0.001 -0.003
0.006 0.004 0.010
0.005 -0.004 0.000
-0.000 0.004 -0.008
0.003 -0.002 -0.006
-0.007 -0.005 0.002
0.003 0.001 0.005
-0.003 0.003 0.003
-0.001 -0.004 -0.004
-0.004 0.002 -0.000
-0.008 0.003 0.003
-0.005 0.005 0.003
0.001 -0.002 0.006
-0.000 0.008 -0.000
-0.017 -0.006 0.004
0.002 0.004 0.005
0.008 -0.002 0.004
0.004 -0.004 0.003
0.005 0.005 0.010
0.012 0.001 -0.002
0.004 0.001 0.004
0.002 -0.009 -0.003
-0.004 -0.011 0.003
0.008 -0.005 0.005
-0.007 -0.004 -0.001
0.002 0.007 -0.002
0.001 -0.001 0.002
-0.006 -0.002 -0.001
-0.010 0.002 -0.000
-0.003 -0.002 -0.000
0.008 -0.003 -0.007
0.000 0.008 -0.001
0.000 -0.005 -0.004
0.003 0.002 0.001
-0.002 0.005 -0.003
0.003 0.001 -0.006
-0.003 -0.006 0.001
0.001 -0.004 -0.002
-0.002 0.002 0.001
0.002 0.006 0.001
0.006 -0.006 -0.003
0.002 -0.002 0.007
-0.006 0.003 0.009
-0.004 -0.004 0.008
0.000 -0.005 -0.003
0.003 0.005 -0.012
-0.001 -0.003 0.010
0.000 0.004 -0.004
-0.002 -0.013 0.005
0.005 -0.002 -0.006
0.012 -0.003 0.001
0.005 0.002 -0.004
0.011 -0.007 0.002
-0.003 -0.001 0.002
-0.008 0.001 0.006
-0.003 0.006 0.003
0.003 -0.005 -0.004
0.002 0.002 0.001
-0.009 0.004 -0.005
0.007 0.010 0.007
-0.001 0.002 -0.008
-0.001 0.012 -0.010
0.002 -0.001 0.003
-0.002 0.004 -0.000
-0.005 -0.004 0.002
-0.007 0.004 -0.011
0.007 -0.005 0.007
0.008 -0.001 0.008
0.001 0.002 0.008
-0.001 0.005 -0.004
0.008 -0.003 0.006
0.001 0.003 -0.010
-0.000 0.003 0.002
-0.003 0.005 -0.001
-0.006 0.002 -0.000
-0.004 -0.006 0.005
-0.003 -0.001 0.007
-0.002 0.002 -0.003
-0.003 -0.008 0.008
0.002 0.002 -0.000
-0.004 0.001 -0.005
0.002 0.002 -0.001
0.003 0.003 0.002
-0.008 -0.004 -0.000
0.006 -0.000 0.001
0.000 -0.002 0.002
-0.008 -0.004 0.009
0.004 -0.003 0.002
-0.002 -0.005 0.001
-0.004 0.007 -0.001
-0.004 -0.000 -0.001
0.004 0.004 -0.005
0.003 0.006 0.002
0.005 -0.003 0.005
0.001 0.006 0.001
0.003 -0.008 -0.007
0.000 -0.005 -0.006
-0.012 -0.005 0.001
-0.006 0.003 -0.009
0.010 0.006 -0.012
-0.010 0.000 -0.009
-0.004 0.002 -0.010
0.003 -0.001 -0.007
0.006 0.003 -0.003
0.005 -0.003 -0.009
-0.001 0.000 -0.001
-0.000 0.000 -0.001
0.001 0.005 -0.000
0.004 -0.002 -0.004
-0.007 0.002 0.001
-0.006 -0.006 0.008
0.002 -0.002 0.000
-0.003 0.000 0.001
-0.008 -0.006 0.001
-0.006 0.004 -0.001
-0.001 0.003 0.001
0.004 -0.004 0.002
0.003 -0.001 -0.002
0.002 0.004 -0.003
0.002 -0.004 -0.008
0.003 -0.000 -0.005
-0.005 0.002 0.001
0.005 0.001 -0.002
0.005 0.010 -0.000
-0.003 0.000 -0.003
-0.007 0.000 -0.000
-0.004 0.005 0.014
0.001 -0.004 -0.000
0.002 -0.001 0.000
0.002 -0.005 0.003
-0.004 0.009 -0.003
-0.009 0.004 -0.006
0.019 0.006 0.004
-0.004 0.004 0.004
-0.001 -0.003 -0.004
0.002 0.003 -0.002
-0.001 0.004 0.006
0.000 -0.002 0.003
-0.009 -0.003 -0.004
-0.003 0.001 0.005
0.010 0.008 -0.002
0.001 -0.003 0.002
-0.002 0.003 0.005
-0.002 0.007 0.003
-0.002 -0.004 0.008
-0.005 0.009 0.010
0.002 0.001 -0.001
-0.005 0.005 -0.003
-0.000 0.011 0.001
0.012 0.008 0.004
0.004 0.010 -0.001
-0.003 -0.001 -0.006
-0.004 -0.002 0.005
0.002 -0.002 -0.003
-0.004 -0.006 -0.005
-0.008 0.001 0.002
-0.003 0.001 0.003
0.003 -0.001 0.002
0.001 -0.009 0.006
0.003 0.002 0.003
0.007 -0.006 0.012
-0.003 -0.005 -0.009
-0.005 0.000 -0.003
-0.006 0.003 -0.010
-0.006 0.011 0.002
-0.001 0.001 0.001
0.003 0.001 0.001
0.001 -0.003 -0.003
0.006 -0.005 0.000
-0.006 -0.007 -0.005
-0.003 0.002 0.007
-0.002 -0.001 -0.002
0.008 0.004 -0.002
0.003 -0.002 0.002
-0.005 -0.007 -0.002
-0.002 -0.004 -0.002
-0.000 -0.005 0.005
0.003 -0.001 0.001
0.005 0.005 0.004
-0.003 0.010 -0.002
0.005 0.002 -0.000
0.004 -0.004 -0.010
0.007 0.003 -0.000
0.002 -0.003 0.008
0.001 -0.004 0.005
0.006 0.008 -0.009
-0.001 -0.002 0.003
0.006 -0.002 -0.002
0.002 0.004 0.006
-0.007 -0.007 0.000
-0.003 0.006 -0.002
0.003 -0.003 0.012
-0.003 -0.003 0.010
0.010 -0.002 -0.003
0.001 0.000 -0.000
-0.000 0.006 -0.004
0.010 -0.010 -0.008
0.005 0.002 0.006
0.007 0.001 -0.009
0.004 -0.001 0.002
-0.007 -0.003 0.002
0.001 -0.002 0.004
-0.001 0.002 -0.002
-0.001 -0.012 0.003
0.004 -0.004 -0.007
0.002 0.000 -0.001
0.002 -0.004 -0.004
-0.002 -0.004 0.006
0.006 -0.002 0.001
0.011 -0.001 -0.002
0.003 0.005 -0.000
0.002 -0.002 -0.006
0.001 0.005 -0.005
0.002 -0.008 0.000
0.002 0.007 -0.000
-0.004 -0.003 0.005
-0.005 0.007 -0.011
-0.006 0.003 0.003
-0.003 -0.001 -0.004
-0.000 0.006 -0.008
0.005 0.002 -0.000
0.007 0.005 0.000
0.006 -0.006 -0.004
0.007 0.005 -0.002
-0.006 0.003 -0.004
-0.011 -0.001 -0.005
0.005 -0.007 -0.005
0.006 -0.002 0.006
0.006 -0.005 0.006
0.004 -0.003 -0.006
0.005 -0.005 0.007
0.004 -0.005 -0.012
-0.002 0.003 -0.006
0.001 -0.007 0.006
0.001 0.012 0.002
0.009 0.007 0.003
-0.008 0.002 -0.003
0.002 -0.004 0.004
-0.001 -0.001 0.001
-0.015 0.004 -0.001
0.009 0.002 0.008
-0.004 -0.001 -0.004
0.003 0.004 -0.009
0.003 -0.004 -0.006
-0.005 0.002 -0.003
0.001 -0.002 -0.001
-0.007 -0.002 0.005
0.002 0.005 -0.001
0.008 -0.005 0.007
0.007 -0.005 0.004
-0.001 0.005 0.004
0.007 -0.004 -0.008
-0.003 -0.005 -0.001
-0.001 -0.003 0.006
0.004 0.004 -0.004
-0.001 0.008 -0.005
-0.001 0.002 -0.001
0.009 -0.003 0.003
-0.003 -0.002 -0.001
0.005 -0.000 0.006
0.002 -0.002 -0.003
-0.009 0.000 0.004
-0.000 0.001 0.007
0.000 0.001 0.000
0.001 -0.007 -0.006
-0.005 0.003 -0.005
-0.002 0.004 -0.005
-0.007 -0.008 0.008
-0.001 -0.004 -0.014
0.001 -0.004 -0.007
0.008 0.004 -0.002
-0.008 0.010 0.007
0.007 0.004 -0.000
-0.003 -0.001 0.009
-0.001 -0.006 -0.000
-0.004 0.008 -0.006
-0.005 -0.001 -0.007
-0.014 -0.005 -0.006
0.001 0.007 0.002
-0.005 0.000 0.003
-0.001 -0.006 -0.002
0.004 0.002 0.002
-0.002 -0.001 -0.002
-0.001 -0.006 0.008
-0.003 -0.001 -0.006
-0.003 -0.011 0.003
-0.000 -0.006 0.002
-0.002 -0.004 -0.009
-0.004 0.003 -0.001
-0.007 -0.002 -0.000
0.001 -0.006 -0.005
-0.002 0.002 0.007
-0.001 -0.008 -0.002
-0.000 -0.004 -0.007
-0.005 0.001 0.003
-0.003 -0.005 0.002
0.001 0.006 -0.002
0.005 -0.002 -0.006
0.004 0.003 0.004
0.004 0.003 -0.003
-0.010 -0.003 0.000
-0.003 0.002 0.007
-0.001 -0.004 0.007
-0.001 -0.000 -0.011
-0.009 0.005 0.002
0.006 0.011 -0.000
-0.000 -0.001 0.001
0.005 -0.004 0.008
-0.010 0.003 0.006
0.001 0.003 -0.006
0.008 0.006 -0.004
-0.009 -0.005 -0.003
-0.010 0.001 0.003
0.001 -0.001 0.006
0.001 0.011 -0.003
0.002 -0.004 -0.001
0.004 0.003 0.005
0.005 -0.003 -0.014
-0.010 0.010 -0.006
0.006 -0.003 -0.004
0.004 0.005 0.004
-0.003 0.004 0.001
0.009 0.002 0.005
-0.007 0.009 0.008
-0.004 0.007 -0.004
0.001 -0.002 -0.007
-0.001 -0.003 0.006
-0.005 -0.003 -0.005
0.004 0.001 0.004
-0.003 0.001 0.005
-0.002 -0.002 0.001
0.002 0.000 -0.006
-0.003 -0.005 0.015
0.001 -0.009 -0.002
-0.006 0.012 0.003
-0.002 0.006 0.005
-0.004 -0.005 -0.006
-0.002 -0.000 -0.001
0.003 0.002 -0.000
0.005 -0.009 -0.000
-0.006 0.002 0.004
-0.003 -0.010 0.010
0.007 0.006 -0.005
0.003 0.001 0.002
0.007 0.011 0.001
0.002 0.007 0.000
-0.000 0.001 0.009
0.007 -0.013 0.009
-0.001 -0.007 0.007
0.003 0.001 0.000
0.007 0.004 -0.004
-0.009 -0.004 -0.002
-0.002 0.006 -0.006
-0.001 0.008 -0.004
0.003 -0.002 0.011
0.002 -0.005 -0.006
-0.004 -0.006 0.005
-0.007 0.002 0.001
0.007 0.008 0.007
-0.003 0.000 -0.006
0.011 -0.000 0.008
0.005 -0.002 -0.004
-0.001 -0.002 -0.001
0.007 0.006 0.009
-0.008 -0.006 -0.002
0.011 0.012 -0.002
0.000 0.001 0.009
0.003 0.008 0.001
-0.003 -0.004 -0.004
0.004 0.005 0.011
0.003 0.000 -0.003
0.001 0.004 -0.011
-0.005 -0.007 0.010
0.004 -0.002 0.002
0.007 -0.002 0.002
-0.000 0.002 0.001
0.003 -0.003 -0.005
0.001 -0.001 0.000
0.006 -0.003 -0.001
0.002 -0.000 -0.002
-0.005 -0.007 -0.001
0.006 0.010 -0.002
0.002 0.003 0.002
-0.005 0.004 0.003
-0.008 0.003 0.002
-0.004 -0.005 0.006
0.003 0.010 -0.006
-0.003 -0.003 -0.004
-0.004 -0.000 -0.008
-0.003 -0.003 0.005
-0.000 0.003 -0.001
-0.005 -0.001 0.004
0.006 0.006 0.012
0.010 -0.000 -0.001
0.001 0.001 -0.003
-0.008 0.002 -0.003
-0.001 -0.008 0.006
-0.007 0.010 -0.005
0.002 -0.001 -0.005
-0.004 0.003 -0.002
0.004 -0.001 -0.003
0.001 0.003 0.003
0.010 -0.004 -0.006
0.005 -0.004 0.000
-0.005 -0.002 -0.003
0.002 0.002 -0.002
-0.003 0.004 -0.007
-0.001 -0.001 0.001
0.006 0.003 0.004
-0.003 -0.000 -0.007
0.003 -0.006 0.005
-0.001 0.008 -0.003
-0.001 -0.007 0.005
0.002 0.005 -0.010
0.002 0.008 0.008
-0.005 0.011 -0.006
-0.005 0.005 -0.005
0.000 -0.002 0.010
0.001 0.009 0.003
-0.004 0.010 0.001
0.003 0.002 0.009
-0.007 0.008 -0.008
-0.005 -0.008 0.001
-0.001 0.002 -0.010
-0.004 0.003 0.004
-0.007 -0.001 0.003
0.005 -0.014 0.003
-0.004 -0.010 0.007
-0.001 0.003 0.004
0.000 -0.003 -0.004
0.003 0.000 0.001
-0.003 -0.009 0.006
-0.003 0.004 0.010
0.012 -0.002 -0.010
-0.004 0.010 -0.001
0.002 0.001 -0.002
0.005 0.009 0.013
0.002 -0.007 0.004
-0.001 -0.003 -0.012
0.006 0.003 0.000
-0.001 0.004 -0.003
0.005 0.009 0.001
0.004 -0.011 -0.001
-0.011 0.001 0.003
0.001 -0.002 0.005
-0.001 0.001 -0.000
-0.008 -0.002 0.001
-0.003 -0.001 0.007
-0.001 -0.000 -0.001
-0.008 0.007 -0.001
0.001 -0.004 -0.007
-0.005 0.008 0.005
-0.007 -0.004 0.003
0.007 -0.003 -0.005
-0.002 -0.001 0.011
0.002 -0.001 -0.002
-0.004 -0.002 -0.000
0.003 -0.008 0.002
0.001 -0.002 0.002
0.003 -0.008 0.000
-0.001 0.009 0.001
0.005 -0.005 0.004
0.006 0.004 -0.004
0.006 -0.006 0.002
0.002 -0.001 -0.003
-0.000 -0.002 0.010
0.007 0.009 0.000
0.000 0.002 0.004
0.002 -0.006 -0.001
0.005 0.014 -0.003
-0.002 -0.002 0.007
0.001 -0.001 0.000
0.001 0.001 0.003
0.004 0.005 0.008
-0.001 -0.001 -0.002
0.002 0.004 0.003
-0.000 -0.004 -0.005
-0.005 -0.004 -0.001
0.005 0.004 -0.007
-0.007 -0.001 0.004
-0.001 0.000 -0.002
0.004 0.002 -0.001
-0.007 0.001 -0.002
0.001 -0.008 0.008
0.001 0.006 0.004
0.004 -0.002 -0.003
-0.007 0.004 0.002
0.003 -0.005 -0.000
-0.006 -0.008 0.000
-0.007 0.017 0.002
0.006 0.004 0.001
-0.005 0.001 0.009
-0.004 0.005 -0.001
0.004 -0.003 0.005
0.006 -0.001 0.001
0.003 0.003 0.007
-0.000 -0.001 0.000
0.002 -0.007 0.003
0.006 0.001 0.002
-0.002 0.002 -0.001
0.001 -0.003 0.003
0.006 -0.002 0.001
0.006 -0.001 -0.005
0.003 -0.001 0.002
-0.000 0.002 -0.000
-0.003 0.005 -0.001
0.004 0.008 -0.003
-0.001 0.000 -0.001
0.003 -0.005 -0.006
-0.002 0.001 0.003
0.003 -0.001 -0.009
0.003 -0.004 0.002
-0.000 -0.005 0.002
0.001 0.004 0.001
0.010 -0.004 0.010
0.009 -0.002 -0.006
-0.002 -0.002 0.003
0.003 0.003 -0.009
-0.010 0.001 0.007
0.001 0.009 -0.006
0.000 0.006 0.001
0.007 0.005 -0.001
-0.001 -0.007 0.000
0.010 -0.008 -0.001
0.005 0.002 -0.009
-0.000 0.003 0.001
-0.001 0.000 0.007
-0.004 0.008 -0.003
0.000 -0.001 0.004
0.007 -0.001 -0.009
-0.002 -0.008 -0.010
-0.002 -0.001 -0.001
-0.008 0.003 0.008
-0.002 0.009 -0.008
0.004 0.004 0.000
0.001 0.001 -0.005
-0.007 0.005 0.003
0.002 -0.002 -0.004
-0.005 -0.007 -0.005
0.003 0.003 -0.001
0.008 -0.003 0.001
0.009 0.009 0.007
0.007 -0.005 -0.002
-0.003 0.007 -0.007
-0.002 -0.003 -0.004
-0.004 0.008 0.004
0.001 -0.006 -0.003
0.001 -0.001 -0.001
-0.003 0.002 0.001
0.004 0.005 0.003
-0.001 0.000 -0.013
-0.003 0.004 0.000
-0.006 -0.006 -0.002
-0.003 -0.004 0.005
0.008 0.002 -0.005
0.008 0.007 -0.000
0.004 -0.004 -0.005
0.009 0.003 0.000
0.001 0.001 0.004
0.006 0.008 -0.004
-0.000 0.000 -0.007
0.008 0.001 -0.007
0.000 -0.002 -0.006
0.006 0.002 0.002
0.006 0.008 0.000
-0.004 -0.002 0.002
-0.002 0.001 0.006
0.007 -0.004 -0.001
0.006 -0.003 -0.000
0.002 0.007 -0.002
0.004 -0.000 0.003
-0.000 0.001 -0.006
-0.004 -0.005 -0.000
0.001 0.001 0.003
-0.008 0.002 -0.002
-0.007 -0.004 0.004
-0.006 0.007 -0.006
-0.001 0.001 -0.005
-0.005 0.003 -0.003
-0.004 -0.000 0.001
0.003 -0.003 0.005
-0.001 -0.008 -0.005
0.001 0.000 -0.011
-0.007 0.001 0.002
-0.007 0.002 -0.001
0.000 0.000 0.002
0.000 0.004 0.000
0.005 0.000 -0.002
-0.013 0.004 0.003
-0.008 -0.011 -0.000
-0.005 -0.001 0.007
-0.000 0.001 0.002
0.002 -0.011 0.003
0.011 -0.001 0.005
0.005 0.008 -0.003
0.008 -0.008 0.001
0.002 -0.001 -0.005
0.006 -0.005 -0.000
0.001 -0.002 -0.001
-0.001 -0.003 -0.004
0.003 0.005 0.001
-0.003 0.001 0.011
0.001 -0.007 -0.011
0.006 -0.006 -0.001
-0.003 -0.001 0.007
0.003 -0.001 -0.003
-0.008 0.002 -0.000
-0.009 -0.004 -0.007
-0.003 0.002 -0.008
-0.000 -0.004 0.004
0.003 0.003 -0.006
-0.008 0.008 -0.001
-0.006 -0.003 0.006
-0.005 0.004 -0.010
0.010 0.000 -0.003
-0.005 -0.009 -0.002
-0.005 0.002 -0.001
-0.000 0.003 0.006
-0.003 -0.006 0.002
-0.004 -0.010 -0.006
0.009 0.003 -0.000
-0.004 0.006 -0.000
-0.010 -0.012 -0.006
0.002 -0.009 -0.007
0.006 0.011 -0.010
-0.006 -0.002 -0.003
-0.002 -0.011 -0.004
-0.000 -0.008 0.001
-0.006 -0.004 0.008
-0.008 0.008 -0.009
-0.001 0.001 0.005
-0.007 0.005 0.006
0.004 -0.009 0.003
0.003 -0.002 0.009
0.000 -0.002 -0.000
0.001 0.002 0.004
-0.001 -0.008 0.005
-0.002 -0.001 0.000
-0.001 0.002 0.000
0.003 0.008 0.003
0.002 0.005 -0.002
-0.003 0.004 -0.001
-0.004 -0.003 0.002
-0.006 0.003 -0.007
0.001 0.006 0.002
0.004 0.001 0.008
0.002 0.003 -0.004
-0.002 -0.001 -0.003
-0.006 -0.008 0.011
-0.001 0.000 0.006
0.001 0.005 -0.003
-0.002 -0.001 -0.001
-0.008 0.005 -0.003
-0.000 -0.004 0.001
-0.000 -0.003 0.008
0.002 -0.003 -0.001
0.000 0.007 0.007
0.002 -0.011 -0.006
0.002 -0.008 0.002
-0.009 0.007 -0.001
-0.001 -0.007 -0.004
-0.011 0.001 -0.001
0.003 -0.001 0.004
0.002 0.002 0.002
-0.003 -0.001 0.000
0.001 -0.009 0.007
-0.005 0.003 0.001
-0.004 0.006 0.002
-0.003 -0.007 0.003
0.002 -0.001 0.005
0.006 0.006 -0.002
-0.004 0.002 -0.000
-0.001 -0.008 -0.001
-0.002 -0.002 -0.004
0.001 -0.005 -0.002
0.004 0.002 0.004
-0.001 -0.009 0.007
0.008 -0.006 0.002
0.002 -0.007 -0.003
-0.016 0.006 -0.003
0.003 0.008 0.004
0.002 0.005 -0.003
-0.001 0.002 0.002
-0.000 -0.001 0.008
0.003 0.006 0.005
-0.001 -0.000 0.002
-0.002 0.009 -0.005
0.001 -0.003 -0.006
0.001 0.004 0.003
-0.004 -0.005 0.001
-0.003 0.004 0.004
0.001 -0.001 -0.015
-0.001 -0.003 -0.002
0.000 -0.010 -0.002
0.003 -0.000 0.002
-0.009 0.004 0.000
-0.001 -0.005 -0.010
-0.005 0.004 0.006
-0.006 0.005 0.005
0.003 -0.010 -0.005
-0.007 0.004 0.006
-0.002 0.008 -0.001
0.001 0.002 0.001
0.002 -0.002 -0.003
-0.004 -0.004 0.003
0.004 -0.010 -0.002
0.006 -0.002 0.004
0.006 -0.002 -0.008
0.007 -0.003 -0.007
0.006 -0.003 -0.003
-0.006 -0.002 0.000
-0.005 0.000 -0.007
-0.001 -0.000 0.004
-0.001 0.004 -0.004
-0.000 0.009 -0.006
-0.004 -0.002 -0.003
0.009 -0.005 -0.001
-0.000 0.005 -0.005
-0.007 0.002 -0.002
0.001 -0.004 -0.002
-0.004 -0.004 -0.001
0.002 -0.006 0.004
0.007 0.005 -0.005
0.002 0.008 0.002
-0.003 -0.004 -0.005
0.000 0.006 -0.001
0.006 -0.003 -0.001
-0.003 -0.002 0.009
-0.002 0.000 -0.000
0.004 0.011 0.005
-0.002 0.007 -0.000
-0.001 0.006 0.001
0.002 -0.013 0.006
-0.005 -0.003 -0.002
0.002 0.002 0.004
0.001 -0.002 0.002
-0.003 -0.004 -0.001
0.002 -0.011 -0.001
-0.003 0.005 -0.004
0.005 0.000 -0.003
-0.003 -0.003 0.002
-0.005 -0.004 -0.001
0.006 0.002 -0.002
-0.004 -0.001 0.002
0.009 0.002 -0.003
-0.009 -0.008 0.007
0.004 0.004 -0.001
-0.002 0.000 0.002
-0.003 -0.003 0.001
0.002 0.003 0.003
0.002 -0.002 0.006
-0.004 -0.003 0.001
0.002 0.007 0.004
-0.008 0.003 -0.005
0.005 -0.005 0.004
-0.001 0.010 -0.009
0.000 -0.004 -0.001
-0.007 0.000 0.004
-0.006 -0.005 0.006
-0.006 -0.005 -0.006
0.006 0.001 0.004
-0.003 0.002 -0.001
0.004 -0.005 -0.003
0.012 0.002 0.000
0.008 -0.009 0.003
-0.004 0.003 -0.004
0.004 -0.002 -0.011
0.003 0.002 0.001
0.005 0.006 -0.000
0.005 0.009 -0.004
-0.005 0.004 -0.009
0.005 -0.001 0.000
-0.002 0.002 -0.001
-0.001 -0.002 0.010
0.006 -0.004 0.001
0.003 -0.003 0.003
-0.002 -0.002 0.006
0.000 0.002 0.007
0.002 0.003 -0.012
0.003 -0.001 -0.011
-0.004 0.003 -0.002
0.001 -0.003 -0.000
-0.002 0.007 0.005
0.001 0.002 -0.008
0.002 -0.000 -0.003
0.003 -0.002 0.010
0.001 0.001 -0.006
0.006 0.001 0.003
0.001 0.003 0.001
0.007 0.007 0.003
-0.006 -0.001 0.004
0.001 0.002 0.000
0.007 0.000 -0.002
-0.000 0.000 -0.009
0.002 -0.002 -0.005
-0.005 -0.001 -0.013
-0.002 0.004 -0.002
-0.006 -0.005 -0.000
-0.008 -0.005 -0.001
-0.006 -0.000 0.001
-0.003 -0.004 -0.003
-0.002 0.006 -0.004
0.003 -0.003 0.003
0.000 0.001 -0.007
0.003 0.006 0.008
0.002 -0.008 -0.003
-0.003 0.000 0.001
0.001 0.005 -0.006
0.000 -0.010 0.002
-0.005 0.001 0.012
0.004 0.009 -0.007
-0.000 0.002 -0.005
0.001 -0.003 -0.004
-0.004 -0.003 -0.006
-0.000 0.009 -0.004
-0.005 0.001 0.004
0.011 0.008 0.013
0.005 0.006 -0.000
0.001 0.001 0.006
0.005 0.001 0.002
-0.005 -0.003 -0.003
0.006 0.002 0.004
0.004 -0.008 0.001
0.008 0.002 -0.001
-0.006 0.012 0.005
0.004 -0.002 -0.003
-0.005 -0.001 -0.004
0.007 0.009 0.004
0.003 -0.001 0.001
-0.004 0.012 0.002
0.006 -0.008 0.005
0.004 0.005 -0.000
0.011 0.002 0.000
0.002 -0.003 -0.002
0.000 -0.014 0.003
0.005 -0.003 0.005
0.003 0.006 -0.004
0.010 -0.001 0.004
-0.001 -0.010 -0.004
0.002 -0.004 -0.003
-0.005 -0.005 -0.008
-0.006 -0.004 0.003
-0.008 0.000 0.009
-0.004 0.002 0.004
-0.002 0.015 -0.003
0.006 0.002 0.001
-0.004 0.003 -0.006
0.002 -0.003 0.005
-0.002 0.001 0.002
-0.005 -0.001 -0.000
-0.005 -0.001 0.002
0.003 0.005 0.002
-0.001 -0.004 0.010
-0.008 0.004 0.003
0.005 0.012 0.002
0.003 0.002 0.004
-0.004 0.006 -0.002
-0.008 0.005 -0.002
0.007 0.002 0.003
-0.002 0.004 0.002
0.001 0.000 -0.001
-0.006 -0.001 0.011
0.007 0.003 -0.007
0.000 -0.000 0.001
0.002 0.005 -0.000
-0.004 -0.009 -0.004
0.005 0.010 0.003
-0.001 0.001 -0.013
-0.007 -0.007 -0.006
0.001 0.003 -0.012
0.010 0.005 0.004
-0.005 -0.004 0.002
-0.004 0.006 0.003
-0.000 0.007 -0.001
-0.002 -0.006 -0.005
0.010 0.002 -0.004
-0.007 0.002 -0.004
-0.004 -0.000 -0.001
-0.005 0.001 -0.003
0.004 -0.000 -0.002
0.003 0.002 0.002
0.006 0.003 0.002
0.002 -0.003 0.001
0.008 0.004 -0.003
-0.006 -0.001 -0.005
0.005 0.005 0.006
-0.002 -0.010 -0.006
0.001 0.005 0.003
0.001 0.001 0.002
0.010 0.002 -0.000
0.003 -0.007 0.000
-0.006 0.005 -0.001
0.002 -0.006 0.012
-0.004 0.002 0.006
-0.003 -0.000 -0.001
0.003 -0.012 -0.005
0.003 0.003 -0.000
0.003 -0.002 -0.010
-0.008 0.007 -0.004
-0.007 0.004 -0.005
-0.006 0.001 -0.005
0.006 0.000 0.003
-0.005 0.001 0.004
-0.004 -0.007 -0.006
-0.000 0.012 -0.010
-0.005 -0.004 -0.011
0.005 0.002 -0.005
-0.001 -0.006 -0.008
-0.002 0.004 0.001
-0.006 0.004 0.001
-0.005 0.008 -0.008
0.006 -0.004 0.001
0.004 -0.005 -0.003
-0.002 0.007 0.004
0.001 0.003 -0.002
-0.001 0.006 0.012
0.003 -0.005 0.002
-0.011 0.005 0.001
-0.004 0.002 -0.006
-0.005 0.003 0.009
-0.003 -0.003 -0.003
-0.001 -0.001 0.003
-0.000 -0.002 -0.003
0.003 0.002 0.006
-0.000 -0.003 0.006
0.002 0.007 0.006
0.003 0.001 -0.000
0.006 0.006 -0.000
0.007 -0.002 -0.005
0.003 -0.002 0.001
0.002 0.004 -0.002
-0.006 -0.002 0.013
0.006 0.007 -0.007
0.004 0.000 0.002
-0.009 0.012 -0.004
0.004 0.004 0.006
0.006 0.001 -0.005
0.005 0.005 -0.000
0.002 0.001 -0.005
-0.002 0.002 0.008
-0.003 0.006 -0.004
0.008 -0.002 0.003
-0.000 -0.003 0.005
-0.001 -0.003 0.008
-0.000 -0.003 0.004
-0.006 0.005 0.005
0.004 0.001 -0.003
0.003 0.007 0.001
-0.008 0.014 0.006
0.001 0.007 0.005
-0.003 0.001 -0.005
-0.002 -0.003 0.005
0.001 0.005 0.000
0.012 -0.001 -0.003
-0.004 0.007 -0.011
0.001 -0.002 0.004
-0.006 -0.002 -0.001
0.004 0.004 0.008
-0.000 -0.004 0.006
0.009 0.002 -0.002
0.004 0.002 -0.004
0.001 -0.001 -0.004
0.012 0.003 0.003
-0.002 0.002 -0.003
0.004 0.005 0.003
0.004 0.002 -0.000
0.001 0.004 -0.001
-0.002 -0.010 0.006
-0.003 0.003 -0.004
0.003 0.002 -0.005
0.009 0.001 0.003
0.001 -0.003 -0.002
0.009 -0.006 -0.002
0.006 -0.007 -0.006
-0.002 -0.002 -0.004
-0.004 -0.001 0.007
-0.005 0.011 0.003
-0.006 0.004 -0.000
0.002 0.011 0.005
-0.002 -0.001 -0.006
0.001 -0.004 0.005
-0.001 0.007 -0.008
-0.003 0.003 0.001
-0.004 -0.005 0.005
-0.005 0.003 0.000
-0.001 -0.003 0.010
-0.003 -0.015 -0.001
0.006 0.000 -0.001
0.009 0.001 -0.003
-0.002 -0.001 0.002
0.007 0.002 0.006
-0.003 0.004 -0.009
-0.006 -0.001 0.004
0.002 -0.002 -0.006
0.003 -0.014 0.000
-0.003 0.002 -0.000
0.003 0.003 0.007
0.005 0.005 0.001
0.001 0.008 -0.000
-0.001 -0.008 0.002
0.003 0.006 -0.002
-0.005 -0.006 0.000
-0.001 0.003 0.002
0.005 0.006 0.002
-0.010 -0.002 0.005
-0.004 -0.006 -0.003
0.001 -0.002 -0.003
-0.006 0.008 0.005
-0.006 -0.012 0.001
-0.004 0.001 -0.003
0.001 0.002 -0.009
-0.000 -0.006 0.001
0.002 -0.001 0.004
0.004 0.008 -0.008
0.001 0.005 0.002
-0.001 0.003 0.003
0.010 0.007 -0.011
-0.001 0.006 -0.002
0.001 0.001 -0.007
-0.011 0.010 -0.007
-0.002 0.002 0.003
-0.003 0.003 0.008
0.006 -0.004 -0.000
-0.001 0.001 0.002
-0.001 0.003 -0.002
0.000 0.013 0.009
-0.004 -0.010 -0.005
0.006 -0.003 0.000
-0.000 0.004 -0.001
-0.002 -0.006 -0.000
-0.000 0.001 0.002
-0.003 0.008 -0.000
0.009 -0.006 -0.004
-0.006 -0.011 -0.004
-0.002 -0.005 0.005
0.003 -0.003 0.003
-0.004 0.000 -0.006
-0.005 0.000 -0.007
-0.003 0.008 0.006
0.001 0.010 0.001
0.005 0.002 -0.000
-0.006 -0.012 -0.003
0.001 -0.000 -0.004
0.003 0.002 0.004
-0.003 0.007 -0.000
0.008 -0.007 0.009
0.006 -0.002 -0.001
-0.000 0.007 -0.000
-0.012 0.000 0.006
-0.001 0.003 0.000
-0.008 0.005 -0.003
0.009 -0.000 0.002
-0.001 -0.004 -0.000
-0.000 -0.000 -0.004
-0.011 0.000 -0.006
0.004 0.007 0.006
-0.001 -0.002 -0.003
0.002 -0.003 0.003
0.001 0.002 -0.003
-0.000 0.002 -0.007
0.002 0.008 0.002
-0.001 -0.005 0.000
-0.008 0.003 -0.005
-0.004 -0.009 0.003
0.004 0.001 0.001
0.004 0.009 -0.002
0.001 0.001 0.002
-0.005 0.003 -0.001
-0.003 -0.002 -0.008
0.005 -0.004 0.005
-0.004 0.006 -0.002
-0.003 0.005 0.003
-0.006 -0.002 -0.003
-0.003 0.001 0.003
-0.005 -0.003 0.006
0.008 -0.004 0.002
-0.003 -0.002 0.008
-0.002 0.000 -0.008
-0.004 0.001 0.001
-0.001 -0.006 0.004
-0.005 -0.006 0.004
-0.002 -0.009 0.003
0.001 0.006 -0.006
0.000 0.002 0.004
-0.005 0.006 0.003
0.005 0.003 0.003
0.002 -0.009 -0.003
0.006 0.002 0.001
-0.002 0.002 -0.008
0.002 0.002 -0.005
0.002 -0.001 -0.002
0.000 -0.006 -0.007
-0.014 -0.001 0.001
0.001 0.000 -0.001
-0.001 0.000 -0.001
-0.004 0.008 0.002
-0.006 0.003 0.002
0.002 -0.001 0.001
-0.006 -0.006 0.006
-0.000 -0.007 -0.003
-0.015 -0.003 0.007
0.002 -0.006 -0.001
0.004 0.003 0.005
0.004 0.006 -0.004
-0.001 -0.008 -0.001
0.005 0.008 -0.002
0.007 0.005 0.001
0.005 0.001 0.007
0.001 0.004 0.000
0.000 0.005 -0.003
0.004 -0.006 -0.001
-0.005 0.004 0.000
0.003 -0.000 0.004
-0.003 0.007 -0.006
0.007 0.001 -0.005
0.008 0.002 -0.001
-0.001 0.001 0.005
0.004 -0.005 -0.006
-0.006 0.007 0.001
-0.008 -0.009 0.003
-0.001 0.004 0.002
0.002 0.001 -0.007
0.006 0.005 0.004
-0.000 -0.000 -0.003
-0.003 0.002 -0.002
0.006 -0.002 0.005
-0.003 -0.006 0.006
-0.002 -0.000 -0.000
0.003 0.007 0.003
-0.003 -0.003 0.003
0.006 -0.004 -0.007
-0.002 0.002 0.000
0.005 -0.001 -0.005
-0.001 -0.006 0.001
0.004 0.000 -0.002
0.007 -0.007 -0.004
0.014 -0.004 0.003
0.000 -0.008 0.001
-0.001 -0.003 0.002
-0.002 -0.004 -0.002
-0.004 0.011 -0.003
0.002 0.000 -0.004
0.004 -0.001 0.004
-0.008 -0.004 -0.011
-0.000 0.001 -0.008
-0.004 0.005 -0.003
-0.000 0.004 -0.000
0.006 -0.001 0.001
-0.002 -0.001 -0.001
-0.001 -0.002 0.002
-0.003 0.003 -0.002
0.000 -0.005 0.002
-0.003 -0.003 0.007
-0.003 0.002 0.001
0.002 0.006 0.004
-0.008 -0.001 0.001
-0.006 -0.003 -0.002
-0.006 -0.004 0.001
0.003 -0.004 0.002
0.002 0.010 0.005
-0.006 0.011 -0.003
-0.005 -0.004 0.000
-0.004 -0.004 0.004
-0.005 -0.000 -0.009
-0.003 0.001 -0.000
0.004 0.008 0.001
-0.000 0.007 0.005
0.002 0.002 -0.009
-0.007 0.000 0.005
-0.008 0.001 -0.000
0.004 0.003 -0.000
-0.001 -0.005 0.007
0.000 0.001 0.005
0.001 -0.003 0.004
0.002 0.002 0.001
-0.008 -0.001 -0.001
0.006 0.001 0.005
-0.009 0.001 -0.007
-0.004 -0.003 0.002
-0.002 -0.012 -0.005
-0.004 0.005 0.002
-0.003 0.004 0.010
0.006 -0.003 -0.009
-0.002 0.006 -0.007
0.005 0.003 -0.006
0.001 -0.004 -0.005
0.000 -0.008 0.003
0.007 0.002 0.002
0.002 0.000 -0.001
0.003 0.001 0.006
-0.000 0.001 0.005
0.002 -0.001 0.001
-0.001 0.003 0.005
-0.004 0.007 0.003
0.002 0.002 0.010
-0.006 0.007 -0.003
-0.000 -0.005 -0.003
0.003 -0.004 -0.010
-0.004 -0.010 -0.010
0.002 -0.004 0.002
-0.001 -0.002 0.006
0.004 -0.014 0.001
-0.004 0.001 0.010
0.007 -0.004 -0.005
-0.001 0.002 0.007
-0.002 -0.002 0.004
0.003 -0.000 -0.001
0.003 -0.005 0.007
-0.000 0.004 0.002
-0.010 -0.005 -0.001
-0.005 -0.000 0.009
-0.006 0.004 -0.011
-0.005 -0.006 0.003
0.004 -0.009 -0.005
-0.008 -0.005 -0.007
-0.000 -0.008 0.001
-0.010 0.005 0.003
0.005 0.007 -0.006
-0.003 -0.003 -0.001
-0.004 -0.002 0.001
-0.010 -0.008 -0.004
0.008 -0.010 0.002
-0.002 0.005 -0.008
0.001 0.009 0.001
-0.005 -0.012 -0.005
0.007 0.002 0.006
0.001 0.004 0.006
-0.005 0.001 0.006
-0.005 0.002 0.003
-0.015 -0.006 0.001
0.007 -0.003 0.007
0.006 -0.004 0.005
-0.004 -0.004 -0.005
0.009 0.001 -0.000
0.000 -0.003 0.004
-0.007 -0.012 0.005
-0.004 -0.001 0.000
0.003 -0.008 -0.007
0.005 -0.003 -0.001
-0.001 -0.002 -0.006
-0.002 -0.004 0.006
0.003 -0.002 -0.008
-0.003 0.008 0.005
0.006 -0.006 0.002
-0.004 -0.006 0.010
0.007 0.007 0.001
-0.005 0.004 0.005
0.001 -0.010 -0.001
0.011 0.006 -0.007
0.004 0.007 0.007
0.000 -0.007 -0.001
0.004 -0.003 0.002
-0.000 0.005 -0.001
0.001 0.002 0.002
0.006 0.004 -0.008
0.012 0.002 -0.001
0.001 -0.001 -0.002
-0.001 -0.001 -0.000
-0.002 -0.003 0.002
-0.002 -0.002 -0.005
-0.003 -0.002 0.001
-0.000 -0.004 -0.000
0.001 -0.005 0.000
-0.001 0.003 -0.001
-0.005 0.003 0.004
0.005 -0.006 -0.004
-0.003 -0.002 -0.001
0.006 -0.006 0.005
-0.010 0.013 -0.007
-0.011 -0.005 0.008
0.004 0.012 0.002
-0.002 -0.003 0.003
-0.001 -0.002 0.001
0.008 0.009 -0.007
0.009 0.003 0.011
-0.005 0.003 0.005
-0.002 0.005 0.016
0.006 -0.004 0.003
0.001 -0.003 0.002
-0.008 0.004 0.004
-0.001 -0.006 0.001
0.005 -0.001 0.002
0.005 0.005 -0.004
-0.002 0.006 -0.000
-0.003 -0.001 -0.001
0.003 -0.003 0.009
0.002 -0.004 0.002
0.005 0.002 -0.004
-0.009 -0.005 0.004
0.010 -0.005 -0.000
-0.006 -0.011 -0.001
0.008 0.004 -0.007
-0.008 0.005 -0.004
0.001 -0.002 0.002
0.006 0.003 -0.001
-0.008 -0.002 -0.008
0.000 -0.003 -0.002
-0.008 0.004 0.004
-0.004 0.007 -0.007
0.003 0.007 -0.001
0.001 0.001 0.008
0.001 -0.000 0.001
-0.006 -0.001 -0.005
-0.007 -0.015 -0.007
0.002 -0.010 0.007
0.000 0.005 0.001
-0.003 0.001 -0.005
0.006 0.000 0.008
0.005 0.003 0.006
-0.001 0.003 0.008
-0.000 -0.000 -0.001
-0.008 0.013 0.007
-0.003 -0.002 0.002
0.007 0.003 0.002
-0.001 -0.004 -0.002
-0.004 0.003 -0.001
-0.001 -0.007 -0.005
-0.001 0.005 -0.003
-0.003 -0.001 -0.000
0.006 0.009 0.004
0.001 0.007 0.001
-0.001 -0.007 -0.013
-0.004 -0.006 -0.004
-0.004 -0.000 0.007
0.008 -0.004 0.007
-0.007 -0.001 -0.002
-0.003 -0.006 0.002
-0.009 0.002 0.007
-0.004 -0.004 0.002
0.005 0.010 -0.004
0.003 0.003 0.008
-0.001 -0.001 -0.003
-0.003 0.002 -0.013
0.006 0.003 0.006
-0.001 -0.005 -0.001
0.004 0.006 0.005
-0.003 -0.001 -0.003
0.002 -0.004 -0.005
-0.003 -0.000 -0.009
-0.007 -0.002 0.007
0.000 -0.004 -0.008
-0.005 0.006 0.005
-0.005 0.006 -0.006
-0.006 0.005 -0.003
0.005 0.007 0.002
0.005 0.009 0.004
0.007 0.002 -0.003
0.003 0.006 -0.005
0.001 0.006 0.007
-0.002 -0.002 0.000
0.012 -0.003 -0.007
0.005 -0.007 0.002
-0.003 0.006 -0.002
0.005 -0.004 0.004
0.003 -0.001 0.008
0.003 -0.002 0.001
-0.008 0.003 -0.001
0.005 -0.002 0.003
-0.001 0.003 -0.001
-0.002 -0.004 -0.006
-0.005 0.008 0.006
0.002 -0.001 -0.001
-0.005 0.007 0.001
-0.012 -0.001 0.006
-0.002 0.004 0.000
-0.008 0.001 0.002
-0.003 0.002 0.007
0.005 0.005 -0.007
-0.001 0.002 -0.001
-0.006 0.001 0.006
0.002 -0.002 -0.006
-0.000 0.001 0.002
-0.003 -0.002 0.004
-0.004 0.001 -0.001
0.002 -0.001 -0.005
0.007 -0.006 -0.010
0.001 -0.004 -0.001
-0.009 0.004 0.012
0.004 -0.001 0.010
-0.002 -0.007 0.009
0.008 0.000 -0.001
-0.003 0.004 -0.009
-0.008 0.005 0.005
-0.002 0.000 -0.000
-0.003 -0.004 0.001
0.007 0.007 -0.010
-0.002 -0.002 0.002
0.003 0.003 0.003
-0.008 -0.002 0.001
-0.004 0.008 -0.009
-0.000 -0.005 0.002
-0.001 0.003 -0.005
0.000 -0.004 0.007
-0.003 -0.005 -0.004
0.006 0.009 -0.002
-0.003 0.007 -0.002
-0.002 0.009 0.009
0.011 -0.007 0.002
-0.005 -0.001 0.002
0.006 -0.008 0.009
0.002 -0.003 0.003
-0.002 -0.003 0.003
-0.001 0.007 -0.007
0.004 -0.008 0.001
-0.001 0.005 0.000
0.003 0.001 -0.004
-0.005 0.001 0.002
-0.003 0.009 -0.005
-0.001 -0.014 -0.008
-0.006 0.000 0.009
-0.012 0.001 0.005
-0.004 -0.004 0.007
-0.002 0.000 0.000
-0.004 0.004 -0.000
-0.003 -0.002 0.003
0.006 -0.002 0.001
-0.003 -0.009 -0.002
-0.000 -0.003 0.003
0.001 0.006 0.008
0.004 0.000 0.004
0.003 0.002 0.000
0.000 0.004 0.004
0.007 -0.001 0.000
0.003 0.005 -0.002
-0.000 -0.008 0.002
0.005 -0.003 -0.004
0.007 -0.005 0.005
-0.005 0.000 0.008
-0.009 -0.003 0.006
-0.009 -0.001 -0.003
-0.005 0.005 -0.004
-0.001 -0.005 -0.003
-0.001 -0.002 0.001
-0.002 0.000 -0.001
-0.003 0.002 -0.008
0.007 -0.003 0.012
-0.003 0.004 -0.002
0.003 0.006 -0.006
-0.003 -0.001 -0.010
0.008 -0.002 0.002
-0.007 -0.006 -0.004
0.001 0.006 0.000
0.003 -0.004 -0.006
0.000 0.007 0.003
-0.002 -0.004 -0.001
-0.005 0.003 -0.005
-0.006 0.003 -0.002
0.001 -0.004 0.006
-0.002 -0.000 0.004
0.003 -0.008 -0.006
-0.005 0.002 0.005
0.004 -0.009 -0.003
0.001 0.001 0.002
0.004 0.001 0.005
-0.003 -0.006 -0.001
0.004 0.004 0.004
-0.003 -0.006 -0.003
0.003 -0.002 0.005
0.007 0.000 -0.002
0.001 -0.005 0.003
-0.010 -0.003 -0.001
0.003 -0.003 -0.006
-0.002 0.010 -0.004
-0.006 -0.001 -0.004
-0.002 0.002 0.008
-0.001 -0.005 -0.003
-0.000 -0.003 -0.004
0.009 0.004 0.000
-0.017 0.000 -0.003
-0.001 0.004 0.006
-0.003 0.004 -0.009
-0.002 -0.001 0.009
0.004 0.002 0.003
-0.001 -0.011 0.001
-0.001 0.004 0.005
0.001 -0.008 -0.004
-0.002 0.004 0.001
-0.007 0.001 -0.000
-0.003 -0.003 -0.002
0.005 0.000 -0.003
0.001 -0.002 -0.001
0.003 -0.001 0.003
0.001 0.002 0.003
0.006 0.005 -0.002
-0.005 -0.007 0.002
0.006 0.002 -0.000
-0.002 0.004 0.003
0.002 0.002 0.006
0.006 -0.008 0.003
-0.006 -0.010 0.001
-0.012 0.002 0.007
-0.000 -0.001 -0.005
-0.002 -0.003 0.005
-0.003 -0.005 0.007
-0.006 0.000 -0.002
0.000 -0.004 0.003
0.002 0.002 -0.007
-0.002 -0.002 -0.000
0.001 -0.007 -0.012
0.002 0.003 0.007
0.007 -0.007 -0.004
-0.009 0.010 -0.002
-0.009 0.008 0.003
-0.005 -0.007 0.002
0.007 -0.002 -0.001
-0.002 -0.006 0.002
0.000 0.002 -0.000
-0.001 0.005 -0.003
0.003 -0.003 0.003
0.003 -0.002 0.012
0.002 0.007 -0.006
0.015 0.002 0.005
-0.002 -0.002 0.002
0.001 0.006 0.006
0.003 0.007 0.003
0.005 -0.001 0.001
-0.001 0.000 0.003
-0.001 0.007 0.004
-0.003 -0.001 0.010
0.004 -0.007 -0.002
-0.003 -0.001 -0.004
0.000 0.003 -0.008
-0.007 -0.005 0.003
0.006 -0.004 -0.007
0.008 -0.001 0.002
-0.007 0.003 0.005
-0.000 -0.003 0.001
0.000 0.006 0.007
0.006 -0.000 0.005
0.005 0.004 0.001
-0.009 -0.001 -0.000
0.011 0.002 0.002
-0.006 0.004 0.003
0.000 -0.002 0.003
0.005 -0.006 -0.002
0.003 -0.007 -0.003
0.001 0.008 0.002
0.008 -0.001 -0.003
0.001 0.005 0.001
0.000 0.006 0.000
0.002 0.010 0.003
-0.004 0.005 -0.001
0.004 0.001 -0.003
-0.000 -0.001 -0.003
-0.001 -0.006 -0.001
-0.003 0.004 -0.003
0.002 0.002 0.000
0.003 0.000 -0.005
-0.009 0.002 0.005
0.005 -0.010 -0.004
0.001 -0.005 0.002
0.001 -0.002 -0.005
-0.003 0.004 -0.007
-0.001 0.000 0.005
-0.001 -0.004 0.002
-0.003 0.006 0.000
-0.009 0.006 0.002
-0.001 -0.002 -0.000
0.001 -0.004 -0.005
-0.011 -0.003 0.007
0.003 0.000 -0.010
-0.003 -0.003 0.004
0.000 0.002 -0.000
0.000 -0.001 -0.005
-0.004 0.001 -0.004
0.004 -0.008 0.005
-0.002 -0.012 -0.009
-0.005 -0.006 0.002
0.006 -0.004 -0.008
-0.005 0.004 -0.001
0.005 -0.002 0.002
0.001 0.004 0.005
0.002 -0.000 0.004
0.002 0.004 0.003
0.007 0.007 -0.002
-0.005 -0.004 0.014
-0.009 -0.001 0.000
-0.003 -0.011 0.003
0.005 0.007 -0.001
0.006 0.001 -0.009
-0.001 -0.003 -0.001
0.001 0.001 0.004
0.006 0.009 0.002
-0.002 -0.002 0.011
-0.005 0.008 -0.003
0.001 0.008 0.000
-0.007 -0.009 -0.006
0.001 -0.005 0.001
0.002 0.013 -0.002
-0.001 -0.006 -0.009
-0.009 0.005 -0.003
0.004 -0.009 0.011
-0.002 0.003 -0.003
0.005 0.006 -0.010
0.003 -0.004 0.005
0.006 -0.003 -0.006
0.002 -0.001 0.000
0.004 0.008 -0.000
0.002 -0.006 0.001
0.008 0.005 0.003
-0.004 0.006 0.003
0.006 0.004 0.003
0.001 0.006 -0.005
-0.007 -0.005 -0.004
-0.003 0.002 -0.002
-0.001 -0.005 0.007
-0.003 0.004 -0.006
0.001 0.000 -0.005
0.006 -0.000 0.009
0.001 -0.005 -0.001
0.001 0.006 -0.004
0.002 0.004 0.006
-0.005 -0.004 -0.002
-0.002 0.002 0.006
-0.003 0.005 -0.006
-0.002 -0.002 -0.007
-0.008 0.007 -0.003
-0.001 0.007 -0.003
0.003 -0.001 0.007
0.005 0.001 -0.001
0.002 0.006 0.000
0.002 0.002 0.005
-0.001 0.001 -0.009
-0.005 0.003 0.004
0.004 -0.008 -0.004
0.001 0.006 -0.006
-0.001 -0.008 -0.007
0.003 0.003 -0.015
0.002 0.000 -0.005
-0.005 -0.002 -0.001
-0.001 -0.001 0.003
0.003 -0.006 0.000
-0.008 -0.005 0.007
-0.007 -0.005 0.010
-0.000 -0.001 -0.002
0.002 0.008 0.004
-0.003 0.001 -0.000
-0.000 0.006 0.004
0.003 0.001 -0.001
0.006 0.009 -0.001
0.004 0.002 0.002
0.004 0.003 0.003
0.001 -0.000 0.001
-0.005 -0.002 0.008
0.003 -0.011 0.001
-0.000 -0.009 0.003
0.003 -0.008 -0.002
-0.004 -0.005 0.008
-0.002 0.004 -0.004
-0.002 -0.001 0.003
0.002 -0.016 -0.002
0.002 -0.009 -0.008
-0.008 -0.008 -0.009
-0.007 -0.002 -0.009
-0.002 0.000 0.014
-0.006 0.004 -0.011
0.004 -0.003 0.003
0.002 -0.001 -0.002
0.003 -0.003 0.007
0.005 0.004 -0.001
-0.007 0.007 0.003
-0.005 0.001 -0.002
-0.005 -0.002 -0.004
0.002 0.001 -0.001
-0.002 0.003 -0.005
0.001 -0.009 0.001
0.004 -0.007 0.004
0.004 0.004 -0.000
0.005 0.005 0.002
0.006 0.002 -0.002
-0.003 0.004 0.005
-0.003 -0.002 -0.001
0.005 -0.007 0.007
0.002 -0.008 -0.005
-0.002 -0.002 0.000
0.001 -0.004 0.009
0.001 -0.002 0.005
-0.006 0.006 -0.006
0.009 -0.008 -0.004
-0.002 0.004 0.002
0.009 0.000 -0.001
0.007 0.007 -0.006
0.007 0.006 -0.006
0.002 -0.003 -0.007
0.004 0.005 0.002
-0.003 0.006 0.000
0.002 -0.003 -0.007
0.002 0.003 0.002
0.004 0.009 -0.002
-0.009 0.005 -0.002
-0.005 -0.007 0.005
-0.004 -0.003 0.002
0.002 -0.001 -0.002
-0.009 0.010 -0.013
-0.000 -0.006 -0.001
-0.001 0.001 0.001
-0.014 0.006 0.001
-0.005 -0.001 -0.004
-0.015 0.007 0.007
0.003 0.006 0.005
-0.002 0.000 -0.001
0.002 -0.005 0.005
-0.000 -0.000 0.003
0.001 -0.002 -0.001
-0.011 0.006 0.002
0.001 0.008 -0.004
0.000 -0.004 0.005
-0.006 0.005 0.006
0.002 0.007 -0.001
-0.003 0.003 -0.004
-0.000 0.005 0.004
0.000 -0.006 0.003
-0.003 0.000 -0.012
0.007 0.002 -0.004
0.002 -0.005 0.005
-0.001 0.002 0.003
0.010 0.009 0.008
0.004 0.007 -0.008
0.003 -0.006 -0.005
0.007 -0.001 -0.007
-0.006 0.005 0.003
0.001 -0.008 0.000
0.004 -0.005 -0.006
-0.001 0.000 0.004
-0.005 -0.002 0.002
0.005 0.003 -0.002
-0.007 0.009 0.004
-0.004 -0.003 0.000
0.001 -0.003 0.006
0.007 0.001 0.001
-0.003 -0.001 -0.006
0.004 0.006 0.001
0.010 0.001 -0.001
0.006 -0.008 0.002
-0.008 -0.008 -0.001
-0.005 0.003 -0.002
0.011 0.003 -0.004
0.002 0.003 0.011
-0.006 -0.000 0.005
0.002 -0.003 -0.005
-0.001 0.006 0.003
0.002 0.008 -0.001
-0.000 -0.003 -0.008
0.002 -0.007 0.000
0.007 0.003 0.004
-0.007 -0.000 0.006
-0.006 0.002 -0.006
-0.006 0.003 -0.003
-0.000 0.006 -0.005
0.015 0.006 -0.003
0.006 0.004 0.004
-0.001 0.005 0.003
0.004 0.002 0.000
-0.001 -0.007 -0.000
-0.005 -0.000 0.004
0.008 -0.005 -0.004
-0.005 0.002 0.003
-0.002 -0.001 0.014
-0.002 -0.003 -0.005
-0.007 0.006 0.006
-0.002 0.006 -0.001
-0.002 -0.000 -0.010
-0.005 0.001 0.002
0.000 -0.001 0.001
0.010 0.008 0.001
-0.004 0.004 0.008
0.007 -0.007 -0.000
-0.003 -0.006 0.002
-0.005 -0.001 0.000
0.004 0.002 -0.006
0.006 -0.003 0.011
0.001 0.006 0.007
-0.003 -0.001 -0.002
-0.002 -0.000 -0.005
0.001 0.000 -0.010
-0.002 -0.003 -0.004
0.009 -0.008 -0.005
0.000 -0.001 0.003
0.008 0.009 0.001
-0.003 0.002 -0.006
0.007 0.012 -0.004
-0.005 -0.003 0.001
0.000 -0.002 -0.005
0.007 -0.001 -0.002
0.001 0.007 0.001
0.004 -0.002 0.002
0.001 0.009 -0.013
0.001 0.004 0.002
-0.006 0.006 0.004
0.006 -0.003 0.001
-0.006 -0.001 -0.000
0.001 -0.008 -0.006
0.003 -0.001 0.003
-0.006 -0.001 -0.002
-0.002 -0.007 -0.005
-0.006 -0.001 -0.006
-0.002 -0.002 -0.002
-0.007 -0.001 -0.006
-0.007 0.001 0.001
0.002 -0.005 -0.006
0.007 -0.010 -0.004
0.007 0.001 0.008
0.009 0.007 0.008
0.000 -0.005 0.004
-0.006 -0.008 -0.004
0.000 0.001 0.006
-0.001 0.012 0.000
0.004 -0.003 0.001
0.001 -0.004 0.001
-0.005 0.012 -0.005
0.001 -0.002 -0.007
0.003 0.003 -0.007
-0.005 0.006 0.004
0.003 -0.005 -0.001
0.007 -0.010 -0.006
-0.003 0.001 0.008
0.009 -0.003 0.006
-0.009 0.003 0.008
-0.007 -0.001 0.008
-0.000 0.003 0.002
-0.004 -0.002 0.006
0.002 -0.004 0.000
-0.003 0.002 -0.002
0.003 -0.004 0.004
-0.007 0.008 0.001
0.005 0.002 0.010
-0.005 -0.010 0.007
-0.003 0.001 0.006
0.007 -0.003 0.001
0.003 0.005 -0.004
0.007 0.000 -0.000
0.005 0.003 0.009
-0.003 0.003 0.007
-0.001 -0.004 0.003
0.004 -0.009 0.007
0.008 -0.004 -0.004
0.004 0.004 0.002
-0.007 -0.003 0.002
-0.001 -0.012 -0.006
-0.007 -0.006 0.002
-0.002 0.001 -0.002
0.001 0.002 0.006
-0.006 0.001 0.009
0.000 -0.002 -0.003
-0.001 0.002 0.000
-0.004 0.002 0.012
0.001 -0.000 0.008
0.002 -0.000 -0.009
-0.000 -0.004 -0.002
-0.002 0.009 0.004
0.005 -0.007 0.001
-0.009 -0.004 -0.002
0.001 -0.001 0.013
0.001 -0.005 -0.001
-0.013 0.002 -0.006
0.004 0.004 0.003
-0.009 0.009 0.005
-0.000 -0.002 -0.000
0.002 -0.004 0.005
-0.003 -0.002 0.002
0.005 -0.004 0.013
0.002 -0.008 -0.006
0.002 0.003 -0.003
0.002 -0.002 -0.005
-0.001 -0.001 0.006
0.005 0.001 0.002
0.006 0.017 -0.001
0.009 -0.007 -0.006
-0.000 0.004 -0.001
0.002 0.011 0.002
-0.007 0.003 -0.004
0.001 0.001 -0.003
0.005 -0.004 0.001
0.004 0.001 -0.003
-0.003 -0.003 0.004
0.001 0.003 0.003
-0.006 -0.004 -0.001
0.000 -0.002 -0.008
0.000 -0.001 -0.007
-0.008 -0.006 0.002
0.001 0.007 0.005
0.002 -0.001 0.001
-0.000 -0.002 0.004
0.007 -0.003 0.007
0.003 0.001 0.001
-0.001 -0.005 0.001
0.009 0.007 -0.003
0.003 0.002 0.002
0.000 0.004 0.004
-0.003 0.008 -0.009
-0.004 0.003 0.001
-0.008 0.005 0.002
-0.001 0.003 0.002
-0.001 -0.003 0.009
-0.009 -0.004 -0.006
-0.000 0.007 -0.001
-0.001 -0.003 0.012
-0.008 0.000 -0.003
-0.009 -0.006 0.001
0.007 -0.003 -0.004
-0.003 0.004 0.001
0.000 -0.002 0.005
0.000 0.007 -0.002
0.008 -0.002 0.008
0.001 -0.000 -0.000
-0.007 0.010 0.004
-0.004 -0.008 -0.000
0.000 -0.002 -0.007
-0.002 0.011 -0.007
0.005 -0.000 -0.008
-0.007 0.005 -0.001
0.000 -0.004 -0.005
0.005 0.003 0.004
0.002 0.001 0.006
-0.001 -0.006 -0.003
-0.004 0.003 0.008
-0.005 0.006 0.002
-0.001 -0.006 0.007
0.002 0.000 0.006
-0.001 0.008 -0.003
-0.012 -0.003 -0.006
-0.002 0.006 0.005
-0.001 0.000 0.000
-0.005 0.000 0.002
-0.002 -0.002 0.003
-0.006 -0.007 0.003
0.002 -0.003 0.003
0.003 -0.002 0.005
0.004 0.001 0.002
0.005 0.011 -0.001
-0.003 0.001 -0.004
0.001 -0.001 -0.000
-0.001 0.010 0.003
-0.007 0.004 -0.000
0.000 0.001 -0.006
0.005 -0.003 0.000
0.003 0.002 -0.001
-0.003 0.002 0.008
0.009 -0.001 0.007
0.011 -0.003 -0.008
0.002 0.006 -0.000
0.005 -0.001 0.006
-0.008 0.006 0.004
-0.004 -0.003 0.001
0.001 0.004 -0.001
-0.005 -0.009 0.003
-0.010 0.003 0.004
-0.002 -0.000 -0.005
0.001 0.007 0.001
0.005 0.000 0.004
0.002 0.004 0.007
-0.003 -0.001 -0.011
0.005 0.007 0.005
-0.000 -0.003 -0.007
0.009 0.001 -0.006
0.007 -0.004 -0.003
-0.006 -0.008 0.003
-0.003 -0.000 -0.004
0.005 0.006 0.003
-0.003 0.008 -0.002
-0.005 -0.001 -0.002
-0.001 -0.001 0.015
0.005 -0.002 0.003
-0.009 -0.002 -0.003
-0.002 -0.005 -0.001
0.006 -0.002 -0.009
-0.005 0.001 -0.004
0.004 -0.001 0.002
0.001 -0.003 -0.000
0.000 -0.003 0.006
0.002 -0.005 -0.004
-0.007 -0.007 0.001
0.007 0.002 0.003
-0.001 0.006 -0.001
0.003 0.006 0.006
-0.002 -0.000 -0.011
0.006 -0.004 0.005
0.000 0.001 0.005
0.005 0.001 0.000
0.000 0.002 0.007
-0.003 0.001 0.003
-0.001 -0.006 0.002
-0.002 0.003 -0.003
-0.000 -0.001 0.000
-0.003 0.004 0.003
0.004 0.001 0.002
0.007 0.002 -0.004
0.001 -0.003 0.003
-0.005 -0.007 0.009
0.005 0.004 0.001
0.001 0.003 0.000
-0.004 -0.003 0.006
-0.005 -0.000 -0.006
-0.005 0.005 0.002
-0.002 -0.000 -0.006
0.006 0.006 -0.001
0.010 -0.000 -0.009
0.005 0.002 0.003
0.006 0.001 -0.003
0.004 0.004 -0.005
-0.000 -0.004 -0.002
0.005 -0.008 0.005
-0.003 0.000 -0.011
-0.006 0.005 0.002
-0.001 -0.005 -0.000
-0.003 0.003 -0.002
0.008 -0.000 0.007
-0.005 0.002 0.008
-0.001 -0.003 -0.002
0.001 0.005 0.007
0.000 -0.004 0.004
0.002 0.002 0.007
0.008 0.003 0.003
0.002 0.003 -0.002
0.001 0.002 -0.004
-0.004 -0.006 -0.000
0.003 -0.004 -0.009
-0.008 -0.009 -0.006
-0.001 0.012 -0.001
-0.006 -0.006 0.003
-0.001 0.000 0.004
0.001 -0.002 -0.006
-0.004 -0.000 0.003
-0.002 0.003 0.009
0.010 0.012 -0.001
0.003 -0.001 -0.001
0.001 -0.003 -0.001
-0.000 0.003 0.004
-0.008 0.000 0.002
0.005 -0.008 -0.005
-0.001 -0.006 0.006
-0.004 0.004 -0.002
-0.011 -0.004 -0.002
-0.003 0.005 -0.009
-0.006 0.001 -0.004
0.001 -0.011 -0.008
-0.009 -0.002 0.003
-0.004 0.004 0.003
-0.004 0.006 -0.003
-0.013 -0.000 0.003
0.001 -0.000 0.002
-0.003 0.004 -0.011
-0.002 -0.010 -0.005
0.010 -0.004 -0.001
0.002 -0.005 0.007
-0.004 -0.003 0.006
-0.002 -0.008 0.006
0.004 0.009 0.000
0.005 0.003 -0.000
-0.005 0.006 0.004
-0.000 -0.009 0.008
-0.004 0.017 0.007
-0.002 -0.003 -0.002
0.010 -0.007 0.002
-0.004 -0.002 0.004
-0.000 -0.002 -0.003
-0.001 0.000 -0.004
0.007 -0.002 0.006
0.001 -0.001 -0.002
0.009 -0.003 0.002
-0.001 0.003 0.003
-0.002 -0.001 0.004
-0.002 0.003 0.004
0.004 -0.001 0.004
-0.003 0.007 -0.005
-0.001 0.010 -0.004
-0.006 0.006 0.002
-0.002 -0.002 -0.005
-0.007 0.006 0.001
0.003 -0.010 0.002
-0.003 -0.005 0.002
-0.004 -0.002 -0.001
0.003 -0.002 0.000
0.006 -0.004 0.008
0.002 -0.003 -0.009
0.005 -0.011 0.011
0.004 -0.005 0.005
-0.001 -0.001 0.003
0.000 0.002 -0.002
0.003 0.003 -0.003
0.007 0.002 -0.001
0.004 0.001 0.008
-0.002 0.008 0.008
0.001 -0.006 -0.001
-0.002 0.011 -0.000
0.001 0.003 -0.003
-0.003 0.005 0.007
0.004 0.007 -0.003
-0.002 -0.001 -0.010
0.001 -0.004 -0.003
-0.013 -0.006 0.008
-0.002 -0.003 0.000
0.003 -0.005 -0.007
-0.007 0.003 0.002
0.006 -0.000 -0.000
-0.004 0.004 -0.004
-0.010 0.004 -0.008
0.001 0.004 -0.005
0.003 0.006 -0.001
0.001 0.001 0.002
-0.000 0.003 0.006
0.001 -0.002 -0.003
-0.000 0.003 -0.004
0.005 0.003 0.001
0.002 -0.008 -0.010
0.004 -0.000 0.007
-0.002 -0.002 -0.002
0.008 0.005 -0.005
-0.008 -0.007 0.003
-0.001 0.010 0.001
-0.006 -0.004 0.007
0.002 0.003 0.003
-0.001 -0.001 -0.003
0.011 -0.003 -0.007
-0.000 0.000 -0.004
0.005 -0.000 0.010
-0.001 -0.007 -0.003
-0.004 -0.007 0.002
-0.002 0.005 -0.001
-0.007 0.006 -0.012
-0.011 0.002 0.007
0.003 -0.002 0.007
-0.005 -0.009 0.001
0.007 0.003 -0.004
-0.001 -0.002 -0.005
0.003 0.002 -0.004
0.000 0.008 -0.010
0.001 -0.007 -0.000
0.001 -0.002 -0.003
-0.004 0.003 0.008
0.003 -0.002 -0.003
0.003 -0.005 -0.001
0.001 -0.001 -0.009
0.004 0.001 -0.008
-0.004 0.007 -0.003
-0.004 0.004 -0.000
-0.002 -0.010 -0.005
-0.003 0.004 0.012
0.001 0.007 0.004
-0.003 -0.002 -0.003
0.006 -0.002 0.002
-0.000 0.000 0.002
0.003 -0.003 0.001
0.007 0.001 -0.001
-0.002 -0.000 -0.002
-0.004 0.011 -0.008
-0.004 -0.011 0.005
-0.005 0.004 -0.003
-0.004 -0.006 -0.002
0.001 0.003 -0.006
0.000 0.006 0.003
0.000 -0.003 -0.004
-0.006 0.012 0.002
-0.004 -0.012 -0.006
-0.001 -0.004 -0.001
0.006 -0.010 0.007
-0.003 0.006 -0.005
-0.001 0.002 0.007
0.005 -0.002 0.003
0.007 -0.002 0.002
-0.007 0.001 0.002
0.002 0.001 0.009
0.004 0.001 -0.006
-0.011 0.011 -0.005
-0.002 0.005 -0.003
-0.000 -0.000 -0.006
0.003 -0.003 0.003
-0.003 -0.005 -0.005
0.004 -0.009 -0.006
0.002 -0.001 0.002
-0.005 -0.004 0.006
0.010 0.002 0.005
0.001 -0.005 0.006
-0.001 0.000 -0.001
-0.014 -0.006 -0.003
0.005 -0.001 0.005
0.005 -0.002 -0.002
-0.001 -0.003 0.002
0.007 -0.007 -0.004
0.002 0.004 0.002
0.003 -0.003 0.002
-0.005 0.014 0.004
-0.005 0.006 -0.004
-0.006 -0.002 -0.003
0.004 0.005 -0.002
-0.004 0.002 -0.002
0.003 0.009 -0.007
-0.000 -0.004 -0.000
0.002 0.005 -0.004
-0.009 0.007 -0.007
-0.004 0.000 0.008
0.003 -0.003 -0.003
0.001 0.008 -0.007
-0.001 0.006 -0.003
-0.007 -0.003 -0.001
0.004 0.001 -0.006
0.003 -0.012 0.002
0.007 -0.001 -0.008
-0.002 -0.010 -0.001
-0.000 0.004 0.001
0.000 0.005 -0.004
0.005 0.006 0.004
0.004 0.004 0.001
0.005 -0.004 0.002
0.007 0.001 -0.005
-0.007 0.001 0.002
-0.002 0.000 0.001
-0.001 0.005 -0.004
0.011 0.004 0.006
-0.009 -0.004 0.005
0.006 -0.002 0.002
0.006 0.005 -0.010
0.002 0.004 -0.005
-0.003 -0.002 -0.006
-0.003 0.007 -0.011
-0.005 -0.002 0.004
-0.011 -0.009 -0.008
-0.000 0.005 -0.001
0.004 -0.002 0.004
0.003 0.002 -0.005
-0.001 0.003 -0.003
0.004 0.009 0.004
0.006 0.006 0.007
0.002 0.005 0.002
0.005 -0.001 -0.001
0.001 0.005 -0.005
-0.003 -0.003 -0.008
-0.007 0.006 0.001
-0.001 0.004 -0.014
-0.005 -0.006 0.005
-0.004 -0.002 0.008
0.003 -0.001 0.001
-0.002 -0.003 -0.005
0.001 -0.001 -0.001
0.016 -0.003 0.009
0.003 0.001 0.003
-0.009 0.003 -0.001
0.003 -0.006 -0.001
0.005 0.003 0.008
-0.001 -0.008 0.000
-0.003 0.011 0.012
-0.003 -0.003 0.002
0.002 -0.013 0.009
0.002 0.010 0.000
0.003 -0.000 0.006
0.007 0.003 -0.003
-0.005 -0.011 0.003
0.010 0.001 0.004
0.004 -0.006 -0.005
-0.004 0.010 0.004
0.001 -0.001 0.001
0.003 -0.001 0.001
0.007 0.001 -0.009
0.001 0.001 -0.001
0.011 0.000 -0.001
-0.005 -0.001 0.008
-0.003 0.003 -0.008
0.001 -0.000 -0.003
0.001 0.005 0.008
-0.003 0.010 0.009
0.003 -0.002 -0.011
-0.001 0.010 -0.008
0.002 0.009 0.007
-0.005 -0.006 -0.002
0.004 0.007 0.005
-0.008 -0.006 0.001
-0.001 -0.004 0.005
-0.011 -0.003 0.004
0.006 -0.003 -0.003
0.001 -0.001 0.004
0.006 0.002 -0.006
-0.002 -0.005 0.000
-0.004 -0.000 0.006
-0.001 -0.012 -0.007
0.001 -0.008 0.003
0.003 0.001 0.001
0.002 0.006 0.002
0.001 -0.000 -0.005
-0.013 -0.009 -0.003
-0.000 -0.002 0.012
-0.007 0.009 0.004
0.004 -0.004 -0.003
-0.008 0.006 -0.003
-0.004 0.005 -0.003
-0.003 -0.004 0.005
-0.001 -0.011 0.002
0.001 0.005 0.010
0.008 -0.003 0.000
0.006 0.000 0.001
0.002 -0.002 0.002
0.002 -0.003 -0.007
-0.001 0.010 -0.009
0.008 0.007 -0.004
0.006 0.000 0.005
0.013 -0.001 0.005
0.001 -0.001 -0.006
-0.000 -0.007 -0.000
-0.002 0.003 0.003
0.000 0.004 -0.005
-0.004 0.004 -0.004
0.006 0.002 -0.002
-0.002 -0.005 -0.008
-0.008 -0.006 0.004
0.003 0.012 -0.004
-0.003 0.000 0.003
0.005 -0.003 0.001
-0.003 -0.002 0.002
-0.009 0.005 -0.001
0.002 0.001 -0.002
-0.004 -0.005 0.003
-0.001 -0.000 0.002
0.011 -0.006 0.000
-0.003 0.003 0.004
0.000 -0.008 -0.004
0.003 -0.008 0.002
0.003 0.004 0.004
-0.007 -0.006 -0.011
0.005 0.001 -0.002
0.003 -0.007 -0.001
-0.002 -0.001 0.001
0.002 -0.005 -0.007
0.004 0.001 -0.010
-0.002 -0.001 -0.003
0.001 -0.002 0.001
-0.002 0.004 -0.008
-0.003 0.003 -0.005
-0.009 -0.001 -0.006
0.004 -0.005 -0.015
-0.003 -0.000 0.001
0.000 -0.002 -0.003
0.006 0.004 0.002
-0.001 0.003 0.000
-0.000 0.001 -0.003
0.010 -0.005 -0.007
0.000 -0.009 0.001
-0.009 -0.001 0.007
-0.002 -0.002 0.010
-0.000 -0.009 0.004
0.004 0.003 0.003
0.003 0.006 -0.001
-0.005 0.001 0.002
0.002 0.004 0.004
0.002 -0.005 -0.004
0.001 -0.002 -0.001
-0.012 0.006 -0.003
0.006 -0.008 0.008
0.005 -0.009 0.003
-0.006 0.004 0.004
-0.001 -0.001 -0.002
0.004 0.007 0.005
0.004 0.010 0.004
-0.001 0.000 -0.001
-0.003 0.001 0.000
0.008 -0.003 -0.003
-0.001 -0.008 0.006
0.007 0.000 -0.001
0.003 0.000 0.006
0.001 0.008 0.006
-0.003 0.003 0.004
0.001 -0.003 0.002
-0.008 0.005 0.002
-0.005 -0.001 0.004
-0.008 0.009 -0.004
0.003 0.006 0.008
-0.007 -0.011 -0.000
-0.005 -0.009 0.003
0.009 -0.007 0.005
-0.007 -0.000 0.010
-0.009 0.007 -0.004
0.000 -0.003 -0.004
0.001 -0.012 -0.004
0.010 0.008 0.003
0.007 0.001 -0.003
0.001 0.007 0.005
0.004 -0.013 -0.001
-0.002 0.003 -0.001
-0.008 0.005 0.002
-0.002 -0.008 0.001
-0.000 0.005 -0.002
-0.005 0.005 -0.006
0.003 -0.005 0.005
0.011 0.000 -0.002
-0.001 -0.002 -0.003
0.001 -0.007 -0.005
0.001 -0.005 0.003
-0.002 -0.000 0.005
-0.001 0.004 -0.006
-0.004 -0.001 -0.002
-0.003 -0.007 -0.014
0.001 -0.003 -0.004
0.003 0.005 -0.001
-0.002 0.002 0.004
-0.005 0.004 0.002
0.002 0.007 -0.009
-0.006 0.002 0.004
-0.006 -0.004 -0.000
-0.000 -0.004 0.001
0.007 0.008 0.004
0.001 -0.008 0.001
-0.006 0.004 0.002
-0.000 -0.006 0.003
-0.006 0.001 -0.006
-0.002 -0.003 0.007
-0.000 0.005 -0.005
-0.004 -0.002 0.001
-0.009 -0.001 0.003
-0.009 0.004 0.004
-0.001 0.005 0.004
-0.002 -0.005 0.004
0.001 -0.002 -0.006
0.006 -0.004 -0.001
-0.004 0.008 0.004
0.006 0.004 -0.010
-0.001 0.003 0.008
-0.013 0.001 0.002
-0.005 0.001 -0.002
0.007 0.009 0.004
0.003 0.006 -0.000
0.006 0.000 -0.000
0.005 -0.005 0.003
0.007 0.006 0.001
-0.003 -0.005 0.001
0.007 -0.009 0.002
-0.000 -0.002 -0.008
0.012 0.000 0.003
0.009 -0.002 0.001
-0.001 0.002 0.007
-0.002 -0.008 -0.005
0.004 0.005 -0.005
-0.001 -0.001 0.005
-0.001 -0.002 0.006
0.000 -0.003 -0.006
0.002 0.009 -0.013
-0.006 0.003 -0.006
-0.000 -0.000 -0.001
0.004 0.004 -0.006
0.004 0.002 0.001
0.000 -0.005 0.002
-0.002 0.001 0.011
-0.004 0.012 0.005
0.005 0.006 0.002
-0.006 -0.011 -0.011
-0.004 0.002 -0.004
-0.000 0.001 0.005
0.007 0.008 0.007
-0.004 -0.003 -0.004
0.001 -0.003 0.001
0.003 -0.001 -0.003
-0.003 0.002 0.007
-0.003 -0.005 0.006
0.001 -0.005 0.001
-0.007 -0.002 -0.003
0.006 -0.004 -0.003
0.008 0.005 0.000
0.004 0.009 0.000
0.004 -0.001 -0.000
-0.003 0.005 0.008
0.001 -0.001 -0.000
-0.005 -0.007 -0.010
0.002 -0.001 -0.001
-0.006 0.006 -0.003
-0.004 -0.004 0.005
0.007 -0.006 -0.001
0.000 0.005 -0.003
0.007 -0.003 -0.001
-0.004 -0.002 -0.002
-0.004 -0.001 -0.004
-0.011 0.008 -0.002
0.004 0.002 0.001
-0.001 0.001 0.001
-0.001 -0.001 0.002
-0.004 0.001 -0.008
0.002 -0.003 -0.004
0.003 0.004 -0.008
-0.001 -0.000 -0.002
0.001 -0.005 -0.003
0.003 0.002 -0.006
0.001 0.004 0.003
-0.002 -0.003 0.005
-0.003 -0.001 0.002
0.002 0.008 0.004
-0.001 -0.003 -0.007
-0.009 0.005 -0.001
0.006 0.001 -0.003
-0.001 0.002 -0.001
0.002 -0.005 -0.001
0.000 0.002 -0.005
-0.001 0.002 0.002
0.005 -0.002 0.004
-0.006 -0.010 -0.001
-0.006 0.002 -0.006
0.005 0.004 0.004
0.003 -0.004 0.001
0.004 -0.004 -0.001
-0.005 -0.002 0.002
0.002 -0.006 0.004
0.002 0.001 0.005
-0.006 -0.003 0.005
-0.005 -0.012 0.006
-0.004 0.006 -0.008
-0.004 -0.001 -0.002
-0.006 -0.001 -0.007
0.001 -0.004 -0.001
0.007 -0.003 0.004
0.007 -0.005 -0.001
-0.011 -0.001 0.002
0.004 -0.002 0.012
0.001 -0.004 0.000
-0.011 -0.004 -0.007
-0.005 -0.003 -0.009
-0.004 0.005 -0.009
-0.004 0.007 -0.004
0.005 0.008 -0.003
0.001 -0.001 0.003
0.004 -0.007 -0.004
-0.008 -0.007 0.005
-0.008 0.002 -0.004
-0.007 -0.002 0.005
-0.003 0.001 0.000
-0.003 0.006 -0.004
0.012 0.008 -0.004
0.002 -0.009 0.002
0.006 0.004 -0.004
-0.005 0.004 0.007
0.004 -0.002 -0.003
-0.008 -0.000 0.001
-0.002 0.003 0.002
0.006 -0.001 -0.004
-0.001 0.006 -0.003
0.001 -0.001 0.002
-0.007 0.006 -0.007
-0.009 -0.004 0.003
-0.005 -0.004 -0.002
0.006 0.008 0.006
-0.003 0.002 0.009
0.008 0.005 -0.002
0.005 0.000 -0.008
-0.008 0.002 0.001
-0.007 0.003 0.007
0.008 0.001 0.003
0.003 -0.001 -0.000
0.006 -0.002 0.009
-0.012 -0.003 0.007
-0.001 0.002 -0.000
-0.001 0.006 0.002
0.004 -0.008 0.005
-0.006 0.004 0.001
0.003 -0.003 -0.001
-0.003 0.004 0.002
-0.003 -0.008 -0.005
0.000 -0.009 0.006
0.007 0.004 -0.007
-0.000 -0.003 -0.001
0.000 0.007 -0.002
-0.007 -0.013 -0.004
0.009 -0.001 -0.004
0.002 0.005 -0.002
0.000 0.007 0.006
-0.007 0.000 0.006
0.002 0.004 0.002
-0.002 -0.001 0.005
-0.001 -0.001 0.004
0.004 0.000 0.006
-0.009 0.003 -0.005
-0.001 0.000 -0.005
0.011 0.000 -0.002
0.006 -0.003 0.003
0.007 0.003 -0.001
0.001 0.015 0.012
-0.012 0.003 -0.002
-0.003 -0.009 -0.002
0.004 -0.002 -0.001
0.014 0.001 -0.000
-0.003 -0.005 0.009
0.011 0.003 0.000
-0.005 0.003 0.005
-0.002 0.006 0.004
-0.002 -0.005 -0.006
-0.001 -0.007 -0.005
0.006 -0.003 -0.001
-0.001 -0.004 0.000
0.000 -0.011 0.004
-0.005 -0.000 -0.000
0.003 0.005 0.000
-0.004 -0.004 -0.004
-0.001 0.004 0.002
-0.001 -0.003 -0.009
0.001 -0.006 0.002
-0.002 -0.005 0.000
0.001 -0.001 0.009
-0.002 0.014 -0.004
0.002 -0.008 0.005
-0.008 0.001 -0.008
0.004 0.001 0.002
0.006 -0.002 -0.000
-0.006 0.000 -0.008
0.003 0.003 -0.001
0.001 0.005 0.000
-0.005 0.001 -0.002
-0.001 -0.007 -0.002
-0.002 0.003 -0.001
0.005 -0.009 0.003
-0.001 0.002 0.002
-0.000 0.003 0.004
0.001 -0.002 -0.003
0.007 -0.008 -0.006
-0.005 -0.003 0.004
0.008 0.000 0.002
0.001 -0.003 -0.007
0.002 -0.003 -0.003
-0.001 -0.006 0.006
0.004 -0.006 0.005
0.002 -0.002 -0.002
-0.002 -0.002 0.000
-0.006 -0.006 0.001
-0.001 -0.006 -0.001
-0.014 0.004 -0.005
0.001 0.003 0.005
0.003 -0.001 0.003
-0.001 0.004 0.006
-0.005 0.001 0.005
0.007 0.006 0.003
0.001 -0.004 0.004
-0.001 -0.003 -0.003
0.000 -0.006 0.005
0.006 0.010 0.001
0.001 -0.007 -0.005
0.001 0.011 -0.002
0.001 -0.003 -0.001
0.006 -0.002 0.006
0.000 -0.001 -0.001
0.003 0.002 -0.004
0.008 0.001 -0.000
-0.007 0.002 0.007
0.004 0.005 0.001
0.001 0.002 -0.005
-0.001 0.006 0.002
0.005 -0.005 -0.003
0.000 0.009 0.001
-0.005 0.010 0.001
-0.008 0.005 -0.018
0.002 0.002 0.005
-0.012 -0.001 0.000
-0.000 0.004 0.013
0.005 0.004 -0.008
-0.002 0.008 0.003
-0.002 0.004 0.006
0.005 0.000 0.001
0.006 0.000 -0.003
-0.001 -0.012 -0.001
-0.007 -0.003 0.009
0.002 -0.005 0.003
0.006 0.001 0.003
-0.003 -0.004 0.009
0.006 -0.002 0.000
-0.009 0.002 -0.000
-0.001 0.003 -0.000
0.009 -0.003 -0.004
0.005 0.001 0.001
0.005 0.004 0.010
0.008 -0.011 -0.003
0.008 0.005 -0.005
-0.001 0.000 -0.004
-0.005 -0.004 -0.005
0.003 -0.009 0.004
0.007 -0.001 0.004
0.004 0.011 -0.000
-0.004 -0.000 -0.001
0.000 -0.000 -0.005
-0.008 -0.011 0.002
-0.000 0.004 0.001
0.002 -0.002 -0.001
0.001 -0.007 0.005
0.001 -0.012 0.001
-0.012 0.002 0.007
-0.000 -0.003 0.001
0.004 0.001 0.006
-0.004 -0.000 0.001
-0.000 0.002 0.003
0.005 -0.001 -0.000
0.003 -0.000 -0.001
0.003 0.001 -0.000
-0.006 0.003 -0.001
0.011 0.001 0.003
0.000 0.000 0.002
0.006 0.001 0.000
0.004 -0.001 -0.005
0.000 0.002 0.006
0.000 -0.008 -0.004
0.003 -0.000 0.007
0.006 0.012 0.002
0.003 -0.004 0.000
-0.007 0.001 -0.002
-0.012 0.000 -0.000
-0.007 -0.008 -0.002
-0.001 -0.008 -0.004
-0.003 -0.008 -0.002
-0.005 0.014 0.011
-0.004 0.004 -0.005
-0.004 0.000 0.000
0.002 0.008 -0.004
0.006 -0.001 -0.002
-0.003 0.002 0.002
0.006 -0.011 0.002
0.001 0.003 -0.003
-0.003 -0.005 -0.003
0.003 -0.008 -0.000
0.004 -0.001 0.003
-0.001 -0.001 0.010
0.005 0.000 -0.002
0.003 -0.001 0.001
-0.005 0.011 -0.003
-0.002 -0.007 -0.004
0.003 -0.004 0.001
0.001 0.003 0.001
0.006 -0.005 0.003
-0.007 -0.002 -0.001
-0.011 -0.000 -0.003
-0.005 -0.007 -0.005
0.003 -0.001 0.002
-0.002 -0.006 -0.001
0.004 0.002 -0.001
0.002 0.002 0.011
-0.002 -0.002 -0.005
0.011 0.003 0.016
0.004 0.000 0.001
0.002 0.002 -0.012
-0.004 -0.001 -0.007
-0.002 0.007 -0.003
0.003 -0.013 -0.001
0.001 -0.005 -0.009
0.001 0.001 -0.003
0.001 0.005 0.002
0.002 0.000 -0.006
-0.002 -0.001 0.000
-0.001 -0.008 0.006
0.013 0.006 0.006
0.005 -0.002 -0.002
0.002 -0.002 -0.003
-0.005 -0.001 -0.005
0.000 0.000 -0.004
0.004 -0.010 0.007
-0.004 -0.003 0.007
0.004 -0.001 0.001
0.003 -0.014 0.005
0.003 -0.003 0.001
-0.001 -0.003 -0.003
0.006 0.000 -0.000
-0.007 0.002 0.008
-0.003 0.000 0.001
0.006 -0.005 0.003
-0.003 0.002 0.008
-0.003 -0.000 -0.003
-0.012 0.003 -0.012
0.009 -0.010 -0.001
-0.001 -0.005 -0.005
0.006 -0.002 0.002
0.010 0.010 0.007
-0.002 -0.016 0.006
0.003 -0.004 0.002
-0.003 -0.004 -0.004
0.004 -0.006 -0.006
-0.003 -0.001 0.001
0.002 -0.000 -0.006
-0.000 -0.004 0.000
0.002 0.003 0.006
-0.007 -0.002 0.004
-0.007 0.004 -0.002
0.002 0.002 0.001
0.001 -0.005 -0.000
0.008 -0.003 0.004
-0.003 -0.001 0.007
-0.001 -0.001 0.004
0.004 -0.008 0.006
0.005 -0.003 0.000
-0.006 -0.002 -0.000
0.000 -0.002 -0.003
0.001 0.007 0.001
-0.006 0.006 -0.007
-0.001 -0.006 -0.002
0.009 -0.015 -0.004
-0.008 0.006 0.010
0.001 0.006 -0.014
0.001 0.003 0.003
-0.003 -0.002 -0.003
0.001 -0.003 0.002
-0.002 -0.004 0.003
-0.000 -0.006 0.012
0.000 -0.002 0.000
-0.001 -0.010 -0.011
0.010 0.001 0.002
-0.001 -0.002 -0.009
0.003 -0.008 -0.008
0.002 0.001 -0.002
0.012 0.003 0.011
-0.002 0.000 0.006
0.005 -0.000 -0.007
-0.007 0.002 -0.007
0.004 0.006 0.004
-0.009 0.007 0.001
-0.012 -0.003 -0.006
0.000 -0.002 -0.002
-0.000 -0.006 -0.008
-0.006 -0.007 -0.002
0.004 0.003 0.000
0.001 0.005 0.001
0.006 -0.000 -0.001
0.006 -0.003 -0.004
-0.009 -0.000 -0.000
0.004 0.004 0.001
-0.008 -0.012 0.002
0.001 0.001 -0.001
-0.002 -0.010 -0.009
0.006 0.009 -0.005
-0.009 -0.013 -0.008
-0.000 0.006 0.002
0.002 -0.002 0.003
-0.005 0.002 0.007
-0.008 0.009 0.000
-0.007 -0.002 -0.001
-0.005 -0.006 0.008
-0.001 -0.000 -0.004
-0.006 -0.002 0.009
0.007 0.008 0.003
-0.001 0.002 -0.004
0.015 0.004 -0.007
-0.005 -0.009 -0.003
-0.000 0.007 0.009
0.001 -0.002 -0.004
-0.007 0.003 0.000
0.010 0.004 -0.002
-0.000 -0.010 0.003
0.003 -0.001 -0.010
0.007 -0.006 -0.000
0.000 0.003 -0.002
-0.009 0.010 0.007
-0.002 0.001 -0.011
0.005 0.008 -0.002
-0.007 -0.007 -0.007
-0.004 -0.002 0.004
-0.005 0.000 0.001
0.007 -0.004 -0.007
-0.005 0.002 -0.004
0.000 0.003 -0.001
0.001 -0.005 0.001
0.002 -0.006 -0.003
0.003 -0.001 -0.004
-0.006 -0.010 0.002
-0.003 -0.002 -0.001
-0.004 0.008 0.003
-0.003 -0.004 0.000
0.006 -0.000 0.003
-0.006 -0.011 0.006
-0.002 0.003 -0.004
0.007 0.002 -0.001
-0.002 -0.001 -0.006
0.002 0.001 -0.003
-0.007 -0.005 -0.002
0.000 -0.002 0.002
0.004 -0.006 0.001
-0.009 -0.003 0.001
-0.002 0.002 0.001
-0.005 -0.001 -0.015
0.001 -0.005 -0.003
0.001 -0.003 0.004
0.003 0.001 0.003
-0.005 -0.006 0.007
0.000 -0.006 0.008
-0.000 -0.008 0.001
0.001 0.006 -0.001
0.003 0.003 0.000
-0.009 0.003 0.003
-0.005 -0.002 0.005
0.001 0.001 -0.004
-0.002 0.001 -0.005
-0.014 -0.002 0.003
-0.002 -0.004 -0.000
0.005 0.001 -0.000
0.001 -0.003 -0.004
0.002 0.005 0.009
0.004 0.001 0.004
-0.002 -0.013 -0.004
0.003 0.004 0.005
0.001 0.006 -0.002
-0.009 -0.004 -0.003
-0.001 -0.001 -0.001
0.011 -0.005 -0.001
-0.001 -0.003 -0.003
-0.008 0.001 -0.004
-0.001 0.001 -0.009
-0.001 0.001 -0.006
-0.007 -0.004 0.004
-0.001 0.003 -0.004
-0.000 0.001 0.003
0.007 -0.002 0.005
-0.000 -0.006 0.004
-0.004 -0.002 0.003
-0.002 0.001 -0.000
-0.001 0.003 -0.005
0.002 0.003 0.001
0.005 0.003 -0.005
0.000 0.002 0.005
0.011 0.001 0.002
0.001 -0.009 0.004
-0.006 -0.007 0.000
0.002 -0.000 0.004
0.007 0.006 0.009
-0.003 0.003 0.003
-0.004 -0.001 -0.000
0.001 0.002 -0.006
0.003 0.003 0.010
0.001 0.001 0.002
0.005 0.006 -0.002
-0.002 -0.001 0.004
-0.001 -0.002 -0.004
0.001 -0.002 -0.010
-0.003 -0.010 0.003
0.001 -0.011 0.001
-0.002 0.005 -0.003
0.002 -0.010 -0.005
-0.011 -0.001 0.003
0.004 0.009 0.005
0.010 -0.003 0.002
0.007 0.006 0.002
0.003 -0.013 0.005
0.000 -0.000 0.001
0.006 -0.000 -0.008
-0.001 0.002 0.005
-0.005 -0.011 -0.010
-0.004 0.007 0.001
0.007 0.005 0.006
0.006 -0.000 -0.002
-0.001 0.002 -0.002
-0.004 0.003 0.013
0.004 -0.005 -0.002
0.004 0.004 -0.004
0.002 -0.001 0.003
0.004 -0.005 -0.005
0.013 -0.003 -0.002
-0.000 -0.007 0.008
0.001 -0.006 -0.000
-0.000 0.000 -0.000
-0.016 0.000 -0.010
0.001 0.000 0.008
0.001 0.010 0.008
0.004 -0.006 0.004
0.007 0.007 -0.005
0.010 -0.004 0.000
0.001 -0.000 0.007
0.003 0.001 0.004
-0.003 0.001 0.003
0.003 0.000 -0.001
0.001 0.004 -0.010
0.002 -0.004 0.002
-0.000 0.003 -0.002
-0.002 0.004 -0.002
-0.010 0.001 0.005
-0.006 -0.000 -0.007
-0.003 0.001 0.003
0.001 -0.003 0.005
0.008 -0.002 0.002
-0.001 0.000 -0.004
-0.001 -0.000 -0.006
-0.002 -0.002 0.004
-0.008 0.000 -0.002
0.001 -0.001 0.002
-0.008 -0.009 0.007
-0.005 -0.004 0.002
-0.001 0.000 0.006
0.002 0.005 -0.002
0.004 0.006 0.009
-0.005 0.004 0.005
-0.005 -0.010 -0.004
-0.008 0.012 0.002
0.002 -0.002 0.001
0.001 0.006 0.001
0.005 0.009 -0.003
-0.001 0.004 -0.003
-0.005 0.003 -0.002
0.009 0.007 -0.003
-0.010 -0.005 0.002
0.000 -0.001 -0.003
-0.001 -0.000 -0.006
-0.001 0.010 -0.000
0.003 -0.001 -0.002
-0.004 -0.009 -0.003
0.003 -0.001 0.008
0.004 0.005 0.003
0.002 0.003 -0.005
-0.010 0.004 -0.003
0.001 -0.013 0.003
-0.006 0.006 0.002
-0.002 0.005 0.003
-0.001 -0.004 0.001
-0.004 0.008 -0.004
-0.007 -0.004 0.004
-0.001 -0.006 -0.002
-0.006 0.003 0.002
-0.003 0.001 0.004
0.003 0.006 -0.004
-0.002 -0.004 0.005
0.004 0.002 -0.002
-0.007 0.004 -0.001
0.003 -0.003 -0.009
-0.000 -0.001 -0.006
0.003 -0.005 0.004
-0.001 -0.008 0.003
0.006 0.007 0.006
0.001 -0.002 0.002
-0.003 -0.002 -0.001
0.003 0.002 -0.010
-0.000 -0.002 -0.003
-0.002 0.002 0.003
-0.005 0.007 -0.005
-0.001 0.003 -0.011
-0.007 0.005 0.005
-0.000 -0.003 -0.001
0.001 -0.010 -0.001
-0.002 0.008 -0.003
0.000 0.004 -0.002
0.006 -0.007 -0.005
-0.006 -0.004 -0.007
0.006 -0.003 0.001
-0.003 0.002 0.002
-0.004 0.007 -0.011
-0.002 0.003 0.009
0.004 -0.001 -0.001
0.000 0.002 -0.000
-0.002 0.001 0.005
0.002 0.007 0.003
0.003 -0.002 0.000
-0.004 -0.003 0.002
0.000 0.011 -0.003
0.004 0.005 0.005
0.001 -0.009 0.007
-0.000 -0.009 0.013
0.005 0.003 -0.004
0.001 0.006 0.001
-0.000 -0.003 -0.002
0.002 0.004 0.008
0.005 -0.005 -0.008
-0.002 -0.003 0.002
-0.002 -0.001 0.000
0.006 -0.003 -0.000
0.002 -0.002 0.001
0.001 0.002 -0.006
0.009 -0.003 0.011
0.001 0.003 -0.010
0.002 -0.006 -0.001
-0.010 0.005 0.010
0.002 0.001 0.004
-0.002 0.007 0.004
0.001 -0.002 0.001
-0.002 0.004 -0.005
-0.000 0.010 -0.000
-0.007 0.000 0.002
0.004 0.004 0.009
-0.001 0.003 -0.003
0.008 0.005 0.003
0.001 0.005 0.002
-0.009 -0.005 -0.000
-0.000 0.006 0.003
-0.000 0.006 -0.006
-0.002 0.003 0.001
-0.002 -0.001 -0.001
-0.001 -0.003 -0.008
-0.001 -0.001 0.007
0.000 -0.000 -0.003
0.005 -0.005 0.009
-0.012 0.001 0.002
0.004 -0.001 0.004
-0.001 -0.000 0.002
-0.006 0.001 0.006
-0.000 0.005 -0.003
0.009 -0.005 -0.006
-0.001 0.005 0.006
-0.002 -0.001 0.005
-0.004 0.003 -0.005
-0.001 -0.006 -0.008
0.003 -0.003 -0.005
0.003 -0.002 -0.004
0.001 0.006 0.005
-0.012 0.007 0.003
0.002 -0.001 -0.004
0.004 -0.001 -0.001
0.005 0.002 0.003
-0.001 0.000 -0.001
-0.004 -0.000 -0.002
-0.007 0.003 -0.004
-0.001 0.004 -0.009
0.005 0.010 0.002
0.001 0.004 -0.001
0.005 -0.003 -0.000
-0.006 0.004 -0.001
-0.001 -0.006 0.004
0.002 -0.002 0.003
-0.001 0.002 0.005
0.007 -0.009 -0.005
-0.007 -0.006 -0.006
-0.007 0.002 -0.003
0.001 0.000 -0.007
0.001 -0.001 -0.003
0.001 -0.004 0.002
0.003 -0.007 -0.003
-0.009 -0.006 -0.000
-0.007 0.005 -0.006
0.015 -0.000 0.001
-0.002 -0.004 0.006
0.007 -0.001 -0.002
-0.004 -0.005 0.001
-0.008 -0.005 -0.001
-0.000 -0.001 -0.002
0.002 0.002 0.001
0.001 -0.007 0.010
-0.003 0.003 0.000
0.002 -0.006 0.001
-0.006 -0.006 -0.005
-0.006 -0.003 0.001
0.002 0.004 0.006
0.008 -0.002 0.001
-0.004 0.007 0.004
0.005 -0.003 0.002
-0.004 -0.000 0.005
-0.000 0.001 -0.001
-0.007 -0.003 -0.007
0.002 -0.000 0.002
-0.012 -0.005 0.014
-0.001 -0.001 -0.002
0.008 -0.004 -0.003
0.005 0.001 0.003
0.006 0.002 -0.005
0.004 0.000 -0.002
-0.002 0.004 -0.000
0.007 -0.004 -0.002
0.009 0.003 -0.007
0.002 -0.008 0.001
-0.002 -0.000 -0.002
-0.010 0.002 0.007
0.000 0.004 -0.001
0.000 0.002 0.005
-0.004 0.006 -0.006
0.002 -0.001 -0.002
-0.003 0.002 -0.011
-0.006 -0.009 -0.001
-0.002 0.012 0.000
0.000 -0.002 0.006
0.002 0.004 0.006
0.010 0.003 0.002
0.006 -0.006 -0.001
0.010 -0.008 0.003
0.001 0.002 0.002
0.006 -0.002 -0.005
-0.007 0.005 -0.008
-0.006 0.011 -0.001
-0.001 0.004 0.005
-0.004 -0.002 -0.007
-0.003 -0.004 0.001
0.006 0.003 -0.006
0.003 0.005 0.004
0.008 -0.006 0.003
0.005 -0.001 0.001
0.003 0.001 0.007
0.001 -0.007 0.002
0.005 -0.015 -0.007
0.004 0.003 -0.003
0.002 0.009 -0.005
0.005 -0.003 -0.004
-0.009 -0.001 -0.001
0.000 0.004 0.007
-0.002 0.007 -0.002
-0.004 -0.003 -0.004
-0.001 0.001 0.010
0.006 0.005 -0.001
0.000 0.003 0.005
-0.003 -0.008 0.005
-0.001 -0.004 -0.006
0.006 0.011 0.000
-0.001 0.005 0.006
0.006 -0.001 -0.001
-0.005 0.006 -0.005
0.003 0.005 0.003
-0.004 0.002 0.007
-0.003 0.010 -0.002
0.002 -0.004 0.004
-0.004 0.003 0.004
-0.001 -0.005 -0.006
0.000 -0.001 0.008
-0.016 0.010 0.004
-0.001 0.005 0.001
-0.008 0.002 0.005
-0.001 -0.002 -0.001
-0.006 -0.003 -0.011
0.001 0.008 -0.007
0.001 0.001 -0.000
0.007 -0.002 0.002
-0.006 0.004 0.005
0.000 0.005 0.002
0.006 -0.003 0.005
0.009 -0.010 0.010
0.010 -0.007 -0.002
-0.002 0.006 -0.003
0.006 -0.002 0.002
0.008 -0.001 -0.010
-0.005 0.004 -0.001
-0.005 0.004 0.010
-0.004 0.002 0.000
0.006 0.012 0.004
0.004 -0.010 0.001
-0.002 0.002 0.006
0.003 0.008 0.013
0.008 -0.001 0.001
0.003 -0.002 0.013
0.004 -0.004 -0.011
0.004 0.006 -0.000
-0.002 0.002 -0.008
-0.005 -0.008 0.006
-0.006 -0.003 -0.001
0.002 0.002 0.002
-0.005 0.004 0.006
-0.003 -0.001 -0.005
-0.003 -0.006 -0.007
-0.002 0.002 0.003
-0.012 0.007 0.008
-0.006 0.012 -0.001
-0.001 0.002 0.004
0.001 0.006 -0.005
0.001 -0.007 -0.006
-0.003 -0.003 0.004
-0.003 0.006 -0.003
0.009 -0.001 0.012
-0.007 0.014 0.003
-0.004 0.005 0.002
-0.001 -0.002 -0.003
0.005 -0.002 -0.002
0.001 -0.006 -0.001
0.003 -0.000 0.001
-0.011 -0.005 -0.007
0.000 -0.000 0.000
0.012 -0.003 0.000
0.002 0.003 0.003
0.001 -0.002 -0.004
-0.001 0.000 -0.006
0.000 -0.001 -0.002
0.005 -0.000 0.000
0.002 -0.007 -0.003
0.003 -0.001 -0.003
0.006 0.003 -0.006
0.003 0.001 -0.003
0.000 0.004 0.001
0.002 0.004 0.004
-0.000 -0.006 0.002
0.004 0.000 -0.005
0.002 0.005 -0.001
0.002 0.003 0.011
-0.001 0.006 -0.005
-0.004 0.001 0.001
-0.007 0.002 -0.007
0.008 -0.001 0.008
-0.011 0.007 0.004
0.003 -0.001 -0.004
-0.001 -0.001 0.005
0.001 -0.000 0.002
-0.006 -0.000 0.000
-0.005 0.007 -0.001
-0.009 -0.004 0.009
-0.001 0.008 -0.005
-0.005 0.000 0.007
0.001 -0.001 -0.006
0.000 0.001 0.000
0.000 0.009 0.004
0.000 0.002 -0.002
-0.000 0.001 0.000
-0.007 0.002 -0.006
0.004 0.008 0.003
0.001 -0.006 0.006
0.001 -0.008 0.006
0.001 0.005 -0.003
-0.010 0.007 -0.005
-0.006 0.005 0.001
-0.003 -0.001 -0.003
0.006 -0.007 0.011
-0.006 0.005 -0.001
-0.003 0.001 0.004
-0.000 -0.003 0.003
0.001 0.004 -0.000
0.003 -0.005 -0.002
-0.000 0.001 -0.005
0.008 0.002 -0.005
-0.004 0.007 -0.001
0.007 0.002 0.006
0.005 0.008 0.005
0.003 -0.006 0.010
-0.001 0.003 0.002
0.002 -0.002 -0.002
0.001 -0.002 0.003
-0.001 0.001 0.003
0.004 0.001 0.002
-0.004 -0.003 -0.002
0.005 -0.006 -0.014
0.003 0.003 -0.005
-0.003 0.006 0.000
-0.001 0.008 -0.002
0.008 0.002 -0.000
-0.010 -0.002 0.002
-0.011 0.002 -0.001
0.000 -0.004 -0.000
-0.009 -0.007 -0.004
-0.005 -0.002 0.002
-0.009 0.003 -0.000
-0.003 0.002 -0.002
-0.006 0.004 -0.002
0.003 -0.000 -0.006
0.005 -0.001 0.003
-0.006 0.001 -0.003
0.001 -0.004 0.003
-0.004 0.008 -0.001
0.001 -0.004 0.003
0.001 0.000 -0.001
-0.010 0.006 0.004
-0.000 0.001 -0.002
-0.001 0.004 -0.005
-0.012 -0.008 0.008
0.003 -0.002 -0.002
0.005 0.005 -0.004
0.006 0.001 -0.006
-0.004 0.004 -0.003
-0.002 0.006 0.005
0.002 0.005 0.008
0.002 -0.002 0.001
0.005 -0.001 0.002
-0.005 -0.001 0.004
0.005 -0.013 -0.002
-0.001 -0.003 0.008
0.004 -0.001 -0.001
0.004 -0.003 -0.000
0.006 0.001 -0.001
-0.007 -0.003 0.004
0.003 0.010 0.005
-0.007 -0.004 0.003
0.005 -0.005 -0.001
-0.003 -0.006 0.000
-0.002 0.005 0.013
0.001 -0.008 0.005
0.002 -0.004 -0.005
0.003 -0.003 0.010
0.003 0.004 0.001
-0.000 0.003 0.008
0.005 0.002 0.005
0.001 0.000 0.000
-0.007 0.003 -0.001
-0.002 -0.002 0.000
-0.004 0.002 -0.002
0.001 0.003 0.003
0.003 0.002 -0.002
0.005 -0.001 0.008
0.008 -0.002 -0.001
0.002 0.003 -0.007
0.006 -0.000 0.008
0.003 0.008 0.008
0.006 0.003 -0.006
-0.001 -0.010 0.008
0.009 -0.004 -0.003
0.002 -0.005 0.009
-0.003 -0.001 -0.003
0.006 -0.001 0.007
-0.006 0.002 0.008
0.000 0.003 0.001
0.000 0.008 -0.006
0.001 -0.001 -0.006
0.000 0.001 -0.004
-0.005 0.004 0.006
-0.003 0.002 0.003
0.009 -0.002 -0.006
-0.009 0.001 0.004
0.005 0.003 -0.003
0.010 0.003 0.004
-0.002 0.001 -0.009
0.010 -0.004 -0.007
0.002 -0.003 -0.002
0.003 0.005 0.001
0.012 0.004 0.007
0.005 -0.005 0.004
0.001 0.003 0.006
-0.000 0.015 0.006
0.003 0.001 0.009
-0.004 -0.000 0.001
0.004 -0.004 -0.006
-0.010 -0.002 0.007
0.000 -0.002 0.004
0.008 0.005 -0.001
-0.002 -0.009 0.007
-0.005 0.002 -0.003
-0.006 0.004 0.012
0.000 0.000 0.004
-0.008 0.003 -0.000
0.005 0.007 -0.006
0.003 0.002 -0.011
-0.006 0.000 0.002
0.012 -0.007 0.004
-0.000 -0.001 -0.009
0.007 -0.000 -0.001
0.000 -0.000 -0.002
-0.001 -0.001 0.001
-0.002 -0.002 -0.004
-0.000 -0.001 -0.002
0.003 -0.006 0.001
-0.004 0.010 0.004
-0.001 0.007 0.004
-0.004 0.000 -0.006
-0.005 0.002 -0.008
0.008 0.003 -0.004
0.005 0.008 0.000
0.005 0.002 -0.007
-0.006 0.008 0.002
-0.005 0.004 -0.001
-0.002 0.001 -0.004
-0.002 -0.006 -0.004
0.002 0.006 0.001
0.007 0.001 -0.007
-0.000 -0.010 -0.003
-0.009 -0.002 -0.001
-0.006 -0.005 -0.006
0.003 -0.003 -0.003
-0.004 0.009 -0.007
-0.005 0.002 0.009
0.001 -0.005 0.001
0.003 0.001 0.007
0.002 -0.001 0.006
0.005 -0.010 -0.006
-0.007 -0.002 -0.006
-0.009 -0.002 0.004
0.003 -0.001 0.008
0.001 0.002 0.005
-0.001 -0.015 0.002
-0.002 0.002 0.006
-0.011 -0.002 0.004
-0.002 0.005 -0.010
0.003 0.004 -0.006
0.001 -0.010 0.001
0.001 -0.006 0.002
-0.001 -0.007 0.002
-0.001 -0.001 -0.007
-0.011 -0.001 0.005
0.007 0.002 0.003
-0.000 -0.001 -0.006
-0.003 0.003 -0.000
-0.007 -0.010 -0.002
-0.000 0.001 -0.003
-0.005 -0.003 -0.006
-0.008 -0.004 0.003
0.007 0.000 0.000
-0.008 -0.008 0.003
0.004 0.007 0.007
0.010 0.004 -0.004
0.002 0.002 0.002
-0.005 0.010 -0.001
-0.008 -0.003 0.002
-0.011 0.000 0.004
-0.001 0.000 -0.005
-0.002 0.000 0.004
-0.001 -0.000 0.000
0.006 0.002 -0.005
0.007 -0.005 0.003
0.005 0.006 -0.003
0.004 -0.003 0.004
0.006 0.009 0.003
-0.003 0.001 -0.007
-0.004 0.001 0.006
0.008 0.002 0.006
0.015 -0.009 0.009
0.001 0.005 -0.008
0.005 -0.006 -0.012
0.004 -0.001 0.001
-0.007 -0.006 -0.001
0.011 -0.005 -0.000
0.004 0.008 -0.001
0.001 -0.005 -0.004
0.007 0.001 0.006
-0.006 0.002 0.007
0.009 0.001 -0.006
-0.007 -0.006 0.001
0.005 -0.008 -0.005
-0.003 0.002 -0.004
0.002 0.003 0.001
0.005 -0.000 0.001
-0.001 0.001 0.002
0.008 -0.006 0.005
-0.002 0.006 0.006
-0.001 -0.007 0.000
0.001 0.004 0.004
0.001 0.004 -0.007
0.007 0.002 -0.003
0.001 -0.003 -0.003
-0.005 -0.007 0.004
0.001 0.009 0.006
-0.007 -0.005 -0.002
0.004 0.001 -0.001
0.002 0.004 0.002
0.001 -0.000 -0.007
-0.006 0.001 -0.007
0.002 0.002 -0.001
-0.002 0.006 -0.004
0.002 0.005 -0.003
0.000 0.000 -0.008
-0.001 0.002 -0.004
-0.006 -0.008 -0.003
-0.009 -0.001 0.006
0.004 0.006 0.003
0.013 -0.007 0.004
-0.004 0.005 -0.002
-0.008 0.003 0.005
-0.011 0.001 0.002
0.009 -0.007 0.003
-0.002 0.002 -0.006
-0.004 -0.005 -0.006
-0.010 0.010 -0.010
-0.002 0.001 -0.006
-0.004 -0.000 0.003
0.004 -0.003 0.003
-0.003 0.006 -0.001
-0.001 -0.003 0.001
0.005 0.006 0.001
0.006 -0.006 0.002
-0.012 -0.007 0.003
-0.002 -0.003 -0.006
0.009 0.002 0.000
-0.005 0.005 -0.009
-0.002 -0.007 -0.007
0.002 -0.009 -0.003
0.007 -0.001 -0.001
-0.002 0.001 -0.005
-0.001 0.003 -0.015
-0.002 0.005 -0.004
-0.001 -0.001 -0.003
0.001 -0.005 -0.000
0.005 0.002 0.006
0.002 -0.010 0.011
0.001 -0.007 0.005
0.008 0.001 0.004
-0.005 -0.000 -0.010
-0.002 0.007 -0.002
-0.002 0.002 -0.006
-0.004 0.005 0.011
0.002 -0.007 -0.003
-0.003 0.009 0.005
-0.003 -0.001 -0.008
-0.004 -0.005 -0.001
-0.005 -0.007 -0.003
-0.000 0.003 -0.007
-0.011 0.001 -0.006
0.005 0.001 -0.000
0.004 0.004 0.004
0.004 0.004 0.005
-0.005 0.004 0.000
0.004 -0.002 -0.007
0.004 -0.006 -0.004
-0.003 0.008 0.002
0.006 0.002 -0.007
0.002 0.006 -0.007
0.011 -0.013 0.002
0.004 -0.008 0.003
-0.008 0.003 0.001
-0.010 -0.006 -0.009
0.004 0.003 -0.005
-0.006 0.001 -0.005
0.004 -0.003 -0.004
-0.005 -0.006 -0.005
-0.000 -0.006 -0.001
-0.004 0.005 0.001
-0.003 -0.000 0.004
-0.001 -0.002 0.005
0.011 0.004 0.002
0.002 0.001 0.007
-0.001 0.001 -0.012
0.009 0.005 0.005
-0.009 0.007 -0.002
-0.000 0.007 0.002
0.004 -0.004 -0.002
0.001 0.003 -0.002
0.009 -0.001 -0.003
-0.003 -0.004 -0.000
0.006 -0.001 -0.003
0.011 0.009 -0.001
-0.009 0.005 0.009
-0.003 0.003 0.001
0.003 0.003 0.001
0.006 -0.005 -0.009
-0.007 0.010 -0.005
0.006 0.006 0.009
-0.004 -0.006 0.001
0.006 0.008 -0.002
0.000 0.001 -0.002
-0.001 -0.011 -0.004
-0.004 -0.006 0.004
-0.000 0.001 0.002
0.005 -0.006 0.004
0.002 -0.000 -0.006
-0.008 -0.004 0.006
0.001 0.001 0.004
-0.004 0.004 -0.000
0.003 0.006 0.006
-0.006 -0.003 -0.007
-0.009 -0.008 0.001
0.006 -0.003 -0.005
0.002 -0.006 0.010
0.002 -0.001 -0.003
-0.004 -0.007 -0.002
0.010 -0.004 0.007
0.005 -0.001 0.004
-0.008 0.001 0.006
0.002 0.001 -0.003
-0.005 0.000 0.016
0.003 -0.007 -0.004
0.004 0.004 -0.009
-0.015 0.008 -0.002
0.003 0.001 0.007
-0.002 0.008 -0.002
-0.006 -0.003 -0.007
0.006 0.008 0.007
-0.005 0.003 0.006
0.006 0.005 -0.000
0.000 -0.000 0.008
-0.000 0.003 -0.002
0.004 -0.010 0.006
0.007 0.005 0.005
0.004 -0.001 -0.001
-0.001 0.003 -0.002
-0.005 0.002 0.001
0.005 -0.005 0.006
0.008 0.006 -0.003
-0.003 -0.003 -0.003
-0.003 0.002 0.003
0.001 0.000 0.010
0.004 0.002 -0.004
0.003 0.002 -0.002
0.003 -0.009 0.004
0.003 -0.003 0.000
0.001 0.006 0.001
-0.005 0.004 -0.003
-0.003 -0.003 -0.003
-0.001 0.003 0.007
-0.007 0.007 0.002
-0.004 0.003 0.001
0.006 -0.007 0.002
-0.004 0.008 -0.001
-0.001 0.002 -0.001
-0.003 0.012 -0.005
0.002 -0.011 -0.000
0.006 -0.003 0.000
0.003 -0.002 0.006
0.000 0.000 0.004
-0.000 0.005 -0.006
0.006 0.007 0.004
-0.002 0.009 0.001
0.002 -0.001 0.009
-0.006 0.002 -0.004
-0.002 0.009 0.004
0.001 0.000 -0.002
0.003 -0.005 0.000
0.003 0.002 -0.003
-0.009 -0.002 -0.000
-0.001 -0.006 0.002
-0.000 0.001 0.002
0.002 0.001 0.001
0.006 -0.006 0.004
0.001 -0.000 0.001
-0.002 -0.001 0.000
-0.003 -0.006 -0.002
0.004 -0.003 0.005
0.007 0.002 -0.000
-0.000 0.006 -0.007
-0.002 -0.003 0.001
-0.002 0.003 -0.001
-0.000 -0.001 0.003
0.001 0.012 0.004
-0.004 0.002 -0.007
-0.010 0.001 -0.001
-0.004 0.008 0.004
0.007 0.007 0.005
0.005 0.001 0.004
0.001 -0.000 0.008
-0.001 -0.000 0.005
-0.001 0.003 -0.002
-0.000 -0.003 0.002
0.002 0.015 0.004
0.002 0.014 0.005
0.005 0.005 0.001
-0.001 -0.002 -0.004
-0.006 0.002 0.001
0.000 -0.004 -0.001
0.003 0.003 0.002
0.001 0.003 -0.010
0.009 0.001 -0.003
-0.000 -0.004 0.003
-0.004 -0.001 0.003
-0.002 0.006 -0.003
0.009 -0.004 -0.003
0.004 0.000 -0.005
-0.000 -0.001 0.008
-0.001 -0.007 -0.003
0.004 -0.007 0.002
-0.007 -0.007 0.000
0.007 -0.007 -0.002
0.002 0.005 0.001
0.005 0.001 -0.004
0.002 0.004 0.005
-0.001 -0.005 0.008
-0.001 0.008 -0.002
0.002 0.002 -0.010
-0.007 -0.000 -0.004
0.002 -0.001 0.009
-0.003 0.003 0.005
-0.006 0.006 0.009
0.002 -0.012 0.004
-0.002 -0.001 -0.007
-0.003 0.005 -0.002
-0.007 -0.007 0.005
0.005 -0.004 0.006
-0.005 0.002 0.003
0.007 -0.004 -0.009
0.007 0.001 0.002
-0.003 0.000 -0.007
0.002 0.011 -0.005
-0.000 -0.006 0.001
0.004 0.004 -0.002
-0.006 -0.002 -0.007
0.003 0.009 0.001
-0.005 0.004 -0.002
0.005 -0.004 -0.005
0.000 -0.008 0.000
-0.002 0.008 0.006
-0.003 -0.005 0.009
0.006 -0.003 -0.000
-0.001 0.000 0.009
0.001 -0.005 0.001
-0.003 0.001 0.000
-0.000 0.005 0.003
-0.005 0.003 -0.007
-0.003 -0.003 -0.001
-0.001 -0.006 0.010
0.009 0.005 -0.001
0.003 0.008 0.001
-0.005 0.003 0.007
0.004 -0.007 0.007
-0.000 -0.006 0.005
-0.003 0.004 0.003
-0.002 0.002 0.002
0.009 -0.004 -0.009
-0.006 0.005 0.000
-0.005 -0.003 -0.008
-0.014 0.006 0.005
-0.001 -0.005 -0.001
0.005 -0.004 -0.004
-0.002 -0.005 0.003
-0.002 -0.003 0.006
0.012 0.003 0.004
0.003 0.000 -0.001
-0.006 0.005 -0.004
-0.002 -0.007 -0.004
0.003 0.002 -0.001
0.004 -0.007 0.001
0.004 -0.006 0.002
0.007 -0.002 -0.000
0.006 0.002 0.001
-0.004 -0.002 -0.012
0.004 -0.004 0.000
0.002 -0.000 0.006
0.001 0.000 -0.001
0.007 -0.006 -0.004
0.000 -0.002 -0.004
0.010 0.006 0.009
0.004 0.005 0.007
-0.007 0.005 -0.002
-0.001 -0.000 0.010
-0.002 -0.003 -0.002
0.008 0.010 0.000
-0.004 0.009 -0.007
-0.001 0.004 0.001
0.001 -0.001 0.002
0.005 0.002 0.002
-0.000 0.006 -0.010
0.009 0.007 -0.002
0.001 0.001 -0.002
-0.001 -0.002 -0.003
0.000 0.005 0.006
-0.004 -0.002 0.001
-0.001 0.007 0.008
-0.000 -0.000 0.006
-0.001 0.001 -0.002
0.002 0.001 -0.010
-0.002 -0.001 0.003
-0.008 0.001 0.001
-0.007 0.006 -0.001
-0.006 -0.000 -0.001
0.005 -0.003 -0.002
0.000 -0.002 0.005
-0.003 -0.002 -0.002
0.003 -0.000 -0.004
-0.002 0.000 0.003
-0.006 0.008 0.003
0.002 0.003 -0.002
0.006 0.002 -0.007
0.003 -0.004 0.003
-0.000 0.005 0.002
0.004 0.000 -0.006
-0.001 0.002 0.003
0.004 -0.009 0.001
0.005 -0.002 -0.008
-0.002 -0.001 0.006
0.004 -0.003 -0.005
-0.004 0.007 -0.001
0.001 -0.000 0.012
0.009 -0.001 -0.004
-0.011 0.004 0.003
-0.002 -0.004 0.004
0.007 -0.006 0.003
0.007 0.002 0.002
-0.007 0.005 -0.003
0.004 -0.001 0.010
-0.007 0.001 0.009
0.005 -0.002 -0.003
0.000 -0.000 0.002
-0.005 0.005 -0.001
0.001 0.001 -0.002
-0.005 0.004 -0.010
0.007 0.000 0.002
-0.005 -0.006 -0.004
0.009 -0.001 0.002
0.002 0.004 0.004
0.003 0.005 0.004
0.003 0.001 -0.003
0.001 0.006 0.003
0.006 -0.001 0.006
-0.010 0.002 -0.005
-0.001 -0.005 -0.004
0.004 0.001 0.008
0.002 -0.001 0.007
0.004 0.003 0.002
-0.008 0.004 -0.002
0.010 0.002 0.000
-0.003 0.012 -0.002
0.003 -0.001 -0.004
-0.005 0.001 -0.000
0.004 -0.002 -0.007
-0.009 -0.004 0.004
0.007 -0.001 -0.004
0.001 0.004 0.004
0.001 -0.001 -0.002
0.007 0.007 -0.004
-0.002 0.004 -0.008
-0.007 0.006 0.006
0.000 -0.002 -0.002
-0.003 -0.008 -0.003
-0.002 0.010 0.001
0.001 0.005 0.003
-0.006 -0.002 0.004
0.001 -0.008 0.012
-0.007 -0.003 0.016
0.003 -0.006 0.001
0.002 0.002 0.001
0.007 -0.001 -0.008
-0.000 0.011 0.001
0.008 -0.001 -0.000
0.002 -0.006 0.011
-0.003 0.001 -0.007
-0.003 0.008 -0.004
-0.001 -0.007 -0.004
0.003 -0.006 -0.006
0.003 -0.002 -0.004
0.004 0.006 -0.001
-0.000 0.001 0.001
-0.003 0.005 0.001
0.008 -0.007 0.008
0.004 0.002 -0.002
0.001 0.001 0.007
0.006 0.003 -0.003
-0.001 0.000 0.001
-0.001 0.006 -0.006
0.004 -0.006 -0.007
-0.001 0.004 0.001
-0.006 0.004 -0.002
0.000 -0.000 -0.001
0.003 -0.000 -0.011
0.002 0.004 0.001
0.000 0.007 0.004
-0.003 0.007 -0.007
0.010 -0.002 0.001
-0.004 -0.001 -0.002
0.012 0.004 -0.002
0.003 -0.006 -0.002
0.002 0.003 0.005
0.001 0.008 0.000
0.003 0.002 -0.007
-0.001 0.003 0.000
0.002 -0.007 -0.009
0.003 0.004 0.001
0.000 0.003 -0.006
-0.008 0.007 -0.002
-0.006 -0.002 0.001
-0.001 0.003 0.002
0.002 -0.002 0.005
-0.008 -0.002 0.004
-0.003 0.000 0.003
-0.006 0.004 -0.015
0.002 0.004 0.000
0.003 0.003 0.003
0.001 0.004 -0.006
-0.004 -0.000 0.002
-0.009 0.003 0.000
-0.006 0.004 0.006
0.002 -0.002 -0.003
-0.004 -0.004 -0.007
0.001 0.007 0.000
0.003 0.006 -0.001
0.002 0.006 0.008
-0.006 0.006 -0.001
0.006 -0.005 -0.000
0.004 -0.001 -0.001
-0.007 -0.008 -0.007
0.001 0.004 0.001
-0.008 0.003 -0.000
0.001 0.013 -0.003
-0.005 0.005 -0.003
0.004 0.002 -0.002
0.008 0.003 -0.005
0.001 -0.002 -0.002
0.008 0.002 0.007
0.010 -0.006 -0.007
-0.012 -0.005 0.002
-0.002 0.001 0.003
0.005 0.004 -0.003
0.006 0.006 0.001
0.002 -0.001 -0.004
-0.005 -0.002 0.007
0.004 0.002 0.001
0.002 0.001 -0.006
0.001 0.001 -0.000
-0.004 -0.004 -0.004
0.002 0.002 0.003
-0.006 0.001 -0.002
-0.001 0.006 0.007
-0.004 -0.000 -0.005
-0.000 0.002 -0.001
-0.001 0.003 -0.000
0.001 0.008 0.001
-0.004 0.001 0.005
-0.004 -0.011 -0.003
0.002 0.003 -0.001
-0.003 -0.000 0.005
-0.003 -0.005 -0.005
0.005 0.004 0.004
0.008 -0.002 0.006
0.004 0.002 0.007
-0.006 0.003 0.003
-0.003 0.002 0.006
0.002 0.001 -0.002
0.010 0.004 -0.008
0.003 0.005 -0.001
0.005 0.007 -0.008
0.003 -0.003 0.002
-0.005 0.004 -0.000
-0.007 0.011 0.005
-0.003 0.004 -0.006
-0.003 0.008 -0.010
-0.009 -0.000 0.005
-0.001 0.005 0.005
0.008 -0.007 -0.004
0.001 -0.001 -0.002
0.002 0.005 0.000
0.004 0.005 -0.003
0.005 -0.001 0.002
0.001 -0.002 -0.002
0.001 -0.005 0.002
-0.007 0.000 0.001
0.004 0.005 0.001
0.001 -0.004 0.007
-0.007 0.006 0.003
-0.003 0.010 -0.006
-0.009 0.003 0.008
-0.002 0.006 -0.009
-0.003 0.007 -0.003
-0.000 -0.001 0.011
-0.007 -0.001 -0.006
0.003 -0.003 0.003
-0.003 -0.003 -0.005
0.002 0.007 -0.002
-0.000 -0.007 0.002
0.014 -0.005 0.002
0.003 -0.008 0.003
0.001 0.001 -0.007
-0.003 -0.003 0.007
-0.004 0.003 -0.000
-0.001 0.002 0.007
-0.005 -0.009 0.002
-0.009 -0.000 0.000
0.002 0.001 0.001
-0.003 0.004 -0.009
0.006 -0.005 -0.006
-0.001 -0.001 0.005
-0.000 0.013 -0.003
-0.001 0.000 -0.005
-0.006 0.002 0.009
0.001 0.007 0.012
-0.005 -0.001 -0.001
-0.007 -0.002 -0.005
0.004 -0.006 -0.000
0.011 0.008 -0.006
-0.001 -0.001 0.011
-0.001 -0.001 0.008
0.010 0.003 0.004
0.006 0.000 -0.002
-0.003 -0.001 0.007
0.002 0.000 -0.000
0.003 0.003 -0.004
0.004 0.001 -0.006
-0.003 -0.007 0.010
0.004 0.001 0.006
-0.007 -0.000 -0.000
-0.001 -0.000 0.002
-0.001 0.004 0.005
0.002 0.004 -0.003
-0.004 -0.009 0.003
0.007 0.005 0.004
0.001 0.004 -0.003
0.005 0.002 0.007
0.011 0.001 -0.004
-0.000 -0.000 0.002
0.003 -0.005 -0.000
0.002 0.001 -0.001
0.007 -0.006 -0.003
-0.004 -0.006 -0.005
-0.002 -0.003 -0.002
-0.005 0.005 0.004
-0.011 0.009 -0.005
-0.001 0.006 0.003
0.002 -0.004 -0.005
0.006 -0.007 -0.001
0.001 0.002 0.005
-0.006 0.003 -0.003
0.003 -0.000 0.002
0.004 -0.006 -0.002
-0.005 0.003 0.003
0.004 -0.002 0.003
0.000 0.007 0.001
-0.006 -0.001 0.005
-0.001 -0.002 0.006
-0.004 -0.001 0.001
-0.003 -0.006 -0.001
0.005 -0.007 -0.002
0.002 0.009 0.000
-0.001 0.001 -0.004
0.005 0.008 0.004
0.008 -0.006 0.003
-0.002 -0.003 0.004
0.002 -0.000 -0.002
-0.004 0.009 -0.003
0.003 0.003 0.002
0.002 -0.005 0.004
0.010 -0.006 -0.001
-0.010 0.002 0.004
-0.006 0.000 -0.004
0.006 -0.007 0.008
-0.003 -0.011 0.002
0.002 -0.001 0.004
-0.004 0.002 0.002
-0.001 -0.007 0.003
-0.002 0.000 -0.002
-0.002 0.001 0.008
0.004 -0.001 -0.004
0.003 0.007 -0.010
0.001 0.005 -0.001
-0.005 -0.008 -0.002
-0.005 -0.008 0.002
0.004 -0.008 0.010
-0.007 -0.003 -0.006
-0.005 0.001 -0.001
-0.005 0.001 -0.005
-0.004 0.001 -0.006
-0.005 -0.007 0.007
0.003 0.008 0.007
0.001 -0.002 0.002
0.002 -0.004 0.005
0.006 -0.002 -0.004
0.001 -0.007 0.003
-0.001 0.003 -0.006
0.000 -0.004 -0.001
-0.001 0.008 0.001
-0.004 0.001 0.002
0.001 -0.007 0.000
0.008 0.007 -0.004
0.007 0.002 0.001
-0.003 -0.011 -0.001
0.001 0.005 0.001
-0.007 -0.003 -0.005
-0.008 0.006 -0.004
0.007 -0.008 0.001
0.004 -0.008 -0.000
-0.007 0.008 -0.002
-0.001 -0.005 -0.002
0.003 0.002 0.001
0.011 -0.005 -0.000
-0.007 -0.007 -0.002
-0.003 0.006 0.008
0.014 0.009 -0.003
0.000 -0.003 -0.004
0.004 0.005 -0.002
0.006 -0.001 0.010
0.012 -0.009 -0.003
0.000 0.009 0.000
-0.003 -0.008 -0.001
-0.001 -0.001 0.001
-0.003 0.008 0.001
-0.004 -0.005 -0.003
-0.002 0.003 0.006
0.008 -0.006 0.004
-0.001 -0.010 -0.001
-0.003 0.001 0.011
0.006 -0.009 -0.006
0.005 0.002 -0.003
0.011 0.001 0.001
0.000 0.009 0.003
-0.002 -0.001 -0.002
0.001 0.012 0.000
0.004 -0.005 0.006
0.002 0.004 -0.000
-0.001 -0.004 -0.005
0.009 -0.003 -0.002
-0.003 -0.006 0.001
0.011 -0.002 -0.007
-0.002 0.001 0.001
-0.005 -0.007 -0.002
-0.009 -0.001 0.002
0.002 -0.004 -0.005
-0.008 0.012 0.000
-0.004 -0.007 0.002
-0.000 0.006 0.005
0.000 -0.000 -0.002
0.008 -0.015 0.005
0.001 -0.003 -0.001
0.001 -0.004 0.003
-0.004 0.006 -0.003
-0.003 -0.003 0.004
0.005 0.008 -0.001
0.003 0.004 0.002
0.018 -0.000 -0.005
0.008 0.001 -0.005
0.003 -0.010 0.001
-0.006 -0.000 0.002
-0.002 -0.009 -0.002
0.002 0.011 -0.006
0.003 -0.002 -0.004
0.006 0.004 0.006
-0.006 0.006 0.010
0.001 0.003 -0.005
0.002 -0.008 -0.001
0.008 0.001 0.002
0.007 0.004 0.003
0.001 -0.003 -0.007
-0.002 -0.004 -0.007
0.000 -0.000 -0.002
0.006 0.002 -0.006
0.003 0.003 -0.004
-0.004 0.003 0.004
-0.005 -0.004 -0.002
0.006 0.002 0.006
0.006 -0.002 -0.005
0.010 0.010 -0.006
-0.002 0.008 0.009
0.008 -0.004 0.004
-0.006 -0.003 0.003
-0.001 0.010 -0.003
0.003 -0.003 0.005
0.003 0.002 0.001
0.006 -0.001 0.010
0.002 -0.001 0.001
-0.001 -0.003 -0.001
0.008 0.005 0.011
-0.010 -0.004 -0.003
0.005 0.003 0.001
0.003 0.000 0.001
0.002 -0.000 -0.003
-0.001 -0.001 -0.009
-0.000 0.004 0.001
-0.012 -0.006 -0.006
0.004 -0.009 0.014
0.005 0.008 -0.003
0.002 0.005 0.004
-0.008 0.007 0.012
0.001 -0.001 -0.001
0.003 0.003 0.002
0.004 -0.001 -0.003
-0.002 -0.006 -0.004
0.004 0.002 -0.007
0.008 -0.000 -0.005
0.009 -0.003 -0.008
0.000 -0.004 0.012
-0.004 -0.003 0.004
0.001 -0.006 0.005
0.002 0.007 -0.005
-0.003 0.003 0.003
-0.001 -0.001 0.002
-0.004 0.004 -0.006
-0.002 0.002 -0.004
0.002 -0.002 -0.000
-0.004 0.001 0.004
-0.000 -0.004 0.004
-0.002 -0.005 -0.002
0.003 0.004 -0.005
0.000 -0.003 0.003
-0.001 0.003 0.006
-0.007 -0.006 0.001
0.006 0.000 -0.003
-0.002 0.001 -0.007
0.001 -0.007 0.002
0.009 -0.000 0.004
0.005 -0.001 -0.004
-0.003 -0.005 -0.001
0.001 -0.009 -0.001
0.002 0.001 -0.000
0.002 0.004 -0.008
0.002 0.006 0.000
-0.002 0.011 0.000
-0.008 -0.007 -0.003
-0.010 0.004 -0.003
0.000 0.004 -0.001
-0.007 -0.008 -0.007
-0.011 0.006 0.000
0.005 0.001 -0.008
0.014 0.001 0.001
masses
31.3
37.0
30.0
39.9
30.2
31.8
35.6
33.1
33.4
38.8
31.4
34.6
32.6
36.8
36.7
32.3
32.2
34.9
38.6
37.6
31.9
38.0
37.2
31.0
31.4
36.6
35.8
32.7
38.7
34.0
31.8
34.6
32.6
35.5
38.4
33.8
31.8
36.7
31.1
30.5
33.6
32.2
31.9
37.1
33.5
32.9
39.5
32.6
37.6
39.8
38.0
38.2
36.3
35.8
33.2
30.8
36.7
39.2
33.4
33.6
37.6
32.2
34.5
30.3
37.6
31.4
31.9
38.5
34.2
32.0
34.4
33.9
40.0
31.4
30.9
33.2
34.8
39.6
37.2
37.6
37.5
37.6
32.6
31.0
37.5
30.3
32.6
31.2
39.8
36.6
33.9
30.1
36.2
30.6
35.7
30.8
38.3
32.4
37.9
32.3
36.2
33.4
30.7
37.4
39.4
33.1
30.3
33.3
36.2
35.9
31.4
38.2
39.1
37.0
34.2
32.3
38.0
39.5
39.5
32.2
37.8
38.3
35.3
35.6
39.6
33.1
33.4
39.4
36.6
36.5
30.6
33.7
38.2
34.0
33.7
38.6
31.4
31.8
37.2
31.1
32.6
34.7
37.7
34.4
34.7
36.1
30.6
37.2
32.9
30.2
32.9
32.6
39.0
35.2
37.1
36.5
32.5
38.8
33.7
39.2
30.8
30.4
36.5
31.6
39.8
34.8
31.2
36.4
33.2
34.1
36.8
31.1
36.7
34.7
31.3
39.0
39.6
38.1
39.1
32.1
31.6
31.1
34.3
36.9
30.8
30.5
35.0
32.3
36.2
31.6
35.9
32.5
35.7
30.8
33.2
32.2
34.6
37.8
31.1
30.3
31.4
35.1
34.5
30.0
36.4
33.5
35.9
36.2
37.3
33.7
32.0
32.5
33.2
30.1
39.9
30.1
37.8
33.8
38.1
32.4
34.9
36.1
38.9
37.4
33.1
33.5
30.6
35.9
35.0
34.5
34.0
32.4
37.8
32.7
36.0
37.2
32.1
34.1
36.9
36.8
33.0
30.7
37.1
31.5
37.9
35.4
31.0
30.8
32.4
35.5
31.3
31.7
30.5
37.5
31.0
32.4
33.8
31.0
33.1
31.5
31.0
35.4
35.5
33.6
32.4
30.3
35.5
32.0
37.3
38.8
36.7
35.2
37.2
36.4
32.2
38.4
32.4
35.7
36.7
30.9
39.4
34.8
32.5
33.8
30.1
37.5
35.9
33.1
34.9
34.8
30.5
30.2
31.3
32.6
37.2
37.8
39.7
39.1
34.6
34.3
32.7
33.7
37.9
37.9
36.7
38.4
33.2
31.8
34.6
35.3
30.8
31.1
37.8
37.5
36.2
38.0
33.0
32.6
33.6
36.1
31.4
34.0
33.4
38.2
36.0
34.5
35.0
32.4
34.5
36.8
31.2
37.6
35.0
34.2
31.4
34.3
35.8
34.0
31.3
34.0
38.3
39.2
34.4
32.2
30.3
33.6
32.1
31.0
35.4
38.5
34.8
32.9
39.9
31.7
31.4
36.9
39.3
37.6
32.9
33.8
30.7
33.0
33.9
33.8
34.9
32.0
32.2
33.0
36.8
30.7
34.6
37.8
36.8
31.7
36.7
33.7
33.0
32.3
36.0
39.9
37.4
32.1
39.2
32.6
30.3
32.5
33.1
35.4
35.7
35.9
39.0
39.3
32.2
35.5
37.8
32.3
30.3
35.4
34.9
36.0
36.4
34.0
32.3
38.4
37.7
35.8
31.8
39.5
37.8
37.1
39.5
31.1
36.4
34.8
30.6
33.3
32.2
30.6
39.1
30.5
37.4
36.9
35.8
30.8
34.5
31.3
31.6
34.8
35.2
30.2
35.4
34.5
35.8
39.9
34.0
30.5
38.3
33.3
34.5
36.1
37.9
37.3
36.6
38.3
34.8
32.8
36.1
36.2
30.6
31.6
38.7
31.1
31.2
32.8
38.5
37.9
39.9
33.6
37.4
35.5
35.3
31.0
39.4
39.7
34.3
34.9
36.3
36.8
39.6
37.1
34.1
32.4
39.9
32.0
30.9
36.0
39.8
33.7
33.5
38.2
37.4
37.5
31.0
36.0
36.1
32.2
39.1
35.1
30.9
38.4
32.1
38.5
37.1
36.5
38.9
30.5
35.3
39.5
37.0
31.1
32.1
38.2
35.0
34.3
34.9
31.9
36.8
31.7
33.9
38.0
36.9
34.2
31.2
38.4
30.8
36.1
35.3
32.7
30.4
38.5
33.1
36.0
30.6
34.8
31.6
33.6
33.0
35.2
33.3
32.2
36.9
39.0
38.2
32.3
36.0
35.9
37.6
31.2
34.8
32.8
37.3
36.0
31.5
39.1
37.8
38.9
31.1
38.1
30.7
36.0
37.4
33.2
38.8
30.7
37.4
39.8
39.5
32.5
34.9
34.2
31.8
39.4
38.2
39.9
37.1
34.1
30.4
37.0
34.0
35.7
32.6
32.6
38.2
37.2
35.5
33.2
30.9
33.9
37.8
36.0
30.1
37.7
34.7
34.0
36.6
33.4
39.6
30.5
35.9
37.0
33.1
38.8
35.8
34.6
36.3
39.1
30.3
39.9
36.1
38.7
37.0
34.6
36.4
38.9
33.3
39.5
39.3
34.2
35.1
30.7
32.1
39.6
34.7
39.3
34.5
34.8
31.4
34.8
32.3
32.9
30.1
39.2
33.1
36.5
36.5
37.3
39.5
30.9
36.2
38.8
38.4
32.3
38.1
34.1
39.1
31.8
32.3
33.1
39.0
30.9
35.4
36.5
33.1
32.7
33.0
39.7
38.7
32.7
36.7
36.7
31.6
32.8
38.1
37.5
30.1
36.0
34.4
33.5
38.9
30.9
36.7
35.1
36.6
39.8
34.2
32.7
36.1
35.8
31.0
34.9
31.9
35.4
37.1
39.0
34.7
33.2
38.3
31.3
38.4
39.9
36.8
36.2
35.1
38.2
33.9
30.8
39.0
37.8
30.3
32.0
33.8
36.2
31.8
35.8
39.9
30.4
39.6
32.4
33.8
33.8
35.8
39.4
34.2
31.7
31.7
33.5
32.3
33.8
35.7
30.9
30.7
38.2
37.8
31.9
36.8
38.4
37.9
37.8
33.1
32.8
36.3
31.5
30.0
34.2
31.8
37.4
32.7
31.9
38.1
36.7
35.4
32.3
32.4
32.1
33.7
39.4
37.4
33.8
39.0
32.5
30.4
34.3
38.1
38.1
31.8
32.5
35.6
33.8
36.2
31.3
33.3
30.2
32.7
33.4
38.3
35.8
33.5
39.7
38.5
36.3
39.4
38.1
39.9
36.1
38.8
39.2
38.4
38.7
32.5
34.3
39.0
38.7
34.2
33.3
33.2
31.0
38.6
34.0
30.4
34.6
38.0
35.2
30.0
37.6
38.0
33.4
31.4
35.1
34.6
39.3
39.9
37.4
36.1
34.0
33.8
39.6
34.3
35.9
36.1
32.6
30.2
37.0
34.6
38.5
36.4
38.7
38.7
34.3
30.5
38.5
36.2
39.1
30.8
39.6
32.1
35.2
38.0
39.5
39.3
34.5
33.4
34.8
33.6
34.3
33.3
36.5
30.8
37.3
34.2
30.2
31.0
34.9
32.9
35.6
37.2
31.8
32.8
32.1
39.7
36.1
36.4
34.3
35.2
30.2
39.8
39.3
33.2
39.1
36.5
37.8
34.1
37.1
37.9
32.3
33.4
30.5
38.2
37.5
32.6
31.8
35.6
30.7
38.3
35.4
31.7
33.3
34.5
33.0
30.3
31.3
30.6
38.6
38.6
35.4
38.7
40.0
34.3
31.7
33.8
38.3
35.1
37.9
36.3
37.6
32.5
36.5
35.7
37.6
34.1
35.6
30.5
33.9
33.2
33.5
30.2
38.4
30.2
30.8
37.6
34.4
35.8
36.0
30.8
38.1
36.5
30.0
32.9
39.2
38.6
31.5
38.7
37.1
34.6
35.2
37.6
30.5
32.2
33.3
31.5
39.5
37.5
32.2
33.0
32.8
36.3
32.6
35.1
36.0
37.5
37.2
32.3
35.4
36.7
31.5
32.2
34.4
34.2
34.8
38.4
39.0
34.5
32.2
31.2
34.5
32.8
33.6
34.6
34.3
36.8
38.9
33.9
39.4
34.4
33.1
30.4
36.1
39.1
39.1
36.1
38.1
32.6
35.0
37.7
33.7
32.7
32.9
32.4
32.9
35.0
33.3
35.9
38.5
34.5
34.6
32.5
38.3
30.3
37.5
32.4
33.9
34.2
34.8
30.3
38.7
30.2
38.7
34.2
33.5
33.1
34.5
32.0
30.9
33.2
34.7
32.1
37.8
30.6
35.9
37.9
36.4
30.5
38.5
37.4
38.0
33.7
33.6
35.1
32.4
32.9
32.6
32.4
39.8
38.0
36.5
34.2
32.5
39.5
39.1
38.6
31.3
34.1
39.8
36.3
39.2
36.7
30.1
39.6
32.6
30.3
40.0
37.4
30.7
37.4
38.1
35.8
37.5
33.6
34.2
30.8
36.9
36.0
35.7
37.4
38.3
39.9
30.9
31.0
38.9
35.0
37.5
34.5
39.3
34.0
30.8
37.3
34.7
34.3
30.9
36.4
36.5
35.1
36.7
32.8
34.6
35.8
34.0
36.5
37.8
33.8
38.9
37.1
30.2
33.7
31.3
34.0
39.8
35.9
30.2
36.4
30.7
37.2
37.0
36.9
30.0
31.8
37.0
35.0
39.1
38.6
33.2
38.4
36.8
36.2
34.2
39.1
30.7
30.5
30.7
38.8
35.3
33.8
33.1
33.1
38.7
32.1
35.9
30.9
34.5
37.4
33.4
32.6
33.0
33.0
31.3
31.9
36.1
32.8
30.2
39.0
38.7
31.7
37.2
37.8
34.8
32.3
33.6
30.8
39.2
36.8
37.5
34.1
33.1
38.7
35.0
33.0
32.0
39.7
39.2
30.8
36.7
30.1
33.6
33.7
32.7
39.4
34.2
33.2
38.1
33.5
39.5
39.4
37.8
33.6
31.7
31.2
35.5
33.3
38.8
38.1
30.6
35.8
33.0
38.9
37.9
30.8
31.7
40.0
39.8
33.3
38.1
38.4
39.7
31.1
34.6
37.6
31.8
35.4
39.4
31.0
32.2
35.3
39.5
30.9
38.9
37.7
37.3
39.9
39.6
30.7
32.6
33.9
32.6
37.0
39.8
31.7
39.1
31.0
36.1
33.7
34.6
38.4
39.8
38.5
38.4
37.4
31.0
30.6
33.1
34.7
31.9
30.9
30.9
37.2
30.9
32.5
33.3
36.4
33.6
38.5
39.5
33.2
30.4
30.6
33.1
30.1
34.4
30.9
37.1
38.9
36.2
38.9
34.1
36.1
33.0
37.7
33.2
34.1
38.4
34.3
37.5
33.1
39.9
33.0
37.8
37.4
31.8
35.9
31.4
39.4
38.6
36.0
33.4
30.6
33.1
30.8
36.2
37.3
31.0
34.2
31.0
36.9
33.8
36.4
36.9
30.9
30.6
37.5
38.4
37.0
35.3
31.3
36.6
31.3
37.4
34.0
31.4
38.2
39.3
31.5
30.8
38.1
33.6
36.4
31.7
37.8
38.4
35.7
33.8
31.5
35.3
36.3
35.0
38.0
37.1
37.5
30.1
35.7
31.4
38.0
36.3
39.4
36.3
34.9
37.6
35.5
34.6
37.0
31.6
30.3
39.6
36.6
39.1
32.7
33.4
34.9
31.3
38.1
35.6
39.4
31.4
33.5
33.0
31.9
37.2
30.4
36.8
35.1
39.3
36.4
37.1
31.5
36.3
35.2
30.2
33.8
32.9
30.3
37.9
38.3
32.6
34.2
33.6
33.0
34.8
34.5
38.0
36.9
36.1
33.4
37.2
30.2
38.7
36.3
39.7
35.8
33.3
33.9
36.9
32.0
30.9
33.9
36.3
33.5
38.1
32.2
35.6
35.3
39.3
34.4
38.8
33.5
37.0
39.1
36.1
38.3
30.7
33.9
39.6
34.2
31.3
39.3
38.4
30.2
30.9
31.0
37.3
31.9
33.8
39.2
34.8
35.9
36.7
34.5
38.8
37.5
36.2
32.1
30.2
33.3
37.6
37.3
38.6
35.2
38.0
37.7
37.3
35.6
39.5
35.7
33.1
35.9
37.5
32.6
38.1
37.3
39.6
32.3
34.4
35.6
35.9
38.8
39.6
34.1
32.2
30.6
35.6
37.3
31.3
37.3
34.9
38.1
32.6
35.1
35.2
38.1
35.3
37.7
38.3
33.3
36.9
31.5
38.9
33.7
36.6
36.6
36.6
38.7
31.6
39.1
37.2
39.0
37.6
31.1
32.2
32.5
32.1
34.4
35.1
33.4
35.4
33.0
39.4
34.2
39.1
36.4
35.0
36.1
34.0
33.2
35.5
34.8
32.7
32.8
33.3
35.7
33.3
30.8
33.6
32.0
39.4
33.2
33.4
37.9
33.3
36.3
39.2
37.0
34.9
35.4
34.6
32.8
39.7
30.6
36.4
39.7
33.9
38.9
39.3
34.3
33.2
31.2
37.5
31.2
36.2
34.9
32.6
32.2
36.1
33.6
33.2
37.7
37.8
34.4
38.9
36.1
34.4
36.0
32.4
37.2
39.1
30.5
39.6
33.5
35.0
31.8
38.4
34.0
31.9
30.4
37.6
33.3
34.8
36.4
31.7
32.8
31.3
32.8
35.4
37.5
33.1
36.6
31.7
33.8
35.5
35.7
35.2
32.5
36.5
30.5
30.8
36.3
35.1
30.3
30.1
32.0
39.1
35.5
30.7
38.5
38.7
34.4
32.4
37.9
35.3
34.0
37.5
31.0
33.5
32.6
34.2
30.2
32.5
31.5
33.9
36.2
34.4
38.6
39.3
38.2
34.0
37.0
35.0
30.5
33.3
32.1
39.3
38.5
33.0
35.7
31.1
36.9
37.1
38.2
33.5
34.4
36.3
36.8
38.0
33.6
30.4
39.8
38.8
39.5
39.7
37.2
38.5
36.5
36.6
35.6
38.6
36.7
34.5
38.7
35.5
30.9
31.6
31.8
32.6
39.4
33.7
34.8
35.1
32.9
34.0
34.5
36.1
38.3
38.3
38.3
30.8
37.8
35.6
35.7
31.0
35.0
34.6
33.7
30.7
35.7
36.9
33.0
37.9
36.0
31.7
32.1
31.0
39.2
36.2
31.8
37.6
37.6
35.2
36.4
36.6
34.8
34.4
34.3
33.8
33.2
39.0
34.8
33.6
33.0
36.1
36.5
37.1
36.4
33.1
39.8
34.3
34.7
34.9
33.4
34.1
35.6
39.5
37.3
38.3
32.7
36.1
39.0
34.9
39.5
36.9
33.0
31.1
32.1
35.9
34.7
39.9
36.6
31.1
39.5
36.4
34.6
38.6
37.7
36.1
32.6
36.6
38.2
36.6
36.9
34.8
31.7
39.4
34.7
35.0
34.0
31.0
33.4
36.5
37.3
34.9
31.0
35.3
38.8
33.7
32.1
36.7
31.5
38.6
35.4
39.7
33.5
30.2
37.8
37.5
37.9
38.4
34.9
36.0
38.3
33.6
35.0
36.5
34.0
31.6
39.0
35.3
39.1
36.3
31.2
31.9
31.7
32.1
37.4
37.9
36.4
34.4
33.0
34.7
32.5
38.1
40.0
34.4
37.2
32.5
39.8
36.7
34.9
38.1
38.2
32.5
32.9
35.6
37.1
35.7
39.9
35.2
32.2
39.4
33.7
37.7
30.4
34.6
31.9
38.2
31.0
30.8
33.5
36.8
36.6
30.4
31.0
37.5
39.4
34.6
37.9
32.7
30.3
35.4
37.0
31.8
35.3
33.1
31.0
39.0
31.6
37.5
33.7
38.1
32.4
35.5
37.9
35.9
34.5
36.8
33.5
32.0
34.3
40.0
33.7
36.7
33.6
35.3
34.1
34.9
34.5
31.3
35.4
32.7
30.9
32.1
38.0
38.2
37.5
36.1
30.7
31.9
36.0
39.1
33.1
34.9
33.1
36.1
34.3
38.5
39.2
33.1
37.1
37.3
34.1
37.7
38.8
39.5
32.7
39.6
32.0
37.7
39.7
36.7
36.6
39.1
36.7
32.3
33.6
36.3
38.4
35.6
31.5
38.2
35.1
39.7
33.4
39.5
36.7
32.4
37.3
38.1
39.5
37.1
38.0
31.4
35.1
37.6
33.9
39.4
31.0
38.1
36.7
39.6
38.0
31.7
32.6
36.6
33.2
31.6
33.8
39.2
35.9
37.9
35.5
38.1
31.5
33.3
36.2
33.1
39.8
37.6
34.5
32.6
36.3
33.8
33.7
32.1
33.7
38.2
32.8
39.2
31.1
31.0
37.7
35.3
38.5
39.1
33.4
32.1
39.2
31.9
39.7
36.9
31.4
32.1
38.3
36.4
31.0
35.9
34.4
39.5
34.3
33.0
31.0
37.8
32.8
35.0
30.8
33.8
31.3
30.3
30.7
36.6
32.4
32.4
32.7
30.6
31.0
31.8
31.7
32.1
33.9
32.0
35.1
38.8
33.9
32.9
39.1
30.5
35.7
39.9
36.6
34.8
31.1
35.4
37.8
33.8
37.4
33.7
34.8
36.5
36.9
30.7
34.2
39.6
35.0
30.4
35.5
38.5
33.9
30.5
33.0
35.0
38.1
32.2
32.3
38.3
31.6
38.4
36.5
38.0
32.6
34.3
33.0
35.9
30.8
30.4
37.2
36.8
32.3
36.8
33.9
39.1
38.0
35.7
39.7
37.2
37.5
36.5
32.3
31.3
38.1
40.0
37.1
36.0
36.8
31.2
30.7
38.6
35.6
31.0
34.0
35.4
35.8
34.6
30.1
32.8
31.2
33.3
32.5
36.0
36.4
34.0
31.4
38.7
39.5
34.0
30.0
31.7
34.2
37.3
37.6
35.5
35.1
33.7
32.8
30.1
38.6
39.3
32.3
37.7
33.7
32.3
35.0
33.0
36.8
36.2
30.8
34.1
34.5
38.9
33.3
30.8
33.1
39.2
33.8
32.2
36.9
33.5
30.3
31.6
30.8
30.5
38.1
30.9
39.1
32.4
30.9
33.3
35.1
36.3
37.1
35.7
30.1
32.2
38.1
38.6
34.5
34.9
34.9
38.6
37.0
31.9
33.5
35.0
39.1
38.9
33.0
31.3
39.1
37.0
30.0
30.9
33.9
35.4
32.3
36.3
35.6
33.2
32.4
33.9
32.6
37.6
34.5
38.3
34.6
38.7
34.4
30.6
33.9
32.2
33.2
39.5
38.4
39.3
38.0
34.6
36.4
38.4
38.4
36.4
34.7
32.4
32.3
31.8
35.8
34.2
38.3
37.3
33.3
37.5
35.0
39.8
39.9
33.4
37.8
33.0
32.8
35.3
30.4
33.0
38.7
34.4
38.0
38.4
35.4
39.9
33.9
38.6
38.5
31.6
30.5
35.9
38.5
38.9
33.6
35.8
38.9
38.0
34.1
31.2
31.1
34.8
39.9
34.7
33.1
34.5
32.9
37.4
34.2
34.6
35.1
37.9
31.5
33.9
35.8
33.0
33.4
39.4
36.8
37.6
35.8
36.1
32.6
36.9
35.3
33.5
34.2
38.4
33.8
35.9
36.0
39.2
39.5
37.2
34.1
32.2
31.3
34.1
35.5
30.3
37.7
34.4
34.4
34.6
36.0
34.7
37.6
32.1
35.7
38.3
31.4
32.2
34.7
31.8
37.5
37.6
34.4
36.7
30.9
39.5
37.6
39.9
31.2
35.5
34.2
31.9
37.9
34.1
39.7
36.5
31.7
32.0
32.3
36.8
37.8
30.5
31.4
36.2
39.3
32.5
33.8
37.9
38.1
38.9
38.3
39.5
33.8
39.8
32.6
32.3
39.2
34.0
33.4
31.3
33.4
35.4
33.9
37.8
36.0
30.9
35.1
32.4
37.2
30.5
37.9
38.6
32.6
35.3
38.3
33.4
35.3
37.8
33.4
31.1
39.6
36.3
37.6
35.2
30.1
31.7
33.5
33.1
31.4
38.0
33.2
39.7
34.1
39.9
39.7
33.7
38.0
34.8
38.6
39.5
35.5
36.4
34.5
34.0
36.8
30.4
37.2
39.5
31.7
32.5
30.8
34.8
39.0
30.9
39.7
39.0
35.6
39.6
39.2
39.5
37.8
36.6
35.4
34.7
35.2
34.8
39.2
35.2
32.0
38.0
30.8
38.0
38.1
35.7
38.0
31.7
38.2
34.7
36.7
33.9
33.0
34.3
32.3
37.6
35.4
35.1
34.7
30.2
30.8
30.4
35.3
33.1
36.8
31.5
30.2
36.8
37.3
36.6
30.0
37.2
34.9
33.0
39.5
30.7
32.8
35.0
31.4
38.6
30.7
38.7
32.7
34.2
38.7
33.2
37.4
37.8
33.6
34.1
36.8
34.5
32.8
38.3
32.3
37.2
30.6
35.3
37.7
32.9
35.4
39.4
31.9
30.1
39.7
35.1
34.9
39.0
36.9
32.2
35.3
36.4
34.3
38.0
38.6
33.4
39.8
31.5
31.3
34.9
32.7
36.6
33.4
37.0
36.2
34.6
31.0
30.4
31.1
34.3
36.1
38.5
34.8
31.3
36.2
33.5
35.7
30.5
38.5
31.5
37.2
33.5
32.4
37.1
39.7
34.5
30.0
32.7
36.5
32.0
34.8
33.4
31.6
39.1
33.4
39.6
36.3
33.7
33.2
31.2
34.3
32.1
36.0
34.4
32.8
31.6
30.2
37.9
33.3
39.4
33.0
38.6
39.9
39.6
39.1
33.0
38.1
38.3
35.8
31.6
31.3
36.0
35.2
35.5
36.9
31.8
36.5
39.5
39.7
39.1
37.3
32.4
39.2
34.3
37.9
34.8
38.8
32.6
31.9
33.1
36.3
33.4
33.0
39.0
35.2
31.6
39.7
33.8
34.8
33.4
34.1
37.1
33.1
38.9
38.7
36.5
38.3
36.1
35.7
37.6
32.3
39.3
36.5
36.4
31.3
34.7
38.6
39.6
36.3
37.2
35.7
30.1
30.7
37.0
34.8
34.8
31.3
38.8
34.1
36.9
39.7
38.3
31.3
32.6
31.5
30.3
34.1
36.0
30.5
37.6
37.2
32.7
38.3
39.7
39.1
36.8
31.5
32.4
39.4
31.1
34.6
38.2
34.0
39.1
32.6
39.6
33.3
35.7
37.9
38.8
36.3
35.2
31.3
36.1
32.2
39.8
36.1
39.9
32.7
38.0
31.6
35.8
36.4
38.3
39.6
36.5
33.2
34.2
34.2
36.9
37.9
38.0
30.8
33.5
38.6
30.2
31.7
34.3
39.1
37.4
34.6
37.8
34.0
30.1
37.2
31.4
35.6
35.7
37.0
36.4
34.3
38.4
34.1
38.6
36.4
33.0
34.5
34.9
38.4
37.1
33.2
36.6
30.5
39.2
31.8
32.5
34.0
34.9
31.4
37.1
30.6
34.3
39.5
38.1
32.7
35.7
36.2
33.1
32.3
35.7
35.9
32.8
38.5
37.4
36.7
38.7
37.9
36.9
31.7
34.7
36.9
33.3
32.0
38.3
38.3
31.0
32.2
30.2
34.8
32.8
32.5
39.0
36.8
30.5
39.9
34.2
31.0
31.8
32.9
34.8
32.5
36.3
35.4
31.9
38.2
31.6
32.4
33.5
33.2
30.7
30.5
32.5
31.3
31.0
30.3
37.1
33.7
33.6
35.3
35.0
38.0
39.6
32.7
40.0
30.5
31.5
39.0
38.2
36.8
39.5
33.9
30.7
35.9
31.6
38.1
38.6
31.3
32.3
38.0
30.4
34.9
35.2
35.9
38.4
38.2
37.3
38.9
39.0
33.5
37.4
37.3
33.1
39.6
39.3
39.7
36.2
38.7
31.1
36.9
38.6
33.1
35.0
31.2
39.3
34.3
32.3
39.6
36.3
31.3
32.8
32.5
38.4
34.3
37.4
31.3
38.5
36.7
38.7
36.6
38.9
37.2
32.4
31.3
38.7
30.0
34.4
30.7
30.4
31.5
33.1
35.6
33.9
38.1
36.7
34.2
34.5
38.8
33.1
36.9
36.9
34.2
39.1
35.1
37.5
35.9
31.1
30.8
32.8
37.5
37.3
38.5
37.3
36.0
34.9
35.1
35.0
31.0
35.9
30.4
38.0
39.0
36.6
33.9
32.4
35.2
34.1
35.1
37.1
37.3
30.9
38.2
33.5
34.2
36.0
39.9
36.3
36.6
33.8
39.9
37.6
35.4
31.6
34.8
35.2
30.1
39.5
37.1
31.6
30.0
36.4
35.5
36.7
39.4
32.9
31.5
31.9
32.1
34.2
30.2
35.2
37.3
37.1
30.3
35.3
30.5
34.0
34.4
38.8
37.6
35.8
39.9
33.7
36.4
33.5
32.8
35.5
34.1
38.9
32.6
34.8
35.6
39.4
33.8
35.2
34.2
33.7
38.7
33.4
34.9
31.0
34.2
33.5
30.5
36.7
38.0
38.2
32.1
33.0
39.3
30.9
30.5
36.3
34.4
35.9
31.5
37.2
31.3
35.3
39.6
34.3
37.6
32.1
37.7
37.0
34.8
32.4
36.8
31.0
35.0
35.6
31.1
37.8
38.4
31.1
32.8
34.8
31.5
38.5
31.4
36.6
31.4
33.7
38.2
33.4
30.2
30.6
33.4
35.9
30.3
39.9
37.2
36.7
35.9
35.5
32.1
38.5
34.0
34.6
35.2
34.8
33.1
31.0
32.1
32.0
37.9
32.8
35.3
37.7
30.6
30.3
30.8
32.2
31.6
33.1
39.4
39.9
34.9
39.7
32.8
34.4
35.7
39.6
34.1
39.9
34.1
33.9
35.1
35.0
31.9
31.0
36.1
33.8
31.5
31.6
37.8
36.3
30.6
31.7
32.5
31.3
39.0
32.9
33.7
37.4
34.5
38.5
39.5
31.8
30.8
33.7
35.6
30.4
32.6
39.2
38.5
31.7
38.6
38.8
30.1
30.7
34.0
30.4
35.4
31.1
31.8
35.8
34.9
35.5
37.7
34.9
36.1
35.8
33.8
31.9
30.8
31.4
33.9
33.2
35.5
38.1
38.6
33.0
31.6
31.4
38.0
32.6
35.6
32.5
35.4
33.9
37.2
32.4
34.6
34.6
33.0
30.4
39.4
38.4
38.7
39.1
30.3
31.5
36.8
36.3
38.1
39.2
37.9
36.0
32.5
35.7
30.1
30.9
32.6
39.3
37.9
38.7
35.7
37.4
38.3
38.1
38.0
36.2
37.3
38.5
33.8
36.6
36.0
38.9
37.3
34.1
35.5
37.8
32.9
39.7
32.2
30.8
30.9
37.6
35.2
31.1
38.6
38.5
36.3
33.1
39.5
33.4
30.9
37.0
31.6
36.4
34.4
35.9
30.0
33.1
30.4
33.6
30.0
37.4
37.9
38.1
39.0
34.5
33.0
38.2
34.6
32.1
30.2
31.0
38.1
33.5
39.1
32.7
34.7
39.5
31.5
33.3
39.8
36.0
37.9
34.5
32.7
32.2
38.6
39.4
32.7
36.2
35.8
39.2
35.3
30.0
39.4
32.5
31.1
32.3
37.5
40.0
32.9
31.9
36.3
39.6
30.7
38.3
30.2
31.7
37.6
34.5
32.3
30.7
36.5
30.5
34.9
39.5
32.4
36.9
30.4
30.3
35.3
34.1
33.3
34.1
30.9
33.2
34.0
33.9
32.9
30.6
34.4
39.5
34.0
36.0
38.8
33.8
36.4
35.8
35.2
32.7
32.5
30.7
30.1
36.5
34.1
31.1
39.9
39.2
34.6
34.7
37.5
34.4
39.5
37.7
32.2
34.8
35.7
33.1
32.0
32.0
39.9
30.4
35.3
31.1
38.8
34.4
35.7
37.6
38.3
39.9
32.8
30.2
39.2
32.7
32.9
39.4
38.1
33.3
35.9
34.5
32.3
32.3
36.6
33.0
35.6
34.1
37.0
33.4
39.4
32.3
39.9
34.8
36.8
38.2
37.3
33.6
39.1
38.8
37.6
33.1
36.9
35.9
31.8
36.3
39.8
32.1
33.9
31.1
37.4
34.8
38.3
32.4
39.9
32.2
35.7
33.0
34.3
39.1
32.7
35.0
37.2
39.3
32.0
37.5
35.6
33.5
35.3
38.6
39.7
32.4
36.2
38.7
36.6
33.9
34.5
30.9
37.0
39.9
39.6
32.7
32.0
31.2
37.7
39.2
33.9
39.4
34.3
33.7
35.6
31.0
38.7
38.2
34.6
31.3
38.8
31.2
31.4
30.2
37.0
35.9
36.1
39.3
33.7
32.6
33.0
32.1
35.9
36.9
34.5
31.0
33.0
39.8
36.5
33.6
30.0
38.7
36.0
32.4
36.6
34.8
38.4
31.0
35.4
34.0
39.5
35.8
31.5
33.2
36.0
38.5
30.5
30.2
39.2
33.9
30.5
30.5
30.8
39.6
38.2
36.7
37.5
30.8
33.3
30.7
30.7
35.9
31.9
32.6
32.5
37.7
36.2
35.1
31.4
30.9
32.3
30.5
37.4
35.1
36.6
31.9
38.5
36.7
33.8
35.7
30.5
36.8
39.5
39.1
38.2
38.5
34.8
32.0
39.3
30.7
32.6
32.6
31.2
36.8
39.4
34.7
36.3
36.3
34.1
39.0
33.6
33.2
34.2
36.1
31.3
30.7
39.9
35.5
38.8
30.2
32.1
30.8
37.3
34.0
32.9
34.8
30.6
36.3
39.7
32.2
30.3
31.9
32.6
31.2
36.3
36.1
34.2
31.9
39.1
36.1
30.7
38.5
34.3
30.1
32.4
32.3
35.8
30.7
35.7
32.3
31.8
33.4
37.9
35.3
38.9
36.4
34.0
34.5
31.0
33.8
36.0
34.6
32.6
38.5
35.7
38.5
31.7
31.9
31.9
36.1
37.6
32.6
36.8
32.8
39.6
38.0
37.5
34.3
37.0
35.4
35.1
38.7
38.8
30.7
37.8
32.2
30.5
32.6
36.0
35.2
33.2
35.0
30.9
33.3
37.0
35.9
36.6
36.9
37.7
39.1
37.0
31.7
34.8
34.8
36.1
31.7
33.6
31.0
31.5
37.1
32.7
33.9
32.4
31.7
34.1
38.9
39.7
34.0
30.2
31.5
33.2
33.0
35.4
30.1
36.2
33.4
36.2
35.7
34.9
37.7
37.2
39.7
38.0
32.0
38.3
39.8
38.5
33.2
33.5
35.6
36.4
31.5
37.2
32.7
30.9
30.6
36.8
39.9
39.6
34.6
32.2
35.3
31.5
33.6
39.6
34.6
34.3
31.0
33.6
35.6
37.3
31.6
32.1
38.0
35.4
33.6
39.6
30.3
39.5
37.0
35.8
31.7
32.5
36.4
31.4
34.7
39.6
38.4
31.7
31.1
38.9
36.8
35.2
32.0
31.7
34.4
37.2
39.8
37.6
32.9
33.5
31.8
34.7
30.1
36.2
38.4
35.5
31.4
34.7
38.3
30.7
36.8
31.6
36.1
34.3
38.9
36.3
33.3
31.6
37.3
33.3
33.3
36.8
30.2
39.6
38.9
30.3
31.1
33.0
35.4
32.6
31.3
34.3
31.7
36.9
30.1
34.2
40.0
31.3
32.4
30.4
37.5
35.3
30.0
39.0
36.7
36.8
38.8
36.4
32.0
34.6
38.1
35.7
39.8
37.7
31.4
39.6
30.3
36.1
38.7
37.1
32.2
34.2
39.0
34.3
33.9
35.6
37.3
33.1
32.5
38.6
32.5
32.8
32.5
39.4
33.9
34.4
32.6
34.6
30.3
35.5
32.9
37.3
35.5
31.0
37.3
30.9
34.1
31.4
39.5
38.3
31.7
30.0
31.3
31.0
33.6
33.2
30.2
36.1
38.1
36.2
39.8
34.2
37.3
37.7
31.2
38.4
37.1
33.7
37.0
37.0
31.3
37.9
35.5
30.5
35.0
35.5
39.8
36.5
36.4
32.4
39.2
37.4
39.5
38.5
33.1
40.0
31.7
33.4
38.7
32.0
33.6
37.7
30.9
39.1
37.8
38.2
33.2
36.9
38.3
34.6
37.0
35.5
31.8
30.4
30.8
34.5
35.3
30.2
32.4
32.5
39.6
38.0
35.3
38.0
30.1
37.6
34.7
38.4
34.3
38.0
38.5
33.1
39.0
31.8
39.9
32.2
39.6
33.3
36.9
33.0
37.3
36.0
31.8
33.3
37.9
35.6
34.4
34.4
36.0
39.8
30.9
36.8
37.9
39.9
38.0
32.2
37.1
37.6
34.7
39.7
34.4
32.5
37.7
36.8
30.9
33.9
35.5
39.8
38.5
39.7
35.7
39.1
30.4
37.6
38.8
36.6
39.6
31.8
37.8
32.0
37.1
36.0
33.8
30.1
35.1
32.7
34.3
37.5
31.3
35.1
35.8
35.2
36.2
32.3
36.9
39.2
32.8
39.0
37.4
37.5
37.3
35.7
37.6
34.8
38.8
38.5
31.3
31.1
39.1
33.3
33.9
30.5
37.8
38.5
32.1
36.8
37.5
38.8
36.8
38.8
31.5
33.7
36.4
39.4
38.6
35.1
35.1
31.0
37.7
32.6
32.3
35.8
34.0
32.4
37.1
39.0
30.1
30.0
32.4
35.9
36.2
39.8
38.5
39.4
36.5
33.0
32.8
34.6
39.0
36.6
38.7
33.1
31.1
39.6
34.5
35.8
38.3
37.4
31.4
36.4
39.3
32.8
32.3
37.7
38.3
39.9
31.1
33.9
39.4
37.3
32.5
35.8
39.2
32.1
36.1
33.3
36.3
37.1
35.7
30.5
38.1
37.0
35.7
34.3
35.1
33.1
35.1
32.2
36.7
33.3
36.7
38.0
30.7
34.8
33.1
38.2
39.9
36.8
34.9
39.6
32.1
40.0
36.5
31.0
36.9
34.7
39.6
30.9
39.2
36.4
31.9
36.6
36.4
30.0
35.1
32.2
35.8
31.5
32.0
37.1
33.2
30.1
39.0
34.1
35.9
33.4
39.5
33.3
37.7
37.3
32.2
37.6
39.6
39.3
36.8
33.9
32.0
34.6
33.1
36.7
33.3
31.2
36.2
31.6
35.9
30.5
31.4
31.3
32.7
34.9
32.9
37.9
33.3
30.3
32.4
33.6
33.7
36.9
39.9
30.4
39.8
30.4
34.1
34.7
30.7
34.2
33.1
39.4
37.9
35.6
38.0
38.0
31.1
31.6
35.5
32.5
36.6
30.9
36.3
34.8
37.3
37.9
38.4
33.2
34.4
34.1
39.1
31.7
31.5
39.8
36.5
36.6
36.3
33.6
33.0
34.2
36.9
32.5
30.0
32.6
33.7
38.1
33.4
33.3
31.3
34.1
37.1
34.3
35.0
34.9
35.4
38.0
33.1
37.9
32.3
31.4
34.1
39.9
35.8
36.0
32.6
38.2
30.4
35.2
36.9
38.2
34.0
33.8
36.6
38.2
31.4
39.6
38.9
35.6
31.8
36.9
31.5
35.6
33.7
33.4
30.2
31.0
37.7
30.4
36.4
39.2
30.2
37.2
39.6
36.8
31.7
30.6
35.8
32.1
33.1
30.3
34.4
34.8
31.6
31.1
31.8
30.7
36.5
36.9
37.5
38.2
35.9
36.4
38.4
37.4
31.6
39.2
37.8
36.1
31.1
38.5
32.2
34.8
31.6
39.2
30.4
30.6
35.6
38.8
35.1
36.5
34.4
32.8
34.5
30.5
32.9
35.6
34.9
35.4
38.9
37.9
38.9
39.3
30.6
31.9
31.6
36.6
38.3
37.5
30.3
30.8
40.0
34.2
35.8
30.5
32.9
34.2
34.2
35.0
33.2
37.4
32.7
34.1
38.4
34.2
36.9
30.2
34.3
38.3
32.7
31.6
36.3
39.2
40.0
31.8
34.6
34.5
34.7
32.5
34.9
39.1
32.6
34.4
38.1
37.0
32.7
33.2
34.7
37.8
30.5
34.3
31.4
36.1
35.0
34.5
39.2
35.5
31.6
35.2
38.0
31.4
38.0
31.5
34.0
37.2
37.1
37.6
32.6
34.4
30.0
32.0
34.9
36.5
39.4
30.3
33.9
37.2
35.4
30.1
32.0
36.9
39.6
34.0
33.1
34.7
38.7
38.4
36.4
31.4
35.8
31.9
31.2
31.7
37.6
32.6
35.6
33.6
39.8
36.7
32.7
38.4
37.9
30.8
36.0
39.8
35.6
32.6
30.2
34.4
39.3
31.2
30.0
35.1
37.2
34.0
38.7
31.0
31.7
34.8
36.5
37.2
30.5
38.3
30.6
32.3
34.2
35.5
33.7
34.4
33.8
37.0
36.5
32.9
30.8
30.5
39.7
30.9
39.3
35.7
30.0
36.8
30.5
31.1
35.6
33.6
37.3
30.1
30.5
33.5
32.9
34.7
36.9
39.3
32.3
36.8
31.8
30.8
39.9
31.7
39.0
34.7
39.0
37.9
34.7
36.5
36.7
36.5
38.6
33.3
32.3
36.0
33.2
38.7
39.9
37.5
32.5
37.6
33.5
33.8
36.8
36.2
37.4
36.7
31.7
32.8
34.0
31.1
37.8
32.1
32.9
39.4
37.9
38.5
30.9
39.0
31.9
34.6
37.8
36.1
32.3
34.4
34.2
37.5
37.4
37.7
36.9
34.5
35.3
37.4
39.0
37.7
30.0
35.3
33.4
37.7
38.1
34.6
36.0
30.5
33.6
33.0
37.2
35.2
30.8
32.7
36.1
35.2
32.1
38.2
33.4
34.0
32.8
30.5
33.6
32.6
33.3
35.6
35.8
34.4
31.8
33.7
32.4
31.5
34.4
35.9
31.0
31.2
36.9
30.6
37.0
33.7
36.9
30.7
35.3
34.1
34.2
35.1
35.5
40.0
33.2
32.2
31.7
32.4
38.3
34.1
35.0
32.1
38.2
34.5
36.9
36.5
36.9
38.5
30.1
37.6
38.8
31.5
38.6
32.6
33.5
39.7
35.0
39.3
30.1
38.5
33.0
38.3
38.2
35.2
38.8
34.8
37.9
38.6
37.2
31.4
30.6
37.6
32.8
39.7
32.6
37.3
32.8
33.1
30.0
31.7
32.5
34.6
31.0
37.2
39.2
36.8
39.9
38.8
30.8
34.3
34.6
35.0
35.4
38.1
33.4
31.4
38.3
31.8
34.5
39.4
34.3
39.2
35.2
36.2
35.9
35.4
34.6
34.7
32.9
33.3
32.6
34.5
32.9
30.7
32.8
31.2
36.1
40.0
37.2
35.8
36.9
32.1
39.9
39.2
36.9
39.6
34.3
37.0
33.3
39.9
39.9
35.8
32.5
39.0
35.2
30.3
31.5
32.8
39.8
32.9
32.9
36.0
34.2
37.9
33.5
31.2
38.9
39.8
34.1
38.0
31.4
31.3
39.2
38.7
30.6
39.4
34.7
36.6
33.4
32.5
30.3
33.2
32.3
33.8
31.3
31.3
36.4
33.0
32.5
32.1
34.4
36.8
38.1
39.1
37.2
39.1
30.7
34.1
36.5
32.8
34.6
38.7
34.2
38.6
38.0
31.1
36.3
32.1
37.0
34.9
38.5
35.6
34.9
37.6
30.5
34.0
30.8
37.0
33.0
36.2
35.1
35.1
33.8
33.5
33.3
38.3
30.8
39.3
31.7
38.5
36.8
31.8
31.4
39.4
39.1
35.2
35.4
34.3
30.4
39.3
38.3
36.1
33.9
39.2
36.1
37.6
31.8
35.0
31.6
36.9
35.3
32.9
38.8
33.3
30.4
30.8
32.2
36.7
38.1
35.4
38.7
34.6
37.9
37.5
31.7
37.5
39.2
32.1
34.3
33.8
34.4
32.9
37.9
39.3
37.5
35.5
31.4
39.4
37.0
37.8
31.9
31.4
34.6
33.8
30.3
32.4
30.1
39.9
34.8
35.6
38.3
34.4
30.8
37.4
34.1
36.7
32.3
32.2
36.4
33.5
38.7
37.6
39.6
37.0
34.8
33.4
34.3
31.9
36.5
38.6
38.5
34.5
36.4
37.7
30.6
33.3
33.4
33.6
35.8
32.2
39.4
37.8
32.2
36.4
38.2
31.7
33.4
39.2
34.5
39.1
33.1
31.6
32.5
37.6
39.7
33.3
33.4
39.1
35.2
37.3
37.0
32.2
35.8
34.5
39.2
34.6
30.4
31.0
34.2
39.7
35.4
39.5
33.6
35.8
36.4
38.6
34.0
36.4
32.3
33.9
37.9
38.7
33.8
30.1
39.6
32.8
36.7
39.0
37.5
34.3
37.5
32.1
37.1
36.2
30.7
36.9
32.8
36.0
33.5
34.7
36.9
30.3
36.6
34.2
31.6
36.8
32.6
33.1
38.4
36.8
32.8
31.6
32.7
34.9
30.2
35.6
33.2
30.6
31.3
37.2
32.3
39.6
35.8
30.3
31.2
37.2
35.0
30.9
37.6
31.4
32.2
33.6
35.5
30.5
38.9
35.5
40.0
30.4
36.7
39.5
33.7
32.2
34.6
38.4
32.0
34.0
30.2
36.4
34.5
31.7
37.7
30.7
33.2
33.8
36.1
36.6
33.7
37.0
35.8
39.0
33.5
34.9
35.7
36.1
33.7
33.7
38.9
33.2
36.5
36.9
33.9
35.6
36.3
34.4
33.0
33.6
38.9
38.4
39.0
35.6
36.2
39.4
36.9
31.3
38.5
39.0
31.4
39.3
39.4
38.9
37.7
36.5
35.0
37.7
30.7
36.5
31.0
30.7
36.3
31.8
33.0
39.1
34.9
37.1
33.2
30.6
32.0
37.9
36.6
34.7
33.9
36.2
32.6
32.0
35.1
37.7
31.4
39.5
31.9
37.3
36.8
32.4
37.2
30.9
31.7
39.9
38.8
32.9
37.4
31.7
32.0
37.7
32.3
36.4
37.9
30.2
32.5
31.8
37.2
38.2
39.0
33.6
38.3
31.6
34.8
33.2
35.7
37.1
32.8
38.2
36.1
32.5
31.4
39.1
32.4
31.5
33.0
30.1
35.5
35.9
39.5
37.8
32.0
33.0
39.6
39.8
32.6
35.0
33.7
30.7
32.1
37.7
36.2
36.9
38.9
34.3
34.2
31.9
32.4
38.2
31.2
31.2
30.3
31.7
30.9
37.0
32.0
30.8
32.2
30.9
35.9
33.1
30.3
36.2
39.5
30.5
35.5
35.3
30.7
33.8
34.1
38.1
31.6
31.2
35.7
36.8
38.7
30.4
31.5
36.7
31.9
33.9
35.6
38.2
32.1
34.4
31.5
37.6
38.8
36.3
34.9
39.9
39.7
37.1
37.0
30.7
34.8
30.1
36.6
36.9
39.0
30.9
31.2
35.1
37.6
32.9
33.2
38.7
31.1
37.2
37.8
30.2
38.9
32.5
39.5
32.6
33.7
30.3
34.9
32.6
35.2
37.7
33.4
38.3
35.0
33.5
37.0
33.6
38.6
34.6
32.3
38.3
37.6
32.1
33.9
38.4
36.6
39.6
35.0
30.8
36.5
38.5
37.4
37.7
33.2
38.9
37.6
39.8
39.7
39.5
37.6
35.7
33.8
37.7
30.6
34.0
34.6
30.1
35.9
32.8
39.1
38.6
39.7
34.0
36.0
38.6
31.4
37.7
32.2
34.6
30.3
31.1
36.8
35.2
30.1
30.3
35.0
39.1
32.7
30.5
34.2
32.5
32.2
32.2
30.3
37.5
33.4
35.3
34.9
32.9
37.0
36.9
35.5
36.2
36.5
32.4
33.4
37.3
38.4
34.9
31.4
38.5
33.3
35.4
36.9
36.9
35.5
33.4
32.7
33.2
38.7
32.1
37.7
38.9
39.5
37.8
39.6
39.2
35.2
31.7
37.5
34.3
35.4
39.1
35.5
34.9
34.0
35.6
36.3
31.5
32.4
30.2
32.6
32.4
32.6
33.6
33.1
34.2
38.0
35.2
37.4
39.4
32.7
33.9
34.9
30.9
30.4
32.3
34.6
33.5
31.7
34.4
34.0
31.2
33.6
33.0
35.1
31.1
37.8
32.5
30.8
34.4
35.4
37.1
37.1
37.0
38.9
30.7
35.4
31.2
33.1
39.2
38.6
38.8
30.8
35.2
31.7
37.5
30.2
33.3
33.4
36.3
33.8
33.5
32.6
37.4
35.0
32.5
35.1
32.6
38.5
37.8
38.5
32.3
34.5
39.9
38.1
32.0
38.8
36.8
36.3
33.1
39.9
38.5
33.5
34.1
34.2
30.1
39.9
38.5
30.9
39.6
36.4
31.4
35.0
31.5
32.2
35.2
38.0
34.7
32.7
31.3
31.0
38.6
39.7
34.5
38.7
32.1
38.0
32.3
33.7
37.9
30.6
35.8
38.4
36.3
30.2
37.9
31.9
30.3
37.2
35.7
34.1
39.2
33.6
35.4
30.7
34.1
36.9
32.6
38.9
37.7
30.2
32.8
35.3
32.5
32.7
38.7
39.6
38.1
30.3
36.9
31.7
34.9
35.7
37.1
35.8
38.8
31.2
38.1
35.9
33.6
32.9
37.5
34.3
33.3
31.4
30.8
37.4
37.0
38.4
37.0
33.5
34.4
34.7
31.7
30.1
30.1
34.1
39.3
38.9
38.9
37.2
30.7
39.9
32.0
33.1
35.8
37.8
37.0
33.2
31.8
33.1
31.2
34.1
32.1
32.3
31.6
32.8
37.3
36.1
37.2
36.9
36.8
30.5
30.9
30.1
35.6
39.5
31.3
37.1
32.8
36.6
34.5
39.5
37.4
32.4
38.6
38.7
37.8
39.4
33.0
32.8
37.0
38.5
31.7
37.1
36.4
38.9
32.5
37.1
37.7
37.9
38.9
38.9
32.0
32.1
31.7
35.3
34.7
33.6
34.1
34.9
39.9
31.2
32.1
39.2
34.1
33.3
32.7
34.6
37.1
31.0
30.8
35.2
31.3
37.3
39.8
38.4
38.7
39.6
39.6
36.8
35.2
35.9
30.7
37.2
30.0
37.3
31.2
39.9
31.2
33.0
34.0
32.5
37.1
30.8
31.0
35.8
35.0
30.6
35.8
33.6
33.0
37.3
33.0
39.2
32.1
37.3
37.7
35.2
35.5
36.5
33.4
37.1
32.4
40.0
36.7
39.7
35.6
38.4
37.3
34.6
30.6
35.6
38.9
36.3
33.4
31.7
39.3
31.6
37.5
37.3
35.5
30.3
39.7
37.5
34.1
35.7
35.9
36.1
36.7
34.1
30.2
35.4
33.6
37.2
32.0
39.9
38.3
36.5
33.6
30.6
33.1
37.6
36.7
31.3
31.1
37.2
38.3
31.9
39.9
34.7
38.3
37.5
38.4
30.2
30.5
32.5
35.2
30.6
36.3
37.5
34.2
37.1
37.6
37.5
39.4
32.2
30.4
38.0
37.9
37.1
35.7
38.9
35.1
32.7
32.7
31.5
37.0
34.4
37.2
35.4
38.7
39.3
31.8
34.1
30.6
34.7
32.9
38.6
38.1
33.9
34.4
34.3
34.0
36.8
30.9
36.0
31.6
31.0
40.0
32.7
34.8
33.5
38.6
38.1
31.9
33.3
31.3
31.5
31.9
39.7
34.0
39.9
32.3
32.2
38.5
33.9
39.5
32.6
31.7
39.3
39.5
32.2
30.1
39.1
37.6
40.0
34.6
37.8
32.6
37.6
37.3
32.3
30.9
35.1
31.5
31.5
34.6
37.4
33.7
31.3
37.1
32.0
37.6
35.7
39.8
30.6
38.0
38.4
38.8
34.0
39.2
34.1
39.3
31.9
34.9
32.3
39.9
31.3
35.3
33.5
34.0
37.7
37.7
32.3
31.4
37.9
38.5
32.2
36.7
31.9
37.5
32.1
30.4
38.1
37.2
38.2
37.3
37.1
30.5
35.4
35.8
31.4
32.1
39.4
30.3
37.4
30.1
32.0
32.3
37.6
36.8
36.3
35.4
38.1
32.1
32.8
34.0
37.7
30.8
33.6
34.9
35.5
39.2
32.7
32.2
31.0
35.2
37.1
36.3
37.5
36.9
31.1
39.5
35.7
33.9
30.2
39.8
36.3
33.0
38.4
33.6
33.0
38.3
31.4
33.7
36.7
35.4
32.2
36.2
31.6
32.9
33.2
37.1
36.3
34.5
36.5
39.9
36.0
35.2
33.6
32.0
37.3
31.3
39.9
32.1
38.0
30.4
36.0
36.1
36.1
39.1
36.8
35.2
32.2
32.1
36.9
30.2
31.6
35.9
33.7
35.8
36.7
39.6
38.0
37.8
36.8
37.3
31.3
30.1
34.4
38.8
37.4
35.2
36.4
37.7
34.0
34.6
39.9
34.9
34.7
38.7
38.3
35.8
35.3
32.5
35.6
33.6
36.2
38.9
30.0
35.3
31.9
31.5
34.7
31.7
31.0
33.5
37.6
32.4
36.8
32.9
35.7
39.9
32.3
36.0
36.2
39.2
32.9
32.0
35.6
33.2
37.4
34.1
34.4
36.6
33.7
30.7
30.6
34.9
30.3
31.5
38.5
30.2
31.5
38.1
34.7
32.0
36.7
32.2
37.4
31.7
37.4
36.6
34.6
37.2
38.3
31.7
37.3
32.9
35.0
32.7
32.1
39.8
34.3
33.9
38.0
35.8
30.3
30.1
35.5
34.3
37.2
37.3
37.5
32.1
38.6
31.5
33.1
39.2
34.5
37.7
38.9
36.3
32.0
34.7
33.6
33.6
39.4
30.9
39.9
37.9
37.9
36.2
30.2
32.0
31.0
34.1
39.2
37.7
36.6
33.7
39.5
31.1
32.9
37.5
38.1
37.2
34.2
39.6
38.4
32.5
34.9
32.1
39.6
32.3
34.4
35.5
30.6
37.7
38.9
37.1
31.3
39.4
30.3
33.3
34.4
39.2
30.9
31.9
35.4
38.9
37.4
34.4
35.9
39.2
35.4
32.4
34.5
32.5
32.6
30.4
38.2
35.1
36.2
35.0
34.0
37.5
30.6
32.4
35.1
35.7
35.9
36.7
32.8
38.0
39.5
31.7
39.3
33.0
38.7
33.6
35.3
35.9
31.8
31.1
38.2
36.9
33.9
38.2
35.0
30.6
35.2
30.5
33.3
33.1
36.2
33.8
30.0
33.0
38.0
32.1
34.0
34.4
34.6
37.3
35.8
36.6
38.8
34.3
31.9
31.2
33.4
39.9
32.4
35.7
36.8
37.0
39.8
35.5
34.1
35.0
39.3
30.7
35.6
36.4
30.4
38.3
31.2
35.2
32.2
32.2
31.3
35.4
37.1
36.6
30.0
38.1
35.2
33.2
30.0
38.6
31.7
33.4
38.5
31.9
35.2
31.1
38.8
30.3
31.8
32.9
33.5
34.7
39.6
30.9
33.7
30.5
37.5
36.5
30.9
33.0
35.7
35.8
31.9
34.0
37.8
33.7
38.8
33.4
35.8
36.7
37.4
35.9
38.3
35.8
35.3
30.8
34.3
36.6
30.8
30.1
30.1
33.1
39.5
36.0
32.0
31.6
38.4
39.6
35.6
37.2
37.8
39.4
33.7
34.9
39.1
31.0
34.2
31.5
35.9
32.1
31.4
37.6
32.8
33.5
39.6
30.4
38.7
38.6
38.1
30.4
30.5
39.9
32.1
38.7
30.7
39.3
35.0
35.2
33.5
31.5
34.5
35.4
33.9
31.1
36.9
39.0
39.8
39.1
37.9
37.4
37.2
36.5
39.2
39.9
35.9
38.3
39.4
34.3
34.9
30.9
31.1
35.5
30.5
36.4
35.4
39.0
36.7
31.3
36.7
36.5
32.3
36.8
38.4
39.3
32.0
31.8
33.6
38.7
35.1
35.0
37.2
31.4
34.3
31.5
31.2
32.8
36.6
36.0
35.5
36.9
37.0
40.0
38.2
38.5
38.8
37.0
36.3
35.7
34.0
35.5
39.7
33.6
33.4
30.9
31.4
30.5
32.2
34.2
35.2
34.0
32.7
31.0
36.9
35.6
30.1
32.6
38.0
34.1
30.4
35.4
30.8
36.1
39.1
32.6
38.0
35.5
32.4
34.2
33.3
32.8
38.8
30.3
34.0
35.9
38.1
37.4
38.3
39.1
30.3
38.3
36.9
34.6
33.4
34.3
35.6
36.8
36.4
39.1
33.5
36.5
34.9
31.4
39.8
30.8
31.4
36.2
30.2
36.2
34.5
38.6
36.5
39.1
31.8
38.5
36.7
36.3
32.9
34.1
33.9
30.9
36.0
33.5
30.4
33.9
38.6
32.9
31.4
39.8
34.0
34.7
32.9
37.1
38.9
33.2
39.1
31.3
37.8
36.9
31.3
38.1
39.6
30.8
37.6
33.9
37.7
35.4
34.4
37.7
33.1
35.2
32.7
39.4
38.8
35.9
36.3
37.9
34.1
36.5
31.2
33.7
31.6
35.0
34.9
36.8
30.4
30.6
33.6
39.3
39.5
32.1
37.2
31.5
31.5
31.8
32.0
31.5
38.3
33.9
30.3
35.2
37.5
35.2
36.2
36.0
38.8
34.5
31.1
39.6
30.6
37.7
30.1
33.6
37.3
32.3
32.0
30.9
37.2
35.2
33.7
34.1
33.3
39.6
36.2
32.9
31.5
31.5
37.3
37.1
30.1
30.9
31.5
38.8
32.7
32.6
37.4
37.3
37.9
32.8
37.0
38.0
32.8
30.3
39.0
39.3
34.9
32.2
36.9
38.0
32.0
38.4
34.7
38.3
35.9
35.4
36.9
33.0
37.6
31.0
31.1
39.3
31.5
30.9
34.9
39.4
38.7
39.0
35.2
35.0
36.5
39.6
38.0
35.7
31.5
33.1
39.7
33.4
34.6
37.7
37.5
34.4
32.2
33.3
35.0
34.5
32.8
39.4
33.5
31.3
32.1
37.0
35.0
39.5
31.4
37.5
39.9
38.2
31.5
33.1
37.5
31.3
33.2
33.3
30.7
34.7
35.3
35.6
31.9
30.3
30.5
32.5
33.4
32.3
37.4
31.9
39.6
31.6
39.9
34.4
34.7
33.8
33.8
30.4
31.3
35.5
35.0
33.2
37.0
35.0
30.8
36.7
30.6
34.7
32.1
36.8
38.2
37.2
33.9
33.6
31.9
33.7
37.5
31.4
31.3
36.6
30.3
38.4
37.1
39.4
32.6
39.5
32.2
36.4
31.2
38.1
30.8
39.2
33.6
35.9
38.7
33.8
33.1
37.1
33.1
39.3
32.1
36.0
36.1
34.8
38.1
36.8
33.6
32.3
32.4
32.8
35.8
34.5
36.2
38.4
34.7
30.9
37.5
37.5
37.9
33.0
32.9
36.0
35.0
37.4
35.4
33.6
35.5
34.1
30.7
35.3
35.1
38.4
34.8
34.0
39.5
40.0
38.1
31.3
33.7
35.9
35.0
32.6
34.6
39.8
32.2
31.3
39.0
35.8
30.5
39.2
32.1
31.6
31.9
38.7
33.2
35.6
39.3
34.4
32.9
32.1
31.2
33.1
39.4
37.4
39.0
32.2
34.0
34.6
34.6
37.2
35.0
30.1
30.2
34.0
34.1
40.0
37.6
34.0
30.0
39.7
33.8
37.2
31.6
39.9
38.5
31.2
39.7
37.9
36.5
31.3
35.8
39.3
38.6
35.0
38.7
35.4
34.8
37.9
37.6
31.3
32.6
37.9
36.0
32.0
30.1
33.0
37.8
36.4
40.0
34.3
31.7
37.6
39.0
34.0
39.7
30.3
32.7
33.5
32.3
31.8
32.5
39.1
32.1
33.4
38.1
32.8
38.8
35.6
31.1
35.2
33.1
38.6
34.3
31.0
39.7
31.8
30.3
33.9
32.4
35.6
30.9
37.6
30.2
35.6
37.3
32.3
33.8
36.3
35.3
30.8
34.1
33.4
33.5
33.6
39.8
35.5
36.3
33.7
39.3
31.7
36.2
35.0
37.5
39.2
32.1
38.5
31.9
36.9
33.4
35.0
34.9
34.6
35.2
34.8
33.7
32.1
37.9
34.3
32.1
37.8
30.9
32.6
36.0
35.8
32.2
38.1
35.6
39.6
36.5
38.0
31.8
37.9
38.5
31.9
36.1
30.1
38.1
38.5
31.1
38.7
30.3
30.7
32.2
31.1
33.1
39.7
33.1
31.8
32.0
39.7
35.0
31.6
30.7
39.9
36.0
30.9
38.6
35.2
33.9
38.0
33.8
38.2
38.2
38.3
37.0
30.2
38.4
39.8
36.6
35.7
30.9
39.8
34.8
35.3
39.2
33.8
36.1
35.7
34.6
32.3
34.5
39.8
35.8
33.9
30.5
31.8
31.9
31.8
33.1
36.7
30.6
35.1
33.9
35.7
39.8
39.0
39.1
36.2
34.7
36.6
37.5
33.6
39.2
34.4
32.0
37.7
34.9
30.1
31.2
33.4
36.8
31.0
39.7
36.8
32.1
38.1
37.3
38.5
30.0
39.7
34.2
33.4
35.1
36.9
38.7
36.9
34.2
30.6
39.3
35.2
36.7
34.7
39.4
35.0
39.9
34.8
38.3
39.2
35.9
38.3
39.5
39.2
39.9
34.1
32.7
35.0
31.7
32.0
34.9
38.4
36.6
38.9
37.7
33.5
33.9
38.7
32.6
33.3
34.4
37.4
33.9
32.6
35.8
32.7
34.4
30.8
33.5
36.3
37.4
32.8
34.4
32.5
33.2
30.4
36.4
32.5
37.7
32.4
35.0
36.0
30.1
37.2
36.8
37.5
36.1
33.1
32.3
36.2
33.3
30.3
34.4
38.1
32.8
38.7
30.3
39.7
35.2
33.7
35.3
32.0
35.3
39.2
35.8
31.9
36.1
32.5
36.0
33.0
37.4
30.4
39.2
38.1
30.3
32.2
32.1
39.7
38.8
30.9
30.0
38.8
32.2
38.1
37.1
38.4
33.1
30.5
37.4
31.4
33.6
32.3
35.3
36.3
34.3
32.0
32.9
33.9
32.8
34.3
36.9
40.0
39.5
33.9
34.3
30.4
32.2
38.6
31.4
34.9
38.2
35.7
34.7
31.1
35.9
37.8
37.1
37.6
32.8
38.2
30.5
30.9
31.8
34.9
30.4
38.0
31.1
38.7
33.3
33.9
39.8
32.6
38.8
34.8
36.3
32.0
32.0
32.4
38.3
34.3
32.6
32.1
33.2
38.6
33.7
37.1
34.7
35.9
38.6
30.2
38.1
33.4
37.6
36.4
31.8
30.3
37.6
30.3
34.0
35.3
33.3
37.6
30.6
30.9
38.5
37.0
36.8
31.2
31.6
31.8
38.8
34.0
30.9
32.2
31.1
31.9
34.6
33.6
36.4
35.2
33.0
36.7
37.0
39.7
39.1
32.5
34.1
35.0
30.1
39.2
35.1
39.8
34.9
30.7
30.4
38.0
34.0
36.4
31.2
30.3
34.3
30.4
30.4
34.6
32.0
35.4
36.5
34.4
37.3
35.1
32.0
30.1
32.5
38.4
33.5
32.1
39.3
33.3
32.8
36.8
38.7
38.8
36.2
34.8
35.1
36.1
31.9
38.7
35.5
38.2
32.4
36.6
33.9
39.9
32.5
39.5
34.3
37.4
33.3
36.2
38.3
39.5
39.9
38.9
35.5
36.6
39.0
40.0
35.9
30.2
40.0
39.7
30.3
36.3
33.7
30.1
37.1
33.4
34.2
36.2
30.5
37.4
31.6
38.3
36.5
39.0
36.1
36.0
36.2
33.8
32.2
39.6
38.2
31.7
32.5
38.5
34.0
32.6
30.0
32.4
34.4
36.4
31.2
33.5
38.1
38.4
38.0
36.8
32.1
31.6
31.2
38.7
36.3
33.6
30.9
39.8
33.3
30.2
31.3
30.8
39.5
31.4
30.4
40.0
38.5
39.3
31.3
39.1
33.0
38.7
37.8
30.3
32.4
39.7
39.1
33.5
35.3
37.1
32.2
35.2
34.4
38.2
36.0
38.8
35.9
35.3
37.5
32.7
37.2
36.4
33.3
35.3
31.0
38.6
35.4
34.9
38.6
31.9
35.2
31.4
39.3
38.5
35.9
38.7
31.0
33.4
38.7
33.7
34.7
34.2
35.3
35.3
37.2
33.4
33.4
30.4
30.5
35.1
35.8
37.3
38.5
36.2
38.4
32.6
35.0
33.9
36.8
33.4
38.2
37.6
35.1
32.8
37.4
38.8
38.5
37.4
35.1
31.4
32.6
34.1
32.9
32.4
33.3
34.4
38.5
36.0
33.6
37.8
36.0
38.0
39.3
33.7
33.3
35.1
38.6
35.1
37.1
36.6
34.5
37.8
33.0
37.7
34.5
35.0
34.9
33.7
38.7
33.7
38.8
31.2
32.2
34.5
38.5
37.4
38.1
32.5
36.0
36.2
30.2
30.6
32.9
33.3
33.6
39.8
35.5
33.1
36.9
34.2
39.0
39.2
38.5
31.1
34.3
32.0
35.6
37.9
36.6
34.9
31.5
33.6
32.2
39.0
39.3
37.8
34.3
32.6
37.3
30.2
33.0
37.8
39.1
39.9
34.9
36.8
34.0
32.0
30.6
32.8
33.7
31.1
36.3
32.8
35.0
39.3
38.2
30.6
32.8
33.6
35.6
37.9
33.5
36.2
33.4
38.3
39.2
38.0
39.6
34.2
35.6
39.7
32.1
33.7
39.7
36.6
37.0
38.6
34.1
35.1
35.6
37.8
33.6
30.1
39.9
37.4
30.9
35.0
37.6
30.5
32.0
34.7
33.7
33.3
34.7
33.2
31.6
36.3
35.8
35.8
32.2
35.6
38.9
37.8
36.2
39.7
38.7
36.7
34.2
35.2
39.6
38.8
39.8
35.5
36.5
30.2
30.9
33.7
37.9
35.5
36.0
30.9
33.7
32.0
30.4
34.1
30.5
36.1
31.9
36.8
32.4
32.2
35.7
32.4
35.9
31.8
30.0
36.7
32.4
35.6
34.5
31.7
36.5
39.5
35.6
36.1
35.3
32.8
39.4
35.2
37.5
34.1
34.5
34.0
37.5
32.7
38.4
31.4
30.1
32.3
35.1
30.9
32.9
37.4
34.0
32.9
32.8
37.3
34.1
32.7
30.3
34.6
35.6
37.7
37.6
37.6
36.0
34.3
32.4
35.9
36.5
35.2
36.8
35.5
34.4
38.5
32.7
35.7
33.1
35.3
36.6
33.1
39.5
33.8
36.1
39.8
35.7
37.0
32.5
38.1
33.3
34.4
33.1
31.4
36.2
30.1
31.5
33.8
37.9
37.6
38.5
39.4
38.1
32.7
39.6
33.9
34.2
40.0
35.2
39.6
31.2
39.9
31.8
31.4
37.8
31.5
36.6
36.5
39.7
36.5
32.7
35.6
31.4
39.0
32.3
32.1
34.9
35.6
32.7
39.8
36.8
30.6
35.1
34.9
33.0
38.8
35.2
33.3
35.0
30.5
32.7
33.3
35.8
36.9
39.1
33.3
37.8
36.6
36.5
36.7
37.9
33.7
38.0
35.0
35.6
30.0
38.9
33.4
38.5
31.3
34.0
37.5
36.5
32.6
32.6
36.0
32.1
34.1
32.2
34.7
33.7
31.1
39.6
33.6
38.8
38.0
31.8
30.6
31.5
39.8
35.1
34.4
34.6
31.0
33.7
30.5
33.3
36.3
30.9
39.7
33.5
39.4
30.2
33.4
33.7
31.0
32.2
38.8
35.5
30.5
30.9
32.6
31.9
31.9
31.9
35.6
38.7
34.8
34.2
37.1
32.0
38.5
36.7
36.9
30.5
32.8
32.1
35.5
30.0
30.4
39.8
38.0
36.2
30.8
38.2
30.4
33.6
31.3
30.8
32.7
34.6
38.4
37.8
39.2
35.8
37.7
33.6
36.0
33.3
31.3
30.2
31.8
36.2
34.3
39.6
38.0
32.2
39.0
35.0
31.9
33.1
38.7
36.3
34.8
39.0
37.2
31.2
30.4
30.8
36.0
31.5
38.9
31.4
34.0
35.9
32.9
38.0
32.0
34.6
32.8
34.5
39.7
31.5
32.8
30.8
31.3
32.8
38.0
31.8
34.2
33.5
38.6
31.8
32.0
30.9
34.1
33.6
35.1
34.2
31.5
34.5
33.3
31.5
34.6
31.4
30.5
32.4
36.3
34.7
30.6
34.5
33.1
30.1
38.9
33.6
37.5
38.4
36.9
34.4
34.9
34.3
30.0
34.6
30.8
30.7
31.8
37.0
30.9
33.8
38.7
36.0
38.1
39.7
33.6
38.0
35.7
32.3
37.0
32.3
36.3
33.7
35.3
37.3
37.0
39.7
38.7
34.2
34.7
30.6
34.4
33.0
31.5
31.1
35.3
30.3
32.7
34.0
32.7
37.5
37.8
36.3
36.8
37.4
35.7
31.4
30.3
30.7
37.7
39.1
33.2
33.0
35.0
37.8
31.0
36.1
31.9
33.9
33.7
32.5
39.8
32.0
32.4
33.2
37.1
33.7
33.0
34.7
38.7
30.0
38.2
39.0
31.2
37.7
32.6
34.5
34.5
36.4
31.5
37.9
30.1
39.7
32.7
30.6
38.2
33.4
37.0
36.2
35.5
36.8
38.0
38.6
39.2
36.3
35.7
34.7
34.5
38.4
35.4
33.8
31.1
33.8
34.4
30.4
36.0
34.9
37.4
39.7
37.7
32.4
37.6
30.7
30.6
33.5
33.6
38.3
30.8
33.8
37.7
31.9
37.2
30.7
35.9
40.0
33.8
36.4
30.3
36.0
38.2
37.2
30.4
33.5
37.2
36.3
39.3
38.7
38.3
39.8
33.3
32.0
38.4
34.7
36.6
38.5
39.9
38.7
30.1
32.6
31.8
30.1
35.4
36.5
34.3
36.5
37.2
34.5
35.8
38.2
34.1
37.6
39.8
38.3
36.6
37.9
38.2
30.6
35.6
35.1
38.7
37.4
30.3
36.1
39.4
32.2
38.4
35.9
30.7
32.8
35.7
38.1
30.7
34.7
30.5
32.0
31.4
36.9
36.7
35.3
33.4
38.4
36.7
36.9
34.6
38.2
38.5
37.8
30.8
36.7
34.6
37.0
35.1
38.8
31.0
35.6
34.3
36.6
37.4
39.1
33.1
30.3
34.9
32.0
33.2
35.9
33.9
38.0
36.9
39.9
38.2
31.5
33.5
38.2
38.4
39.7
33.7
32.4
39.3
38.3
39.3
36.6
38.0
37.3
37.8
36.1
33.5
30.5
33.6
34.2
37.5
38.8
37.2
34.2
34.7
33.6
31.2
31.3
31.1
37.3
32.6
34.5
39.8
35.0
36.1
33.7
39.8
39.3
36.7
39.5
36.5
33.1
35.4
33.7
36.0
35.9
37.5
31.8
31.4
30.4
30.8
32.0
37.0
38.9
34.3
35.8
31.5
38.1
31.1
30.9
34.2
35.9
31.9
33.7
36.8
32.1
30.8
37.6
34.8
32.2
33.2
33.9
31.3
38.0
37.2
34.8
32.3
33.3
33.3
34.2
31.7
31.4
36.8
37.8
39.6
32.5
35.0
31.1
35.6
34.0
38.5
35.9
32.9
33.7
34.5
35.7
31.7
31.3
35.8
30.8
36.4
35.1
33.4
39.3
37.9
35.7
32.8
37.2
38.4
33.7
37.6
36.5
33.2
39.7
36.9
34.9
34.8
38.5
30.8
33.0
30.7
31.3
33.0
33.0
33.2
33.5
35.0
37.0
30.7
33.3
33.5
38.6
31.4
39.7
31.6
36.2
35.2
37.3
31.9
35.9
38.5
34.5
33.5
34.2
38.8
32.6
32.0
31.0
35.4
38.9
37.9
39.8
38.1
35.4
33.2
34.0
37.6
32.3
39.2
36.4
32.7
38.0
30.6
37.2
30.2
31.5
34.9
37.5
34.7
36.2
33.5
38.4
31.5
39.2
30.0
38.5
38.0
35.0
38.8
36.1
36.1
39.4
36.4
32.1
31.6
38.5
36.3
32.5
34.5
39.5
32.1
33.1
35.0
36.3
31.0
33.2
35.0
38.6
33.0
33.7
30.5
30.9
39.8
34.1
38.4
38.8
31.6
31.9
38.3
33.3
33.2
34.2
31.6
39.1
39.6
38.3
33.4
32.5
33.9
37.1
31.7
36.6
35.7
30.0
38.4
30.8
34.4
36.7
32.3
33.8
39.1
39.2
38.0
39.3
38.3
32.6
36.9
37.2
30.5
30.5
37.9
39.3
35.3
39.9
30.5
35.8
37.7
31.1
31.9
31.3
32.6
37.6
30.9
31.8
39.1
31.7
36.3
34.9
34.0
33.8
30.4
36.1
34.4
36.6
30.9
37.3
39.1
32.7
31.9
36.7
34.3
33.6
38.0
31.4
33.4
39.4
38.0
30.7
39.0
37.0
38.8
35.5
34.4
36.1
36.7
37.3
35.5
35.7
37.0
31.8
38.0
35.9
31.7
38.1
38.6
36.4
31.0
32.8
35.7
39.1
32.7
31.1
31.1
30.1
30.8
38.2
39.6
36.9
34.0
35.8
31.9
31.2
38.5
34.1
31.5
39.1
38.3
38.2
30.3
34.5
38.9
31.5
36.2
35.1
33.0
33.1
36.2
35.0
39.6
33.9
33.6
33.0
30.7
35.4
34.6
39.4
36.0
32.5
33.9
38.9
33.3
36.1
31.0
34.2
39.6
36.9
35.8
40.0
39.7
31.9
31.5
31.1
36.5
38.9
31.0
30.6
33.1
31.4
31.0
34.0
38.8
37.7
38.9
32.4
31.8
32.5
37.2
30.1
31.3
38.8
38.8
39.2
33.9
39.4
34.8
30.8
32.4
37.8
30.1
31.4
32.5
38.4
37.6
32.5
32.4
34.2
38.0
38.1
34.7
30.3
37.7
36.2
37.3
36.5
36.3
36.6
35.9
35.4
36.4
39.1
34.3
34.0
34.7
30.5
35.4
38.8
38.7
34.9
31.3
30.4
36.5
31.8
32.9
36.9
30.2
38.3
37.0
38.8
33.7
30.7
36.9
38.1
37.5
37.1
34.9
39.2
32.8
34.6
39.7
33.4
31.8
33.5
38.9
34.4
38.1
39.9
35.9
32.1
31.8
40.0
34.3
37.2
37.5
37.1
35.8
33.2
